sample_id	x	y	cell_type	niche_label
TONIC_TMA15_R10C1	290.64331210191085	313.56050955414014	segmented_cell	cancer_core
TONIC_TMA15_R10C1	1481.536842105263	1357.8631578947368	segmented_cell	cancer_border
TONIC_TMA15_R10C1	958.756862745098	35.4078431372549	segmented_cell	cancer_core
TONIC_TMA15_R10C1	670.09375	5.046875	segmented_cell	cancer_core
TONIC_TMA15_R10C1	1900.382151029748	1731.027459954233	segmented_cell	cancer_core
TONIC_TMA15_R10C1	197.5237556561086	913.3076923076924	segmented_cell	cancer_core
TONIC_TMA15_R10C1	1080.48178807947	1100.0513245033112	segmented_cell	cancer_core
TONIC_TMA15_R10C1	1557.0289575289576	968.8455598455598	segmented_cell	cancer_core
TONIC_TMA15_R10C1	62.10590015128593	1766.1558245083206	segmented_cell	cancer_core
TONIC_TMA15_R10C1	1450.7297297297298	542.8091216216217	segmented_cell	cancer_core
TONIC_TMA15_R10C1	1179.44	1103.056	segmented_cell	cancer_core
TONIC_TMA15_R10C1	1097.3064066852369	243.12534818941504	segmented_cell	cancer_border
TONIC_TMA15_R10C1	1567.1646706586826	1631.170658682635	segmented_cell	cancer_core
TONIC_TMA15_R10C1	1906.593023255814	184.34883720930236	segmented_cell	cancer_core
TONIC_TMA15_R10C1	784.6498316498316	610.7407407407408	segmented_cell	cancer_core
TONIC_TMA15_R10C1	165.5776397515528	546.3217391304348	segmented_cell	cancer_core
TONIC_TMA15_R10C1	748.1123287671232	2011.3972602739725	segmented_cell	cancer_core
TONIC_TMA15_R10C1	485.0897435897436	1551.4923076923078	segmented_cell	cancer_core
TONIC_TMA15_R10C1	82.62409638554217	1621.4469879518072	segmented_cell	cancer_core
TONIC_TMA15_R10C1	280.697247706422	567.8348623853211	segmented_cell	cancer_core
TONIC_TMA15_R10C1	886.8480300187617	929.3020637898686	segmented_cell	cancer_core
TONIC_TMA15_R10C1	818.7102272727273	1419.8977272727273	segmented_cell	cancer_core
TONIC_TMA15_R10C1	1288.428571428571	1846.649595687332	segmented_cell	cancer_core
TONIC_TMA15_R10C1	1914.785619174434	1317.2743009320905	segmented_cell	cancer_core
TONIC_TMA15_R10C1	892.1353965183753	2037.239845261122	segmented_cell	cancer_core
TONIC_TMA15_R10C1	221.55458515283843	835.5480349344978	segmented_cell	cancer_core
TONIC_TMA15_R10C1	10.514950166112955	160.1046511627907	segmented_cell	cancer_core
TONIC_TMA15_R10C1	937.0836879432624	434.622695035461	segmented_cell	cancer_border
TONIC_TMA15_R10C1	1738.7416481069042	869.0133630289532	segmented_cell	cancer_core
TONIC_TMA15_R10C1	1883.7535853976533	1040.9973924380704	segmented_cell	cancer_core
TONIC_TMA15_R10C1	1915.766265060241	581.9710843373495	segmented_cell	cancer_core
TONIC_TMA15_R10C1	221.48387096774192	911.6751152073732	segmented_cell	cancer_core
TONIC_TMA15_R10C1	999.7863372093024	142.6671511627907	segmented_cell	cancer_core
TONIC_TMA15_R10C1	1630.091976516634	2014.521852576647	segmented_cell	cancer_border
TONIC_TMA15_R10C1	395.473604826546	354.03770739064856	segmented_cell	cancer_core
TONIC_TMA15_R10C1	788.2521367521367	1845.0534188034187	segmented_cell	cancer_core
TONIC_TMA15_R10C1	1988.9338624338625	917.2010582010582	segmented_cell	cancer_core
TONIC_TMA15_R10C1	1320.7633674630265	1279.627986348123	segmented_cell	cancer_border
TONIC_TMA15_R10C1	1301.297342192691	647.3338870431894	segmented_cell	cancer_core
TONIC_TMA15_R10C1	476.2610441767068	1361.566265060241	segmented_cell	cancer_core
TONIC_TMA15_R10C1	1366.1223628691982	796.0506329113924	segmented_cell	cancer_core
TONIC_TMA15_R10C1	128.77894736842106	1114.957894736842	segmented_cell	cancer_core
TONIC_TMA15_R10C1	601.9129321382843	908.6952624839948	segmented_cell	cancer_core
TONIC_TMA15_R10C1	1262.6019417475727	1813.5009708737864	segmented_cell	cancer_core
TONIC_TMA15_R10C1	825.8126984126984	373.5031746031746	segmented_cell	cancer_core
TONIC_TMA15_R10C1	786.6765734265734	1699.8216783216783	segmented_cell	cancer_core
TONIC_TMA15_R10C1	1082.6473880597016	731.5690298507462	segmented_cell	cancer_core
TONIC_TMA15_R10C1	149.01052631578946	524.218045112782	segmented_cell	cancer_core
TONIC_TMA15_R10C1	1221.8210227272727	665.7556818181819	segmented_cell	cancer_core
TONIC_TMA15_R10C1	1610.095588235294	627.3602941176471	segmented_cell	cancer_core
TONIC_TMA15_R10C1	211.9317647058824	1042.6717647058824	segmented_cell	cancer_core
TONIC_TMA15_R10C1	927.3425253991292	901.5907111756168	segmented_cell	cancer_core
TONIC_TMA15_R10C1	1677.3508771929824	379.5438596491228	segmented_cell	cancer_core
TONIC_TMA15_R10C1	1139.2133027522937	1743.8004587155965	segmented_cell	cancer_core
TONIC_TMA15_R10C1	941.6604938271604	1314.0956790123455	segmented_cell	cancer_core
TONIC_TMA15_R10C1	1169.9154929577464	1092.5387323943662	segmented_cell	cancer_core
TONIC_TMA15_R10C1	641.7783783783784	144.19189189189188	segmented_cell	cancer_core
TONIC_TMA15_R10C1	859.179746835443	1889.3848101265824	segmented_cell	cancer_core
TONIC_TMA15_R10C1	868.2083333333334	694.1354166666666	segmented_cell	cancer_core
TONIC_TMA15_R10C1	1338.1918429003022	405.2537764350453	segmented_cell	cancer_core
TONIC_TMA15_R10C1	899.843544857768	687.0667396061269	segmented_cell	cancer_core
TONIC_TMA15_R10C1	1299.4927140255008	1140.7622950819673	segmented_cell	cancer_core
TONIC_TMA15_R10C1	1982.6605839416056	248.77007299270076	segmented_cell	cancer_core
TONIC_TMA15_R10C1	88.03720238095238	1067.4568452380952	segmented_cell	cancer_core
TONIC_TMA15_R10C1	1405.109126984127	838.7619047619048	segmented_cell	cancer_core
TONIC_TMA15_R10C1	1283.3652482269504	1584.6170212765958	segmented_cell	cancer_core
TONIC_TMA15_R10C1	706.2563176895306	1740.6317689530686	segmented_cell	cancer_core
TONIC_TMA15_R10C1	205.74173806609548	410.4810281517748	segmented_cell	cancer_core
TONIC_TMA15_R10C1	2001.937762825904	1436.811606391926	segmented_cell	cancer_core
TONIC_TMA15_R10C1	1139.92936802974	438.2193308550186	segmented_cell	cancer_core
TONIC_TMA15_R10C1	1202.2521367521367	1432.207264957265	segmented_cell	cancer_core
TONIC_TMA15_R10C1	326.5422740524781	1468.0291545189505	segmented_cell	cancer_core
TONIC_TMA15_R10C1	1148.9588014981273	1715.702247191011	segmented_cell	cancer_core
TONIC_TMA15_R10C1	599.4096385542168	1890.4819277108436	segmented_cell	cancer_core
TONIC_TMA15_R10C1	1988.7120622568093	473.44357976653697	segmented_cell	cancer_core
TONIC_TMA15_R10C1	1518.1589205397302	1728.5172413793102	segmented_cell	cancer_border
TONIC_TMA15_R10C1	1712.2296650717703	47.65071770334928	segmented_cell	cancer_core
TONIC_TMA15_R10C1	1656.5543710021325	1400.684434968017	segmented_cell	cancer_core
TONIC_TMA15_R10C1	170.1889168765743	797.5390428211587	segmented_cell	cancer_core
TONIC_TMA15_R10C1	1374.0550397877985	592.695623342175	segmented_cell	cancer_core
TONIC_TMA15_R10C1	368.3686274509804	1236.921568627451	segmented_cell	cancer_core
TONIC_TMA15_R10C1	1248.8140161725066	358.3962264150944	segmented_cell	cancer_core
TONIC_TMA15_R10C1	324.1006825938567	754.2986348122867	segmented_cell	cancer_core
TONIC_TMA15_R10C1	916.3275109170306	860.9868995633187	segmented_cell	cancer_core
TONIC_TMA15_R10C1	1190.398753894081	1515.5856697819315	segmented_cell	cancer_core
TONIC_TMA15_R10C1	1543.011182108626	571.9185303514377	segmented_cell	cancer_core
TONIC_TMA15_R10C1	918.4810810810812	647.5189189189189	segmented_cell	cancer_core
TONIC_TMA15_R10C1	976.3925686591276	49.62197092084006	segmented_cell	cancer_core
TONIC_TMA15_R10C1	1925.8860103626944	836.8341968911917	segmented_cell	cancer_core
TONIC_TMA15_R10C1	786.3587786259542	199.2381679389313	segmented_cell	cancer_core
TONIC_TMA15_R10C1	119.8849840255591	1827.6309904153356	segmented_cell	cancer_core
TONIC_TMA15_R10C1	1520.5521821631878	988.4573055028465	segmented_cell	cancer_core
TONIC_TMA15_R10C1	260.51960784313724	1116.5245098039215	segmented_cell	cancer_core
TONIC_TMA15_R10C1	888.1904761904761	1595.8644688644688	segmented_cell	cancer_core
TONIC_TMA15_R10C1	315.32822477650063	1440.1162196679438	segmented_cell	cancer_core
TONIC_TMA15_R10C1	387.81951219512194	1417.0439024390244	segmented_cell	cancer_core
TONIC_TMA15_R10C1	418.4940476190476	1213.46626984127	segmented_cell	cancer_core
TONIC_TMA15_R10C1	751.8650793650794	1495.8968253968253	segmented_cell	cancer_core
TONIC_TMA15_R10C1	717.4896421845574	783.3182674199624	segmented_cell	cancer_core
TONIC_TMA15_R10C1	58.526315789473685	901.0723684210526	segmented_cell	cancer_core
TONIC_TMA15_R10C1	650.7402985074627	729.2656716417911	segmented_cell	cancer_core
TONIC_TMA15_R10C1	1274.7522236340533	439.9606099110546	segmented_cell	cancer_core
TONIC_TMA15_R10C1	635.7725752508361	1527.1270903010034	segmented_cell	cancer_core
TONIC_TMA15_R10C1	502.0198300283286	150.3512747875354	segmented_cell	cancer_core
TONIC_TMA15_R10C1	1376.738738738739	161.53153153153153	segmented_cell	cancer_core
TONIC_TMA15_R10C1	768.7560975609756	1209.2621951219512	segmented_cell	cancer_core
TONIC_TMA15_R10C1	651.2794561933534	466.89728096676737	segmented_cell	cancer_core
TONIC_TMA15_R10C1	1667.9171483622351	214.53179190751445	segmented_cell	cancer_core
TONIC_TMA15_R10C1	1575.6763787721125	1387.1540062434965	segmented_cell	cancer_core
TONIC_TMA15_R10C1	97.72239422084624	1005.3560371517028	segmented_cell	cancer_core
TONIC_TMA15_R10C1	1270.3102189781025	1125.8302919708028	segmented_cell	cancer_core
TONIC_TMA15_R10C1	1117.3409586056646	769.843137254902	segmented_cell	cancer_core
TONIC_TMA15_R10C1	1536.656880733945	1899.4091743119263	segmented_cell	cancer_border
TONIC_TMA15_R10C1	1199.1492537313434	356.71268656716416	segmented_cell	cancer_core
TONIC_TMA15_R10C1	742.1449893390192	1691.496801705757	segmented_cell	cancer_core
TONIC_TMA15_R10C1	1703.2057044079515	1510.9887640449438	segmented_cell	cancer_core
TONIC_TMA15_R10C1	1538.1670951156811	244.77377892030847	segmented_cell	cancer_core
TONIC_TMA15_R10C1	440.2361809045226	1396.951423785595	segmented_cell	cancer_core
TONIC_TMA15_R10C1	1182.875647668394	796.6010362694301	segmented_cell	cancer_core
TONIC_TMA15_R10C1	1407.1816037735848	1739.9174528301887	segmented_cell	cancer_core
TONIC_TMA15_R10C1	1038.9402985074628	129.08955223880596	segmented_cell	cancer_core
TONIC_TMA15_R10C1	55.38607594936709	299.4759493670886	segmented_cell	cancer_core
TONIC_TMA15_R10C1	889.3761904761905	1617.7095238095235	segmented_cell	cancer_core
TONIC_TMA15_R10C1	465.478431372549	1875.878431372549	segmented_cell	cancer_core
TONIC_TMA15_R10C1	670.3564356435644	865.3498349834983	segmented_cell	cancer_core
TONIC_TMA15_R10C1	1904.915404040404	1463.3131313131314	segmented_cell	cancer_core
TONIC_TMA15_R10C1	1810.2205607476635	165.02056074766355	segmented_cell	cancer_core
TONIC_TMA15_R10C1	1721.888888888889	858.9629629629629	segmented_cell	cancer_core
TONIC_TMA15_R10C1	1922.9396267837544	954.6937431394072	segmented_cell	cancer_core
TONIC_TMA15_R10C1	1589.0122448979591	486.0	segmented_cell	cancer_core
TONIC_TMA15_R10C1	933.8133333333334	1932.6866666666667	segmented_cell	cancer_core
TONIC_TMA15_R10C1	1227.8195488721803	691.3984962406015	segmented_cell	cancer_core
TONIC_TMA15_R10C1	968.1865443425075	1504.308868501529	segmented_cell	cancer_core
TONIC_TMA15_R10C1	1755.168765743073	677.3123425692695	segmented_cell	cancer_core
TONIC_TMA15_R10C1	219.2072368421053	872.5625	segmented_cell	cancer_core
TONIC_TMA15_R10C1	1445.5135542168675	1284.4036144578313	segmented_cell	cancer_core
TONIC_TMA15_R10C1	1398.81993896236	1841.437436419125	segmented_cell	cancer_core
TONIC_TMA15_R10C1	1917.3989898989896	1342.6818181818182	segmented_cell	cancer_core
TONIC_TMA15_R10C1	1104.3975	93.2275	segmented_cell	cancer_core
TONIC_TMA15_R10C1	852.055	141.545	segmented_cell	cancer_border
TONIC_TMA15_R10C1	536.2666666666667	255.85454545454544	segmented_cell	cancer_core
TONIC_TMA15_R10C1	1032.215	547.305	segmented_cell	cancer_core
TONIC_TMA15_R10C1	197.5185185185185	1262.4666666666667	segmented_cell	cancer_core
TONIC_TMA15_R10C1	878.0723514211886	1898.640826873385	segmented_cell	cancer_core
TONIC_TMA15_R10C1	292.367816091954	1831.8994252873565	segmented_cell	cancer_core
TONIC_TMA15_R10C1	746.0785714285714	321.9321428571429	segmented_cell	cancer_core
TONIC_TMA15_R10C1	469.9237410071942	1970.9697841726615	segmented_cell	cancer_core
TONIC_TMA15_R10C1	1413.042372881356	137.05084745762713	segmented_cell	cancer_core
TONIC_TMA15_R10C1	324.32947976878614	268.5780346820809	segmented_cell	cancer_core
TONIC_TMA15_R10C1	976.5797468354432	259.5189873417722	segmented_cell	cancer_border
TONIC_TMA15_R10C1	911.220930232558	520.6511627906976	segmented_cell	cancer_core
TONIC_TMA15_R10C1	590.8624338624338	1186.94708994709	segmented_cell	cancer_core
TONIC_TMA15_R10C1	283.5263157894737	1121.4070175438596	segmented_cell	cancer_core
TONIC_TMA15_R10C1	1647.9873663751214	1030.167152575316	segmented_cell	cancer_core
TONIC_TMA15_R10C1	770.1095890410959	610.1095890410959	segmented_cell	cancer_core
TONIC_TMA15_R10C1	944.2979797979798	853.7222222222222	segmented_cell	cancer_core
TONIC_TMA15_R10C1	209.72222222222223	927.3777777777776	segmented_cell	cancer_core
TONIC_TMA15_R10C1	699.1595744680851	325.7898936170213	segmented_cell	cancer_border
TONIC_TMA15_R10C1	1423.2250922509224	22.93357933579336	segmented_cell	cancer_core
TONIC_TMA15_R10C1	859.8377425044092	174.77072310405643	segmented_cell	cancer_core
TONIC_TMA15_R10C1	656.3224137931035	211.80172413793105	segmented_cell	cancer_core
TONIC_TMA15_R10C1	748.2033898305085	1049.0296610169491	segmented_cell	cancer_core
TONIC_TMA15_R10C1	1359.4633431085044	1150.1950146627566	segmented_cell	cancer_core
TONIC_TMA15_R10C1	953.0247933884298	164.5082644628099	segmented_cell	cancer_core
TONIC_TMA15_R10C1	1828.820809248555	1847.373795761079	segmented_cell	cancer_core
TONIC_TMA15_R10C1	1077.0325203252032	1693.392953929539	segmented_cell	cancer_core
TONIC_TMA15_R10C1	799.7859078590786	534.1924119241193	segmented_cell	cancer_core
TONIC_TMA15_R10C1	158.25925925925927	923.3185185185184	segmented_cell	cancer_core
TONIC_TMA15_R10C1	1993.118925831202	1777.6317135549873	segmented_cell	cancer_core
TONIC_TMA15_R10C1	1601.006552006552	944.6928746928749	segmented_cell	cancer_core
TONIC_TMA15_R10C1	203.2062868369352	681.8742632612966	segmented_cell	cancer_core
TONIC_TMA15_R10C1	1682.5539568345323	1273.611510791367	segmented_cell	cancer_core
TONIC_TMA15_R10C1	885.6006289308176	771.8647798742138	segmented_cell	cancer_core
TONIC_TMA15_R10C1	1869.251273344652	1899.9286926994907	segmented_cell	cancer_core
TONIC_TMA15_R10C1	1430.138047138047	436.1531986531987	segmented_cell	cancer_core
TONIC_TMA15_R10C1	1619.1906614785992	925.408560311284	segmented_cell	cancer_core
TONIC_TMA15_R10C1	110.85714285714286	649.3960216998191	segmented_cell	cancer_core
TONIC_TMA15_R10C1	31.38081395348837	1883.9781976744189	segmented_cell	cancer_core
TONIC_TMA15_R10C1	195.346835443038	7.929113924050632	segmented_cell	cancer_border
TONIC_TMA15_R10C1	1670.6660583941605	1535.0574817518248	segmented_cell	cancer_core
TONIC_TMA15_R10C1	763.6198830409356	1298.374269005848	segmented_cell	cancer_core
TONIC_TMA15_R10C1	377.1080729166667	100.6484375	segmented_cell	cancer_core
TONIC_TMA15_R10C1	101.05369127516778	459.6832214765101	segmented_cell	cancer_core
TONIC_TMA15_R10C1	448.6318407960199	1235.9203980099503	segmented_cell	cancer_core
TONIC_TMA15_R10C1	1268.8384955752213	1663.5973451327434	segmented_cell	cancer_core
TONIC_TMA15_R10C1	967.453531598513	1693.32156133829	segmented_cell	cancer_core
TONIC_TMA15_R10C1	294.9676549865229	1187.3733153638814	segmented_cell	cancer_core
TONIC_TMA15_R10C1	695.1546499477533	680.9331243469175	segmented_cell	cancer_core
TONIC_TMA15_R10C1	746.4470377019749	1371.7163375224416	segmented_cell	cancer_core
TONIC_TMA15_R10C1	1747.2068062827225	1624.651832460733	segmented_cell	cancer_core
TONIC_TMA15_R10C1	147.9647577092511	597.3370044052864	segmented_cell	cancer_core
TONIC_TMA15_R10C1	1422.6721991701245	1831.4854771784237	segmented_cell	cancer_core
TONIC_TMA15_R10C1	806.0	1612.0	segmented_cell	cancer_core
TONIC_TMA15_R10C1	107.08607594936709	947.5620253164556	segmented_cell	cancer_core
TONIC_TMA15_R10C1	661.3140495867768	485.74380165289256	segmented_cell	cancer_core
TONIC_TMA15_R10C1	100.16880341880342	1459.5299145299143	segmented_cell	cancer_core
TONIC_TMA15_R10C1	1463.792694063927	776.6502283105023	segmented_cell	cancer_core
TONIC_TMA15_R10C1	1428.432387312187	1397.0300500834724	segmented_cell	cancer_border
TONIC_TMA15_R10C1	166.8068181818182	567.2045454545455	segmented_cell	cancer_core
TONIC_TMA15_R10C1	773.0376811594203	656.1478260869566	segmented_cell	cancer_core
TONIC_TMA15_R10C1	1963.4494773519164	717.0522648083623	segmented_cell	cancer_core
TONIC_TMA15_R10C1	1900.71388101983	1957.4461756373937	segmented_cell	cancer_core
TONIC_TMA15_R10C1	1469.005093378608	557.8590831918506	segmented_cell	cancer_core
TONIC_TMA15_R10C1	450.01826484018267	741.7671232876712	segmented_cell	cancer_border
TONIC_TMA15_R10C1	1171.168525402726	539.6418835192069	segmented_cell	cancer_border
TONIC_TMA15_R10C1	131.28333333333333	1847.6133333333328	segmented_cell	cancer_core
TONIC_TMA15_R10C1	421.3390804597701	1078.6302681992338	segmented_cell	cancer_core
TONIC_TMA15_R10C1	340.55573770491804	2033.0967213114757	segmented_cell	cancer_core
TONIC_TMA15_R10C1	1341.8743654822335	580.5355329949239	segmented_cell	cancer_core
TONIC_TMA15_R10C1	385.2228571428572	2018.96	segmented_cell	cancer_core
TONIC_TMA15_R10C1	1479.5543766578248	32.720159151193634	segmented_cell	cancer_core
TONIC_TMA15_R10C1	236.2140804597701	879.7586206896551	segmented_cell	cancer_core
TONIC_TMA15_R10C1	1018.5159010600706	655.9858657243816	segmented_cell	cancer_core
TONIC_TMA15_R10C1	1503.4763458401303	540.6362153344209	segmented_cell	cancer_core
TONIC_TMA15_R10C1	1833.271523178808	1673.4900662251655	segmented_cell	cancer_core
TONIC_TMA15_R10C1	361.5154639175258	1514.2835051546392	segmented_cell	cancer_core
TONIC_TMA15_R10C1	598.5110294117648	1108.4944852941176	segmented_cell	cancer_core
TONIC_TMA15_R10C1	65.30232558139535	1849.953488372093	segmented_cell	cancer_core
TONIC_TMA15_R10C1	1999.2916666666667	724.2708333333334	segmented_cell	cancer_core
TONIC_TMA15_R10C1	584.6706948640483	465.3534743202417	segmented_cell	cancer_core
TONIC_TMA15_R10C1	1970.9384164222877	1795.5117302052786	segmented_cell	cancer_core
TONIC_TMA15_R10C1	221.14249363867685	1447.4656488549615	segmented_cell	cancer_core
TONIC_TMA15_R10C1	737.2732558139535	448.078488372093	segmented_cell	cancer_border
TONIC_TMA15_R10C1	687.9121037463977	1616.2262247838617	segmented_cell	cancer_core
TONIC_TMA15_R10C1	1622.1516966067863	1424.7245508982037	segmented_cell	cancer_core
TONIC_TMA15_R10C1	1988.7448165869216	1566.7288676236044	segmented_cell	cancer_core
TONIC_TMA15_R10C1	1813.0149253731345	552.6828358208955	segmented_cell	cancer_core
TONIC_TMA15_R10C1	433.04761904761904	1113.7848324514991	segmented_cell	cancer_core
TONIC_TMA15_R10C1	1529.02492211838	193.61059190031156	segmented_cell	cancer_core
TONIC_TMA15_R10C1	214.6845298281092	37.75227502527806	segmented_cell	cancer_border
TONIC_TMA15_R10C1	922.4052631578948	54.41578947368421	segmented_cell	cancer_core
TONIC_TMA15_R10C1	1231.0296495956873	1338.1590296495956	segmented_cell	cancer_core
TONIC_TMA15_R10C1	1096.6979768786127	1336.7601156069363	segmented_cell	cancer_core
TONIC_TMA15_R10C1	658.4507042253521	834.9225352112676	segmented_cell	cancer_border
TONIC_TMA15_R10C1	1560.7582089552238	1921.462686567164	segmented_cell	cancer_border
TONIC_TMA15_R10C1	344.14335664335664	188.22027972027973	segmented_cell	cancer_core
TONIC_TMA15_R10C1	1169.791411042945	1128.6114519427404	segmented_cell	cancer_core
TONIC_TMA15_R10C1	894.8567901234568	1723.9135802469136	segmented_cell	cancer_core
TONIC_TMA15_R10C1	732.6317907444668	958.830985915493	segmented_cell	cancer_core
TONIC_TMA15_R10C1	1179.3333333333333	130.8409090909091	segmented_cell	cancer_core
TONIC_TMA15_R10C1	366.0948275862069	230.3879310344828	segmented_cell	cancer_core
TONIC_TMA15_R10C1	370.76666666666665	2003.607142857143	segmented_cell	cancer_core
TONIC_TMA15_R10C1	1301.2137404580153	1856.961832061069	segmented_cell	cancer_core
TONIC_TMA15_R10C1	1912.878164556962	731.7041139240506	segmented_cell	stroma_border
TONIC_TMA15_R10C1	1678.7750439367312	1315.1775043936732	segmented_cell	cancer_core
TONIC_TMA15_R10C1	52.372093023255815	415.953488372093	segmented_cell	cancer_core
TONIC_TMA15_R10C1	1988.1263736263736	26.673626373626373	segmented_cell	cancer_core
TONIC_TMA15_R10C1	36.0176	1018.6032	segmented_cell	cancer_core
TONIC_TMA15_R10C1	1788.4060283687943	162.36702127659575	segmented_cell	cancer_core
TONIC_TMA15_R10C1	1143.2275985663082	1493.978494623656	segmented_cell	cancer_core
TONIC_TMA15_R10C1	991.84765625	1493.3828125	segmented_cell	cancer_core
TONIC_TMA15_R10C1	131.51282051282053	961.9329388560158	segmented_cell	cancer_core
TONIC_TMA15_R10C1	1982.2446675031367	953.9046424090338	segmented_cell	cancer_core
TONIC_TMA15_R10C1	971.3732394366198	323.16901408450707	segmented_cell	cancer_border
TONIC_TMA15_R10C1	163.0726525017135	766.8773132282386	segmented_cell	cancer_core
TONIC_TMA15_R10C1	1745.8527131782946	103.08527131782944	segmented_cell	cancer_core
TONIC_TMA15_R10C1	474.75	1489.8601694915253	segmented_cell	cancer_core
TONIC_TMA15_R10C1	1398.4326923076924	1816.1538461538464	segmented_cell	cancer_core
TONIC_TMA15_R10C1	1933.964980544747	849.7898832684825	segmented_cell	cancer_core
TONIC_TMA15_R10C1	745.3629160063391	1547.5087163232963	segmented_cell	cancer_core
TONIC_TMA15_R10C1	865.4110169491526	638.7415254237288	segmented_cell	cancer_core
TONIC_TMA15_R10C1	48.62555066079295	714.1013215859031	segmented_cell	cancer_core
TONIC_TMA15_R10C1	791.1043010752688	666.3172043010753	segmented_cell	cancer_core
TONIC_TMA15_R10C1	1519.2661870503598	240.0611510791367	segmented_cell	cancer_core
TONIC_TMA15_R10C1	1544.4174107142858	490.24330357142856	segmented_cell	cancer_core
TONIC_TMA15_R10C1	1273.850267379679	951.1515151515152	segmented_cell	cancer_core
TONIC_TMA15_R10C1	998.9718309859156	525.3521126760563	segmented_cell	cancer_core
TONIC_TMA15_R10C1	251.68312757201647	41.98765432098765	segmented_cell	cancer_core
TONIC_TMA15_R10C1	810.5176470588235	2043.4	segmented_cell	cancer_core
TONIC_TMA15_R10C1	2006.510840108401	1899.6626016260163	segmented_cell	cancer_core
TONIC_TMA15_R10C1	1739.9107468123862	480.44262295081967	segmented_cell	cancer_core
TONIC_TMA15_R10C1	702.7829560585885	346.8069241011984	segmented_cell	cancer_border
TONIC_TMA15_R10C1	752.9404255319149	789.7489361702128	segmented_cell	cancer_core
TONIC_TMA15_R10C1	1684.3071593533489	808.270207852194	segmented_cell	cancer_core
TONIC_TMA15_R10C1	601.075723830735	654.9576837416481	segmented_cell	cancer_core
TONIC_TMA15_R10C1	836.4684684684685	1890.455855855856	segmented_cell	cancer_core
TONIC_TMA15_R10C1	1509.4948755490484	1631.4172767203513	segmented_cell	cancer_core
TONIC_TMA15_R10C1	1175.8895238095238	28.25523809523809	segmented_cell	cancer_core
TONIC_TMA15_R10C1	1647.5948136142626	6.805510534846029	segmented_cell	cancer_core
TONIC_TMA15_R10C1	386.7463768115942	291.69565217391306	segmented_cell	cancer_core
TONIC_TMA15_R10C1	1092.0628803245436	758.6713995943205	segmented_cell	cancer_core
TONIC_TMA15_R10C1	841.1359375	730.7234375	segmented_cell	cancer_core
TONIC_TMA15_R10C1	594.9326923076923	323.5975274725275	segmented_cell	cancer_core
TONIC_TMA15_R10C1	239.64324324324323	810.8378378378378	segmented_cell	cancer_core
TONIC_TMA15_R10C1	821.9988052568698	1680.3775388291515	segmented_cell	cancer_core
TONIC_TMA15_R10C1	677.2173913043479	1188.1242236024846	segmented_cell	cancer_core
TONIC_TMA15_R10C1	1425.859813084112	1527.214953271028	segmented_cell	cancer_core
TONIC_TMA15_R10C1	331.4349919743178	159.31781701444623	segmented_cell	cancer_core
TONIC_TMA15_R10C1	295.1189591078067	1343.8327137546469	segmented_cell	cancer_core
TONIC_TMA15_R10C1	1878.2189430336307	970.1201098146876	segmented_cell	cancer_core
TONIC_TMA15_R10C1	228.9730769230769	751.9807692307693	segmented_cell	cancer_core
TONIC_TMA15_R10C1	150.418	386.858	segmented_cell	cancer_core
TONIC_TMA15_R10C1	1059.2974137931035	1639.0603448275865	segmented_cell	cancer_core
TONIC_TMA15_R10C1	309.3103448275862	1020.0689655172414	segmented_cell	cancer_core
TONIC_TMA15_R10C1	953.8392370572208	55.321525885558586	segmented_cell	cancer_core
TONIC_TMA15_R10C1	872.6806282722513	1007.82722513089	segmented_cell	cancer_core
TONIC_TMA15_R10C1	1495.643765903308	1823.2010178117048	segmented_cell	cancer_border
TONIC_TMA15_R10C1	452.4537444933921	1359.9030837004404	segmented_cell	cancer_core
TONIC_TMA15_R10C1	1453.5504587155965	1636.1865443425077	segmented_cell	cancer_core
TONIC_TMA15_R10C1	1491.340567612688	368.1310517529215	segmented_cell	cancer_core
TONIC_TMA15_R10C1	1249.1853211009177	260.554128440367	segmented_cell	cancer_core
TONIC_TMA15_R10C1	620.6818181818181	1669.2857142857142	segmented_cell	cancer_core
TONIC_TMA15_R10C1	1781.7307692307693	933.4852941176472	segmented_cell	cancer_core
TONIC_TMA15_R10C1	1325.6501128668172	1056.7291196388262	segmented_cell	cancer_core
TONIC_TMA15_R10C1	157.75438596491227	1224.0363408521305	segmented_cell	cancer_core
TONIC_TMA15_R10C1	1124.84649122807	1594.8333333333333	segmented_cell	cancer_core
TONIC_TMA15_R10C1	690.0757749712974	302.95177956371987	segmented_cell	cancer_border
TONIC_TMA15_R10C1	2016.2956609485368	1733.9939455095862	segmented_cell	cancer_core
TONIC_TMA15_R10C1	1082.4615384615386	267.25	segmented_cell	stroma_border
TONIC_TMA15_R10C1	1646.2491467576792	650.8464163822525	segmented_cell	cancer_core
TONIC_TMA15_R10C1	1007.2394736842106	1114.842105263158	segmented_cell	cancer_core
TONIC_TMA15_R10C1	1719.0235849056603	1786.617924528302	segmented_cell	cancer_core
TONIC_TMA15_R10C1	1746.9195979899498	460.66331658291455	segmented_cell	cancer_core
TONIC_TMA15_R10C1	1415.4475524475524	1304.3132867132867	segmented_cell	cancer_border
TONIC_TMA15_R10C1	1637.440414507772	247.0621761658031	segmented_cell	cancer_core
TONIC_TMA15_R10C1	421.2010968921389	282.5191956124314	segmented_cell	cancer_core
TONIC_TMA15_R10C1	729.9060773480663	1889.7624309392263	segmented_cell	cancer_core
TONIC_TMA15_R10C1	708.1448763250884	429.3886925795053	segmented_cell	cancer_border
TONIC_TMA15_R10C1	1340.963534361851	1473.1234221598877	segmented_cell	cancer_core
TONIC_TMA15_R10C1	1832.2268244575937	459.4102564102564	segmented_cell	cancer_core
TONIC_TMA15_R10C1	1119.301818181818	1498.418181818182	segmented_cell	cancer_core
TONIC_TMA15_R10C1	440.3553299492386	2002.035532994924	segmented_cell	cancer_core
TONIC_TMA15_R10C1	943.2740046838408	1456.6580796252929	segmented_cell	cancer_core
TONIC_TMA15_R10C1	1499.2096069868996	842.4803493449782	segmented_cell	cancer_core
TONIC_TMA15_R10C1	125.8641975308642	1936.305555555556	segmented_cell	cancer_core
TONIC_TMA15_R10C1	1199.917832167832	738.4912587412588	segmented_cell	cancer_core
TONIC_TMA15_R10C1	987.5635359116022	1168.4406077348067	segmented_cell	cancer_core
TONIC_TMA15_R10C1	233.10263157894735	414.4105263157895	segmented_cell	cancer_core
TONIC_TMA15_R10C1	493.0895008605852	1892.4010327022372	segmented_cell	cancer_core
TONIC_TMA15_R10C1	3.679104477611941	1311.0074626865671	segmented_cell	cancer_core
TONIC_TMA15_R10C1	553.7931034482758	812.4770114942529	segmented_cell	cancer_border
TONIC_TMA15_R10C1	429.5656108597285	788.7873303167421	segmented_cell	stroma_border
TONIC_TMA15_R10C1	647.2697368421053	597.4736842105264	segmented_cell	cancer_core
TONIC_TMA15_R10C1	1955.376	2015.424	segmented_cell	cancer_core
TONIC_TMA15_R10C1	489.42105263157896	2005.8473684210528	segmented_cell	cancer_core
TONIC_TMA15_R10C1	722.6858638743455	423.75916230366494	segmented_cell	cancer_border
TONIC_TMA15_R10C1	1026.453237410072	2030.679856115108	segmented_cell	cancer_core
TONIC_TMA15_R10C1	1744.8805460750852	275.5130830489192	segmented_cell	cancer_core
TONIC_TMA15_R10C1	722.0372670807453	1130.5170807453417	segmented_cell	cancer_core
TONIC_TMA15_R10C1	1640.836405529954	1350.38133640553	segmented_cell	cancer_core
TONIC_TMA15_R10C1	1370.5391304347827	75.69565217391305	segmented_cell	cancer_core
TONIC_TMA15_R10C1	494.8512396694215	1121.6177685950413	segmented_cell	cancer_core
TONIC_TMA15_R10C1	1609.01	217.105	segmented_cell	cancer_core
TONIC_TMA15_R10C1	1834.748776508972	1971.1729200652528	segmented_cell	cancer_core
TONIC_TMA15_R10C1	1749.717672413793	1761.4439655172414	segmented_cell	cancer_core
TONIC_TMA15_R10C1	446.2456140350877	1212.545112781955	segmented_cell	cancer_core
TONIC_TMA15_R10C1	252.1761363636364	986.5738636363636	segmented_cell	cancer_core
TONIC_TMA15_R10C1	712.5730622617535	1883.881829733164	segmented_cell	cancer_core
TONIC_TMA15_R10C1	571.3237704918033	1085.5341530054643	segmented_cell	cancer_border
TONIC_TMA15_R10C1	1381.5506172839507	220.60987654320988	segmented_cell	cancer_core
TONIC_TMA15_R10C1	2032.6866952789696	920.0858369098712	segmented_cell	cancer_core
TONIC_TMA15_R10C1	404.0973154362416	184.0151006711409	segmented_cell	cancer_core
TONIC_TMA15_R10C1	1091.9249249249249	560.4984984984985	segmented_cell	cancer_core
TONIC_TMA15_R10C1	1482.2752293577985	69.24770642201835	segmented_cell	cancer_core
TONIC_TMA15_R10C1	358.9169278996865	614.1677115987461	segmented_cell	cancer_core
TONIC_TMA15_R10C1	1861.9528301886792	1051.5919811320755	segmented_cell	cancer_core
TONIC_TMA15_R10C1	1194.9816513761468	1760.7798165137615	segmented_cell	cancer_core
TONIC_TMA15_R10C1	1372.965909090909	1482.9602272727273	segmented_cell	cancer_core
TONIC_TMA15_R10C1	2003.745614035088	1706.2080200501252	segmented_cell	cancer_core
TONIC_TMA15_R10C1	1036.0309278350514	1802.9072164948452	segmented_cell	cancer_core
TONIC_TMA15_R10C1	804.614499424626	896.1829689298044	segmented_cell	cancer_core
TONIC_TMA15_R10C1	404.0100502512563	1968.927135678392	segmented_cell	cancer_core
TONIC_TMA15_R10C1	1498.3681462140992	1869.0757180156656	segmented_cell	cancer_border
TONIC_TMA15_R10C1	224.12137203166228	1349.9234828496042	segmented_cell	cancer_core
TONIC_TMA15_R10C1	961.1361256544502	522.3089005235602	segmented_cell	cancer_core
TONIC_TMA15_R10C1	234.0928961748634	455.0327868852459	segmented_cell	cancer_core
TONIC_TMA15_R10C1	819.8020050125314	1013.122807017544	segmented_cell	cancer_core
TONIC_TMA15_R10C1	1666.0622641509433	1336.722641509434	segmented_cell	cancer_core
TONIC_TMA15_R10C1	725.9347826086956	1783.0434782608695	segmented_cell	cancer_core
TONIC_TMA15_R10C1	1733.637350705755	152.56786102062975	segmented_cell	cancer_core
TONIC_TMA15_R10C1	379.9782016348774	1274.850136239782	segmented_cell	cancer_core
TONIC_TMA15_R10C1	1746.9348914858097	42.84641068447412	segmented_cell	cancer_core
TONIC_TMA15_R10C1	1302.324644549763	713.4620853080569	segmented_cell	cancer_core
TONIC_TMA15_R10C1	1753.4226519337017	751.9281767955802	segmented_cell	cancer_core
TONIC_TMA15_R10C1	2039.5745614035088	1049.0	segmented_cell	cancer_core
TONIC_TMA15_R10C1	1942.201388888889	126.58333333333331	segmented_cell	cancer_core
TONIC_TMA15_R10C1	54.12787723785166	776.9833759590792	segmented_cell	cancer_core
TONIC_TMA15_R10C1	34.248256624825665	1172.0529986052998	segmented_cell	cancer_core
TONIC_TMA15_R10C1	289.60034904013963	821.0907504363001	segmented_cell	cancer_core
TONIC_TMA15_R10C1	698.1	1221.6411764705883	segmented_cell	cancer_core
TONIC_TMA15_R10C1	307.11015911872704	853.2447980416157	segmented_cell	cancer_border
TONIC_TMA15_R10C1	782.0720823798626	1278.7048054919908	segmented_cell	cancer_core
TONIC_TMA15_R10C1	1011.5264750378216	265.8381240544629	segmented_cell	cancer_border
TONIC_TMA15_R10C1	1393.4609826589594	398.5390173410405	segmented_cell	cancer_core
TONIC_TMA15_R10C1	881.4929577464789	1578.913145539906	segmented_cell	cancer_core
TONIC_TMA15_R10C1	1164.876254180602	450.3561872909699	segmented_cell	cancer_core
TONIC_TMA15_R10C1	772.8701754385964	1758.3976608187131	segmented_cell	cancer_core
TONIC_TMA15_R10C1	102.69003115264798	1203.0093457943926	segmented_cell	cancer_core
TONIC_TMA15_R10C1	296.58706467661693	1687.18407960199	segmented_cell	cancer_core
TONIC_TMA15_R10C1	809.2562814070352	1400.9924623115578	segmented_cell	cancer_core
TONIC_TMA15_R10C1	1340.0617283950617	1665.6543209876545	segmented_cell	cancer_core
TONIC_TMA15_R10C1	1706.7642679900744	1701.9776674937966	segmented_cell	cancer_core
TONIC_TMA15_R10C1	1650.8196721311476	389.4726775956284	segmented_cell	cancer_core
TONIC_TMA15_R10C1	796.7488584474886	1515.2648401826484	segmented_cell	cancer_core
TONIC_TMA15_R10C1	2023.3425925925928	845.4675925925926	segmented_cell	cancer_core
TONIC_TMA15_R10C1	1854.3264942016056	865.8322925958965	segmented_cell	cancer_core
TONIC_TMA15_R10C1	574.9368932038835	650.7888349514564	segmented_cell	cancer_core
TONIC_TMA15_R10C1	1133.9527777777778	701.3166666666667	segmented_cell	cancer_core
TONIC_TMA15_R10C1	393.85258964143424	2041.139442231076	segmented_cell	cancer_core
TONIC_TMA15_R10C1	1558.048	1411.1253333333334	segmented_cell	cancer_core
TONIC_TMA15_R10C1	1125.1822222222222	1527.7155555555555	segmented_cell	cancer_core
TONIC_TMA15_R10C1	1758.7857142857142	725.172619047619	segmented_cell	cancer_core
TONIC_TMA15_R10C1	1623.1652323580035	232.75903614457832	segmented_cell	cancer_core
TONIC_TMA15_R10C1	1813.0556745182012	818.1006423982869	segmented_cell	cancer_core
TONIC_TMA15_R10C1	1897.0688796680497	1138.3510373443985	segmented_cell	cancer_core
TONIC_TMA15_R10C1	1057.914498141264	1550.3828996282527	segmented_cell	cancer_core
TONIC_TMA15_R10C1	1597.9986824769433	1145.4888010540185	segmented_cell	cancer_core
TONIC_TMA15_R10C1	25.91096979332273	613.4324324324324	segmented_cell	cancer_core
TONIC_TMA15_R10C1	673.935	175.9375	segmented_cell	cancer_core
TONIC_TMA15_R10C1	1155.41452991453	1316.4102564102564	segmented_cell	cancer_core
TONIC_TMA15_R10C1	200.6013157894737	708.7315789473685	segmented_cell	cancer_core
TONIC_TMA15_R10C1	298.84411764705885	492.4411764705882	segmented_cell	cancer_core
TONIC_TMA15_R10C1	350.39322533136965	1898.553755522828	segmented_cell	cancer_core
TONIC_TMA15_R10C1	1643.8979933110368	198.5819397993311	segmented_cell	cancer_core
TONIC_TMA15_R10C1	896.6965265082267	999.892138939671	segmented_cell	cancer_core
TONIC_TMA15_R10C1	615.8681318681319	939.7692307692308	segmented_cell	cancer_core
TONIC_TMA15_R10C1	1555.46484375	1433.24609375	segmented_cell	cancer_core
TONIC_TMA15_R10C1	1646.5242718446602	1827.4368932038835	segmented_cell	cancer_border
TONIC_TMA15_R10C1	629.7088036117382	1067.8916478555304	segmented_cell	cancer_core
TONIC_TMA15_R10C1	1607.268817204301	1755.9462365591398	segmented_cell	cancer_border
TONIC_TMA15_R10C1	117.69571428571427	846.1914285714286	segmented_cell	cancer_core
TONIC_TMA15_R10C1	1260.2927631578948	1753.358552631579	segmented_cell	cancer_core
TONIC_TMA15_R10C1	373.7963163596966	1557.5720476706392	segmented_cell	cancer_core
TONIC_TMA15_R10C1	61.36206896551724	1671.103448275862	segmented_cell	cancer_core
TONIC_TMA15_R10C1	1549.718482252142	1209.2386780905754	segmented_cell	cancer_core
TONIC_TMA15_R10C1	669.3294797687861	1063.4084778420038	segmented_cell	cancer_core
TONIC_TMA15_R10C1	1123.01821192053	1846.5165562913908	segmented_cell	cancer_core
TONIC_TMA15_R10C1	1398.6033434650456	344.9635258358663	segmented_cell	cancer_core
TONIC_TMA15_R10C1	884.339430894309	53.76829268292683	segmented_cell	cancer_core
TONIC_TMA15_R10C1	651.9142857142857	1780.142857142857	segmented_cell	cancer_core
TONIC_TMA15_R10C1	1856.096256684492	1948.8525592055005	segmented_cell	cancer_core
TONIC_TMA15_R10C1	1276.6506986027944	391.003992015968	segmented_cell	cancer_core
TONIC_TMA15_R10C1	261.2930513595166	1372.1027190332327	segmented_cell	cancer_core
TONIC_TMA15_R10C1	569.0600706713781	1369.494699646643	segmented_cell	cancer_core
TONIC_TMA15_R10C1	1900.167213114754	1761.2229508196722	segmented_cell	cancer_core
TONIC_TMA15_R10C1	782.939024390244	745.4715447154472	segmented_cell	cancer_core
TONIC_TMA15_R10C1	1265.6341085271315	162.4062015503876	segmented_cell	cancer_core
TONIC_TMA15_R10C1	584.091472868217	876.7286821705426	segmented_cell	cancer_border
TONIC_TMA15_R10C1	1539.6048780487804	448.0487804878049	segmented_cell	cancer_core
TONIC_TMA15_R10C1	1467.7272727272727	842.9778270509978	segmented_cell	cancer_core
TONIC_TMA15_R10C1	670.6582633053222	900.3417366946778	segmented_cell	cancer_core
TONIC_TMA15_R10C1	898.9	426.3510638297872	segmented_cell	cancer_border
TONIC_TMA15_R10C1	1029.1717791411045	387.30674846625766	segmented_cell	stroma_border
TONIC_TMA15_R10C1	1915.8208333333332	313.5833333333333	segmented_cell	cancer_core
TONIC_TMA15_R10C1	365.6681818181818	703.459090909091	segmented_cell	cancer_core
TONIC_TMA15_R10C1	1168.6481994459834	398.0831024930748	segmented_cell	cancer_core
TONIC_TMA15_R10C1	533.566265060241	845.3192771084338	segmented_cell	cancer_border
TONIC_TMA15_R10C1	1032.9813333333334	206.76266666666663	segmented_cell	cancer_border
TONIC_TMA15_R10C1	506.2677419354839	1744.716129032258	segmented_cell	cancer_core
TONIC_TMA15_R10C1	1191.671875	1488.171875	segmented_cell	cancer_core
TONIC_TMA15_R10C1	775.8834951456311	1366.4433656957929	segmented_cell	cancer_core
TONIC_TMA15_R10C1	2037.7532281205165	1970.5021520803443	segmented_cell	cancer_core
TONIC_TMA15_R10C1	1577.5871886120997	1312.9537366548043	segmented_cell	cancer_core
TONIC_TMA15_R10C1	799.7095808383234	697.0149700598803	segmented_cell	cancer_core
TONIC_TMA15_R10C1	910.4	922.2805194805196	segmented_cell	cancer_core
TONIC_TMA15_R10C1	1730.240083507307	589.0772442588726	segmented_cell	cancer_core
TONIC_TMA15_R10C1	790.027108433735	972.9277108433736	segmented_cell	cancer_core
TONIC_TMA15_R10C1	1842.833628318584	721.3185840707964	segmented_cell	cancer_border
TONIC_TMA15_R10C1	315.23136246786635	509.26478149100257	segmented_cell	cancer_core
TONIC_TMA15_R10C1	1520.8203285420946	1060.0616016427105	segmented_cell	cancer_core
TONIC_TMA15_R10C1	731.7853107344632	511.02259887005647	segmented_cell	cancer_border
TONIC_TMA15_R10C1	824.5833333333334	2035.8333333333333	segmented_cell	cancer_core
TONIC_TMA15_R10C1	1546.166223404255	730.7539893617021	segmented_cell	cancer_core
TONIC_TMA15_R10C1	1443.279365079365	508.0063492063492	segmented_cell	cancer_core
TONIC_TMA15_R10C1	1279.3595505617975	1649.438202247191	segmented_cell	cancer_core
TONIC_TMA15_R10C1	544.3333333333334	2042.5543071161048	segmented_cell	cancer_core
TONIC_TMA15_R10C1	1942.2617079889808	481.07988980716254	segmented_cell	cancer_core
TONIC_TMA15_R10C1	120.8048433048433	563.1709401709402	segmented_cell	cancer_core
TONIC_TMA15_R10C1	2011.220202020202	1292.3737373737374	segmented_cell	cancer_core
TONIC_TMA15_R10C1	1881.0102040816328	212.3938775510204	segmented_cell	cancer_core
TONIC_TMA15_R10C1	1848.6557093425608	1028.9636678200693	segmented_cell	cancer_core
TONIC_TMA15_R10C1	754.1329394387002	532.0930576070901	segmented_cell	cancer_border
TONIC_TMA15_R10C1	1012.6385542168674	1060.532530120482	segmented_cell	cancer_core
TONIC_TMA15_R10C1	1405.223642172524	466.7507987220448	segmented_cell	cancer_core
TONIC_TMA15_R10C1	1857.5936435868327	815.4029511918275	segmented_cell	cancer_core
TONIC_TMA15_R10C1	250.0914696813977	471.6865364850976	segmented_cell	cancer_core
TONIC_TMA15_R10C1	32.475083056478404	1827.3189368770763	segmented_cell	cancer_core
TONIC_TMA15_R10C1	1135.8490566037735	1776.633962264151	segmented_cell	cancer_core
TONIC_TMA15_R10C1	906.0794520547944	807.5068493150685	segmented_cell	cancer_core
TONIC_TMA15_R10C1	250.51628664495115	110.8672638436482	segmented_cell	cancer_core
TONIC_TMA15_R10C1	1693.8333333333333	1337.0770440251572	segmented_cell	cancer_core
TONIC_TMA15_R10C1	898.4389587073608	1124.004488330341	segmented_cell	cancer_core
TONIC_TMA15_R10C1	1092.2660550458716	1125.5174311926603	segmented_cell	cancer_core
TONIC_TMA15_R10C1	1692.7297297297298	1202.8	segmented_cell	cancer_core
TONIC_TMA15_R10C1	498.2305882352941	290.42823529411766	segmented_cell	cancer_core
TONIC_TMA15_R10C1	429.5308641975309	1021.7530864197532	segmented_cell	cancer_border
TONIC_TMA15_R10C1	324.2715105162524	627.5372848948375	segmented_cell	cancer_core
TONIC_TMA15_R10C1	290.8495145631068	1059.25	segmented_cell	cancer_core
TONIC_TMA15_R10C1	1766.1175438596492	54.796491228070174	segmented_cell	cancer_core
TONIC_TMA15_R10C1	1825.7894736842104	1655.1973684210527	segmented_cell	cancer_core
TONIC_TMA15_R10C1	1533.4292929292928	1193.8131313131314	segmented_cell	cancer_core
TONIC_TMA15_R10C1	1106.0533596837945	71.94664031620553	segmented_cell	cancer_core
TONIC_TMA15_R10C1	1206.43853820598	630.9435215946844	segmented_cell	cancer_core
TONIC_TMA15_R10C1	1830.029150823828	78.93536121673004	segmented_cell	cancer_core
TONIC_TMA15_R10C1	245.7189781021898	1395.2080291970804	segmented_cell	cancer_core
TONIC_TMA15_R10C1	326.8770053475936	953.1336898395722	segmented_cell	cancer_border
TONIC_TMA15_R10C1	1404.042553191489	2044.223404255319	segmented_cell	cancer_core
TONIC_TMA15_R10C1	1411.1521739130435	891.3315217391304	segmented_cell	cancer_core
TONIC_TMA15_R10C1	1324.320512820513	148.5	segmented_cell	cancer_core
TONIC_TMA15_R10C1	1409.5515055467513	1918.4136291600637	segmented_cell	cancer_core
TONIC_TMA15_R10C1	553.4325581395349	1666.1348837209302	segmented_cell	cancer_core
TONIC_TMA15_R10C1	1705.1981981981985	182.4384384384384	segmented_cell	cancer_core
TONIC_TMA15_R10C1	1180.574193548387	1750.241935483871	segmented_cell	cancer_core
TONIC_TMA15_R10C1	1302.3406593406594	110.74285714285716	segmented_cell	cancer_core
TONIC_TMA15_R10C1	1211.182389937107	1785.9182389937107	segmented_cell	cancer_core
TONIC_TMA15_R10C1	397.1912087912088	569.578021978022	segmented_cell	cancer_core
TONIC_TMA15_R10C1	1051.2157894736845	674.5894736842105	segmented_cell	cancer_core
TONIC_TMA15_R10C1	142.99428571428572	1505.8514285714286	segmented_cell	cancer_core
TONIC_TMA15_R10C1	521.4864864864865	462.0	segmented_cell	cancer_core
TONIC_TMA15_R10C1	984.979274611399	380.0621761658031	segmented_cell	stroma_border
TONIC_TMA15_R10C1	381.4405286343612	797.9867841409691	segmented_cell	cancer_border
TONIC_TMA15_R10C1	1013.7465886939572	603.8089668615985	segmented_cell	cancer_core
TONIC_TMA15_R10C1	112.5519801980198	47.29950495049505	segmented_cell	cancer_core
TONIC_TMA15_R10C1	767.8044117647058	893.3529411764706	segmented_cell	cancer_core
TONIC_TMA15_R10C1	678.15953307393	778.6692607003891	segmented_cell	cancer_border
TONIC_TMA15_R10C1	1513.053571428571	1776.196428571429	segmented_cell	cancer_border
TONIC_TMA15_R10C1	1917.3289146644572	1490.269262634631	segmented_cell	cancer_core
TONIC_TMA15_R10C1	783.5487804878048	1336.0731707317073	segmented_cell	cancer_core
TONIC_TMA15_R10C1	1452.5530303030305	1563.4772727272727	segmented_cell	cancer_core
TONIC_TMA15_R10C1	1108.2140350877194	519.3929824561403	segmented_cell	cancer_core
TONIC_TMA15_R10C1	1034.7058823529412	90.14027149321268	segmented_cell	cancer_core
TONIC_TMA15_R10C1	1810.6690140845071	786.7652582159625	segmented_cell	cancer_core
TONIC_TMA15_R10C1	802.1311475409836	1567.0546448087432	segmented_cell	cancer_core
TONIC_TMA15_R10C1	18.697777777777777	579.3466666666667	segmented_cell	cancer_core
TONIC_TMA15_R10C1	1174.408695652174	251.76770186335403	segmented_cell	cancer_core
TONIC_TMA15_R10C1	1625.2359550561798	572.6348314606741	segmented_cell	cancer_core
TONIC_TMA15_R10C1	1565.1378600823043	2007.567901234568	segmented_cell	cancer_border
TONIC_TMA15_R10C1	1099.0	742.6497175141243	segmented_cell	cancer_core
TONIC_TMA15_R10C1	758.0238450074515	1230.0700447093889	segmented_cell	cancer_core
TONIC_TMA15_R10C1	1556.584295612009	2021.591224018476	segmented_cell	cancer_core
TONIC_TMA15_R10C1	1231.326860841424	606.0453074433657	segmented_cell	cancer_core
TONIC_TMA15_R10C1	975.0253378378378	787.9864864864865	segmented_cell	cancer_core
TONIC_TMA15_R10C1	652.601226993865	274.07361963190186	segmented_cell	cancer_core
TONIC_TMA15_R10C1	116.84591194968552	1437.440251572327	segmented_cell	cancer_core
TONIC_TMA15_R10C1	313.15780445969125	157.68096054888508	segmented_cell	cancer_core
TONIC_TMA15_R10C1	710.5499231950845	12.929339477726575	segmented_cell	cancer_core
TONIC_TMA15_R10C1	1440.5066079295154	1787.5594713656387	segmented_cell	cancer_border
TONIC_TMA15_R10C1	913.1964980544748	310.1089494163424	segmented_cell	cancer_core
TONIC_TMA15_R10C1	3.5891891891891894	1450.9351351351352	segmented_cell	cancer_core
TONIC_TMA15_R10C1	20.397350993377483	1929.73178807947	segmented_cell	cancer_core
TONIC_TMA15_R10C1	1032.8080229226362	226.09455587392551	segmented_cell	cancer_border
TONIC_TMA15_R10C1	84.93382352941177	412.6985294117647	segmented_cell	cancer_core
TONIC_TMA15_R10C1	1602.7511415525114	1172.5502283105022	segmented_cell	cancer_core
TONIC_TMA15_R10C1	1231.2631578947369	1283.0631578947368	segmented_cell	cancer_core
TONIC_TMA15_R10C1	1830.720173535792	2020.976138828633	segmented_cell	cancer_border
TONIC_TMA15_R10C1	1402.6163141993957	741.3670694864048	segmented_cell	cancer_core
TONIC_TMA15_R10C1	1665.6606606606606	1234.2717717717717	segmented_cell	cancer_core
TONIC_TMA15_R10C1	1219.7365853658537	499.4634146341463	segmented_cell	cancer_border
TONIC_TMA15_R10C1	1101.8608187134505	120.6842105263158	segmented_cell	cancer_core
TONIC_TMA15_R10C1	140.97875	647.58125	segmented_cell	cancer_core
TONIC_TMA15_R10C1	159.54563894523326	91.54158215010142	segmented_cell	cancer_core
TONIC_TMA15_R10C1	1032.3619909502263	109.63122171945702	segmented_cell	cancer_core
TONIC_TMA15_R10C1	423.7929936305732	124.04777070063696	segmented_cell	cancer_core
TONIC_TMA15_R10C1	386.0237288135593	1381.2745762711863	segmented_cell	cancer_core
TONIC_TMA15_R10C1	790.7840236686391	1820.3121301775147	segmented_cell	cancer_core
TONIC_TMA15_R10C1	2023.093385214008	1052.9630350194552	segmented_cell	cancer_core
TONIC_TMA15_R10C1	407.4491114701131	1506.5105008077544	segmented_cell	cancer_core
TONIC_TMA15_R10C1	284.4155844155844	468.038961038961	segmented_cell	cancer_core
TONIC_TMA15_R10C1	815.1257197696737	344.92226487523993	segmented_cell	cancer_core
TONIC_TMA15_R10C1	1916.612676056338	892.525352112676	segmented_cell	cancer_core
TONIC_TMA15_R10C1	181.2043956043956	430.421978021978	segmented_cell	cancer_core
TONIC_TMA15_R10C1	1321.8691983122362	1909.6019690576647	segmented_cell	cancer_core
TONIC_TMA15_R10C1	181.2596153846154	231.62820512820517	segmented_cell	cancer_core
TONIC_TMA15_R10C1	1164.3879565646594	983.938795656466	segmented_cell	cancer_core
TONIC_TMA15_R10C1	1700.417886178862	1073.9105691056911	segmented_cell	cancer_core
TONIC_TMA15_R10C1	1137.3589743589744	1976.378205128205	segmented_cell	cancer_core
TONIC_TMA15_R10C1	773.1772151898734	246.73417721518987	segmented_cell	cancer_core
TONIC_TMA15_R10C1	1285.158208955224	1474.7880597014926	segmented_cell	cancer_core
TONIC_TMA15_R10C1	425.2396694214876	394.7427685950413	segmented_cell	cancer_core
TONIC_TMA15_R10C1	1091.8010752688172	186.8494623655914	segmented_cell	cancer_core
TONIC_TMA15_R10C1	1474.310606060606	1726.6363636363635	segmented_cell	cancer_border
TONIC_TMA15_R10C1	1501.6465863453816	1514.710843373494	segmented_cell	cancer_core
TONIC_TMA15_R10C1	121.48103792415168	940.4610778443114	segmented_cell	cancer_core
TONIC_TMA15_R10C1	1572.9551724137932	1012.251724137931	segmented_cell	cancer_core
TONIC_TMA15_R10C1	1987.6034255599477	1812.6442687747035	segmented_cell	cancer_core
TONIC_TMA15_R10C1	1254.6512141280352	1013.5331125827814	segmented_cell	cancer_core
TONIC_TMA15_R10C1	701.5401234567901	1589.763888888889	segmented_cell	cancer_core
TONIC_TMA15_R10C1	1113.9739776951674	615.4516728624535	segmented_cell	cancer_core
TONIC_TMA15_R10C1	285.5833333333333	762.8083333333333	segmented_cell	cancer_core
TONIC_TMA15_R10C1	507.4075907590759	1939.8349834983496	segmented_cell	cancer_core
TONIC_TMA15_R10C1	1727.2881355932204	541.1864406779661	segmented_cell	cancer_core
TONIC_TMA15_R10C1	428.869451697128	512.9817232375979	segmented_cell	cancer_core
TONIC_TMA15_R10C1	1874.6279069767445	191.86046511627907	segmented_cell	cancer_core
TONIC_TMA15_R10C1	49.23848238482385	2012.5365853658536	segmented_cell	cancer_core
TONIC_TMA15_R10C1	646.8904761904762	1802.0523809523809	segmented_cell	cancer_core
TONIC_TMA15_R10C1	837.6274944567627	272.65631929046566	segmented_cell	cancer_core
TONIC_TMA15_R10C1	528.4197138314786	1787.3863275039746	segmented_cell	cancer_core
TONIC_TMA15_R10C1	835.0204678362574	65.28070175438596	segmented_cell	cancer_border
TONIC_TMA15_R10C1	162.76829268292684	1068.959349593496	segmented_cell	cancer_core
TONIC_TMA15_R10C1	1800.769465648855	45.33435114503817	segmented_cell	cancer_core
TONIC_TMA15_R10C1	1371.4427244582043	531.9040247678018	segmented_cell	cancer_core
TONIC_TMA15_R10C1	1854.2573673870331	634.573673870334	segmented_cell	cancer_border
TONIC_TMA15_R10C1	672.6847133757962	1848.4490445859872	segmented_cell	cancer_core
TONIC_TMA15_R10C1	1000.363909774436	396.4556390977444	segmented_cell	stroma_border
TONIC_TMA15_R10C1	982.6354679802956	29.94581280788177	segmented_cell	cancer_core
TONIC_TMA15_R10C1	1961.920745920746	1855.8181818181815	segmented_cell	cancer_core
TONIC_TMA15_R10C1	1227.0071684587813	485.8924731182796	segmented_cell	cancer_border
TONIC_TMA15_R10C1	91.16443594646272	432.3097514340344	segmented_cell	cancer_core
TONIC_TMA15_R10C1	245.6875	1540.179347826087	segmented_cell	cancer_core
TONIC_TMA15_R10C1	321.44020356234097	980.4249363867684	segmented_cell	cancer_core
TONIC_TMA15_R10C1	1078.8054298642537	1654.2194570135746	segmented_cell	cancer_core
TONIC_TMA15_R10C1	1844.2264705882355	1739.3107843137254	segmented_cell	cancer_core
TONIC_TMA15_R10C1	172.169164882227	587.745182012848	segmented_cell	cancer_core
TONIC_TMA15_R10C1	1129.6125461254612	935.3542435424354	segmented_cell	cancer_core
TONIC_TMA15_R10C1	803.107	739.721	segmented_cell	cancer_core
TONIC_TMA15_R10C1	1309.4425087108011	126.94773519163763	segmented_cell	cancer_core
TONIC_TMA15_R10C1	1760.8820375335122	1219.5361930294905	segmented_cell	cancer_border
TONIC_TMA15_R10C1	1698.9703125	826.515625	segmented_cell	cancer_core
TONIC_TMA15_R10C1	353.58197932053173	556.8729689807976	segmented_cell	cancer_core
TONIC_TMA15_R10C1	849.4856459330143	6.677033492822966	segmented_cell	cancer_core
TONIC_TMA15_R10C1	784.9402173913044	777.6	segmented_cell	cancer_core
TONIC_TMA15_R10C1	1121.7254237288137	406.7322033898305	segmented_cell	cancer_core
TONIC_TMA15_R10C1	1954.881390593047	1944.7167689161556	segmented_cell	cancer_core
TONIC_TMA15_R10C1	837.2165898617511	253.33179723502303	segmented_cell	cancer_core
TONIC_TMA15_R10C1	722.7549019607843	444.7627450980392	segmented_cell	cancer_border
TONIC_TMA15_R10C1	1065.0845070422536	438.6291079812207	segmented_cell	cancer_border
TONIC_TMA15_R10C1	1389.9361344537815	1234.163025210084	segmented_cell	cancer_core
TONIC_TMA15_R10C1	1828.979865771812	1542.0536912751677	segmented_cell	cancer_core
TONIC_TMA15_R10C1	506.0851063829787	303.3989361702128	segmented_cell	cancer_core
TONIC_TMA15_R10C1	1155.2605042016808	1262.5672268907565	segmented_cell	cancer_core
TONIC_TMA15_R10C1	2006.0635208711435	795.2431941923775	segmented_cell	cancer_core
TONIC_TMA15_R10C1	741.7297297297297	33.40878378378378	segmented_cell	cancer_core
TONIC_TMA15_R10C1	934.6521739130436	817.9492753623189	segmented_cell	cancer_core
TONIC_TMA15_R10C1	133.291325695581	754.3960720130933	segmented_cell	cancer_core
TONIC_TMA15_R10C1	826.2596899224807	490.77131782945736	segmented_cell	cancer_core
TONIC_TMA15_R10C1	890.5093167701864	1937.6397515527951	segmented_cell	cancer_core
TONIC_TMA15_R10C1	138.98054919908466	1061.1990846681922	segmented_cell	cancer_core
TONIC_TMA15_R10C1	1038.696428571429	169.92857142857142	segmented_cell	cancer_core
TONIC_TMA15_R10C1	1865.739903069467	1318.3231017770595	segmented_cell	cancer_border
TONIC_TMA15_R10C1	801.7376425855514	1417.6273764258556	segmented_cell	cancer_core
TONIC_TMA15_R10C1	634.0168918918919	562.7567567567568	segmented_cell	cancer_core
TONIC_TMA15_R10C1	1994.7519818799549	104.3929784824462	segmented_cell	cancer_core
TONIC_TMA15_R10C1	1367.2609819121446	1343.1343669250646	segmented_cell	stroma_border
TONIC_TMA15_R10C1	1373.5333333333333	855.5683333333334	segmented_cell	cancer_core
TONIC_TMA15_R10C1	175.06460674157304	14.53370786516854	segmented_cell	stroma_border
TONIC_TMA15_R10C1	1771.559270516717	261.98632218844983	segmented_cell	cancer_core
TONIC_TMA15_R10C1	256.14334470989763	1001.6825938566552	segmented_cell	cancer_core
TONIC_TMA15_R10C1	314.4712918660287	534.188995215311	segmented_cell	cancer_core
TONIC_TMA15_R10C1	1693.8096446700508	169.9060913705584	segmented_cell	cancer_core
TONIC_TMA15_R10C1	1553.7124352331607	149.60103626943004	segmented_cell	cancer_core
TONIC_TMA15_R10C1	639.6380952380953	1239.184126984127	segmented_cell	cancer_core
TONIC_TMA15_R10C1	1501.6113360323886	1378.0404858299596	segmented_cell	cancer_core
TONIC_TMA15_R10C1	1780.8235294117646	1593.0986717267551	segmented_cell	cancer_core
TONIC_TMA15_R10C1	1946.3921568627447	862.9803921568628	segmented_cell	cancer_core
TONIC_TMA15_R10C1	2038.2776801405976	499.1001757469245	segmented_cell	cancer_core
TONIC_TMA15_R10C1	1586.7409200968525	850.0193704600484	segmented_cell	cancer_core
TONIC_TMA15_R10C1	757.5508771929825	567.8245614035088	segmented_cell	cancer_core
TONIC_TMA15_R10C1	690.1397379912664	638.9868995633187	segmented_cell	cancer_core
TONIC_TMA15_R10C1	1084.0168067226891	1849.7282913165263	segmented_cell	cancer_core
TONIC_TMA15_R10C1	1016.8432432432433	1236.0378378378375	segmented_cell	cancer_core
TONIC_TMA15_R10C1	72.32252252252252	1021.6576576576576	segmented_cell	cancer_core
TONIC_TMA15_R10C1	1722.8192771084337	290.0374832663989	segmented_cell	cancer_core
TONIC_TMA15_R10C1	718.6470588235294	1321.9427662957075	segmented_cell	cancer_core
TONIC_TMA15_R10C1	699.2597864768683	977.41162514828	segmented_cell	cancer_core
TONIC_TMA15_R10C1	1173.2984014209592	1246.189165186501	segmented_cell	cancer_core
TONIC_TMA15_R10C1	1161.3901515151515	1365.0681818181818	segmented_cell	cancer_core
TONIC_TMA15_R10C1	1913.9015384615384	398.8276923076923	segmented_cell	cancer_core
TONIC_TMA15_R10C1	1480.4995808885164	2000.246437552389	segmented_cell	cancer_core
TONIC_TMA15_R10C1	1904.5190217391305	871.9103260869565	segmented_cell	cancer_core
TONIC_TMA15_R10C1	375.3636363636364	1952.8068181818185	segmented_cell	cancer_core
TONIC_TMA15_R10C1	232.30886075949368	1906.820253164557	segmented_cell	cancer_core
TONIC_TMA15_R10C1	1273.025	1642.675	segmented_cell	cancer_core
TONIC_TMA15_R10C1	942.946096654275	1512.3197026022306	segmented_cell	cancer_core
TONIC_TMA15_R10C1	695.1720430107526	1454.6559139784947	segmented_cell	cancer_core
TONIC_TMA15_R10C1	1836.3716577540104	750.9010695187166	segmented_cell	cancer_core
TONIC_TMA15_R10C1	1255.5	1359.2857142857142	segmented_cell	cancer_core
TONIC_TMA15_R10C1	1740.8896434634974	537.918505942275	segmented_cell	cancer_core
TONIC_TMA15_R10C1	1447.1376673040154	854.5984703632887	segmented_cell	cancer_core
TONIC_TMA15_R10C1	1405.994736842105	1581.380263157895	segmented_cell	cancer_core
TONIC_TMA15_R10C1	7.688741721854305	745.5827814569536	segmented_cell	cancer_core
TONIC_TMA15_R10C1	1434.2404494382022	1695.0067415730337	segmented_cell	cancer_core
TONIC_TMA15_R10C1	669.1677852348994	1660.76414189837	segmented_cell	cancer_core
TONIC_TMA15_R10C1	1792.8472222222222	1737.1666666666667	segmented_cell	cancer_core
TONIC_TMA15_R10C1	1317.7108108108107	1866.3648648648648	segmented_cell	cancer_core
TONIC_TMA15_R10C1	1142.4907975460123	1816.138036809816	segmented_cell	cancer_core
TONIC_TMA15_R10C1	686.711590296496	735.3638814016173	segmented_cell	cancer_core
TONIC_TMA15_R10C1	286.377304964539	62.17304964539007	segmented_cell	cancer_core
TONIC_TMA15_R10C1	532.0492957746479	1326.0352112676055	segmented_cell	cancer_core
TONIC_TMA15_R10C1	2042.258064516129	522.0322580645161	segmented_cell	cancer_core
TONIC_TMA15_R10C1	1295.8743718592964	1545.824120603015	segmented_cell	cancer_core
TONIC_TMA15_R10C1	1197.9094865100087	1195.3994778067886	segmented_cell	cancer_core
TONIC_TMA15_R10C1	1512.088785046729	276.5093457943925	segmented_cell	cancer_core
TONIC_TMA15_R10C1	2002.219152854512	1531.230202578269	segmented_cell	cancer_core
TONIC_TMA15_R10C1	508.5230769230769	1810.3435897435895	segmented_cell	cancer_core
TONIC_TMA15_R10C1	185.65245901639344	1466.9327868852458	segmented_cell	cancer_core
TONIC_TMA15_R10C1	769.9494949494949	1126.9292929292928	segmented_cell	cancer_core
TONIC_TMA15_R10C1	2023.9282945736436	210.2577519379845	segmented_cell	cancer_core
TONIC_TMA15_R10C1	1374.279761904762	1110.684523809524	segmented_cell	cancer_core
TONIC_TMA15_R10C1	1507.577027027027	110.32027027027029	segmented_cell	cancer_core
TONIC_TMA15_R10C1	785.3229571984435	1630.84046692607	segmented_cell	cancer_core
TONIC_TMA15_R10C1	1025.229508196721	441.9918032786885	segmented_cell	stroma_border
TONIC_TMA15_R10C1	1958.80701754386	1300.423976608187	segmented_cell	cancer_core
TONIC_TMA15_R10C1	1749.938064516129	694.7819354838709	segmented_cell	cancer_core
TONIC_TMA15_R10C1	1255.237556561086	113.95927601809954	segmented_cell	cancer_core
TONIC_TMA15_R10C1	695.4738154613466	1306.4663341645885	segmented_cell	cancer_core
TONIC_TMA15_R10C1	966.169540229885	2003.364942528736	segmented_cell	cancer_core
TONIC_TMA15_R10C1	185.1401515151515	69.46780303030303	segmented_cell	cancer_border
TONIC_TMA15_R10C1	1644.3215434083602	679.9855305466237	segmented_cell	cancer_core
TONIC_TMA15_R10C1	648.4429223744293	1285.7922374429224	segmented_cell	cancer_core
TONIC_TMA15_R10C1	955.8057324840764	75.97770700636943	segmented_cell	cancer_core
TONIC_TMA15_R10C1	92.08264462809916	1502.0743801652893	segmented_cell	cancer_core
TONIC_TMA15_R10C1	837.0332480818414	616.2710997442455	segmented_cell	cancer_core
TONIC_TMA15_R10C1	1304.9389312977098	1823.202290076336	segmented_cell	cancer_core
TONIC_TMA15_R10C1	1147.0095693779904	1907.95374800638	segmented_cell	cancer_core
TONIC_TMA15_R10C1	620.8824427480916	64.85801526717557	segmented_cell	cancer_core
TONIC_TMA15_R10C1	267.73703703703706	1621.7728395061729	segmented_cell	cancer_core
TONIC_TMA15_R10C1	345.68458781362006	1420.831541218638	segmented_cell	cancer_core
TONIC_TMA15_R10C1	1578.8148148148148	379.1666666666667	segmented_cell	cancer_core
TONIC_TMA15_R10C1	560.4067796610169	1347.5457627118644	segmented_cell	cancer_core
TONIC_TMA15_R10C1	1153.8908188585608	235.50372208436724	segmented_cell	cancer_core
TONIC_TMA15_R10C1	31.73482428115016	1697.3642172523962	segmented_cell	cancer_core
TONIC_TMA15_R10C1	730.0043859649123	663.7894736842105	segmented_cell	cancer_core
TONIC_TMA15_R10C1	1178.335897435897	1001.0820512820512	segmented_cell	cancer_core
TONIC_TMA15_R10C1	1450.7333333333331	832.1733333333333	segmented_cell	cancer_core
TONIC_TMA15_R10C1	916.9337016574584	566.6574585635359	segmented_cell	cancer_core
TONIC_TMA15_R10C1	768.8088235294117	378.1911764705882	segmented_cell	cancer_border
TONIC_TMA15_R10C1	1185.6187150837989	1550.8561452513966	segmented_cell	cancer_core
TONIC_TMA15_R10C1	1342.849315068493	1561.958904109589	segmented_cell	cancer_core
TONIC_TMA15_R10C1	304.5607287449393	618.8866396761133	segmented_cell	cancer_core
TONIC_TMA15_R10C1	1624.5267857142858	555.5401785714286	segmented_cell	cancer_core
TONIC_TMA15_R10C1	261.3814432989691	309.7142857142857	segmented_cell	cancer_core
TONIC_TMA15_R10C1	1419.084745762712	1813.3389830508477	segmented_cell	cancer_core
TONIC_TMA15_R10C1	1162.2274590163934	1885.8565573770493	segmented_cell	cancer_core
TONIC_TMA15_R10C1	1513.9270833333333	724.6111111111111	segmented_cell	cancer_core
TONIC_TMA15_R10C1	2020.1666666666667	638.5	segmented_cell	cancer_core
TONIC_TMA15_R10C1	1126.9026548672566	1345.9174041297936	segmented_cell	cancer_core
TONIC_TMA15_R10C1	836.5883977900553	314.4917127071824	segmented_cell	cancer_core
TONIC_TMA15_R10C1	91.42635658914728	368.1472868217055	segmented_cell	cancer_core
TONIC_TMA15_R10C1	847.0909090909091	1473.909090909091	segmented_cell	cancer_core
TONIC_TMA15_R10C1	564.1164613661814	937.0380739081749	segmented_cell	cancer_border
TONIC_TMA15_R10C1	928.9365384615384	1654.5576923076924	segmented_cell	cancer_core
TONIC_TMA15_R10C1	624.6406779661017	1394.3152542372882	segmented_cell	cancer_core
TONIC_TMA15_R10C1	1871.595286885246	1177.7868852459017	segmented_cell	cancer_core
TONIC_TMA15_R10C1	634.6488095238095	2026.684523809524	segmented_cell	cancer_core
TONIC_TMA15_R10C1	1751.397860962567	1558.4021390374332	segmented_cell	cancer_core
TONIC_TMA15_R10C1	1168.318047337278	1488.3550295857988	segmented_cell	cancer_core
TONIC_TMA15_R10C1	1603.0020920502093	846.4414225941423	segmented_cell	cancer_core
TONIC_TMA15_R10C1	1015.859133126935	676.9442724458204	segmented_cell	cancer_core
TONIC_TMA15_R10C1	906.504555808656	1035.1025056947608	segmented_cell	cancer_core
TONIC_TMA15_R10C1	923.897435897436	998.7371794871794	segmented_cell	cancer_core
TONIC_TMA15_R10C1	1519.6190476190477	1935.334415584416	segmented_cell	cancer_core
TONIC_TMA15_R10C1	847.0163043478261	1506.0	segmented_cell	cancer_core
TONIC_TMA15_R10C1	1930.766037735849	332.8452830188679	segmented_cell	cancer_core
TONIC_TMA15_R10C1	224.2225656877898	807.4482225656878	segmented_cell	cancer_core
TONIC_TMA15_R10C1	681.1408629441624	369.6928934010152	segmented_cell	stroma_border
TONIC_TMA15_R10C1	1313.5637583892617	1176.758389261745	segmented_cell	cancer_core
TONIC_TMA15_R10C1	980.9971988795518	1523.1512605042017	segmented_cell	cancer_core
TONIC_TMA15_R10C1	1707.4257095158598	1729.7312186978295	segmented_cell	cancer_core
TONIC_TMA15_R10C1	1565.1038961038962	518.7662337662338	segmented_cell	cancer_core
TONIC_TMA15_R10C1	1409.9755351681956	555.6605504587156	segmented_cell	cancer_core
TONIC_TMA15_R10C1	584.2808370044053	1851.1101321585904	segmented_cell	cancer_core
TONIC_TMA15_R10C1	741.3378378378378	565.0540540540541	segmented_cell	cancer_core
TONIC_TMA15_R10C1	61.83551673944688	1786.5342066957787	segmented_cell	cancer_core
TONIC_TMA15_R10C1	964.2326869806094	1138.5484764542937	segmented_cell	cancer_core
TONIC_TMA15_R10C1	696.0138888888889	446.89722222222224	segmented_cell	cancer_border
TONIC_TMA15_R10C1	75.859375	359.515625	segmented_cell	cancer_core
TONIC_TMA15_R10C1	28.1968085106383	1535.271276595745	segmented_cell	cancer_core
TONIC_TMA15_R10C1	1782.481379310345	833.7931034482758	segmented_cell	cancer_core
TONIC_TMA15_R10C1	308.8909952606635	335.6516587677725	segmented_cell	cancer_core
TONIC_TMA15_R10C1	1180.6036036036037	1609.162162162162	segmented_cell	cancer_core
TONIC_TMA15_R10C1	188.8030303030303	894.5757575757576	segmented_cell	cancer_core
TONIC_TMA15_R10C1	1899.0668127053668	364.0832420591457	segmented_cell	cancer_core
TONIC_TMA15_R10C1	701.7859531772575	198.5284280936455	segmented_cell	cancer_core
TONIC_TMA15_R10C1	1077.3735849056604	1728.2716981132075	segmented_cell	cancer_core
TONIC_TMA15_R10C1	1270.665277777778	586.9611111111111	segmented_cell	cancer_border
TONIC_TMA15_R10C1	715.190635451505	1300.6053511705686	segmented_cell	cancer_core
TONIC_TMA15_R10C1	669.6586237712243	1889.911528150134	segmented_cell	cancer_core
TONIC_TMA15_R10C1	626.0580912863071	861.2800829875519	segmented_cell	cancer_border
TONIC_TMA15_R10C1	1535.7359307359309	1250.7305194805194	segmented_cell	cancer_core
TONIC_TMA15_R10C1	49.26849315068493	1857.172602739726	segmented_cell	cancer_core
TONIC_TMA15_R10C1	1184.9934210526317	1890.5263157894735	segmented_cell	cancer_core
TONIC_TMA15_R10C1	990.9197860962566	1114.802139037433	segmented_cell	cancer_core
TONIC_TMA15_R10C1	2015.010101010101	446.6717171717172	segmented_cell	cancer_core
TONIC_TMA15_R10C1	390.14204545454544	747.9204545454545	segmented_cell	cancer_core
TONIC_TMA15_R10C1	169.9241379310345	1023.9103448275862	segmented_cell	cancer_core
TONIC_TMA15_R10C1	428.3546218487395	550.981512605042	segmented_cell	cancer_core
TONIC_TMA15_R10C1	1083.703363914373	1677.782874617737	segmented_cell	cancer_core
TONIC_TMA15_R10C1	749.7011494252873	945.536398467433	segmented_cell	cancer_core
TONIC_TMA15_R10C1	640.4944237918215	2014.814126394052	segmented_cell	cancer_core
TONIC_TMA15_R10C1	142.46218487394958	792.5270108043218	segmented_cell	cancer_core
TONIC_TMA15_R10C1	137.18082191780823	1168.254794520548	segmented_cell	cancer_core
TONIC_TMA15_R10C1	559.9219653179191	330.0505780346821	segmented_cell	cancer_core
TONIC_TMA15_R10C1	671.1954674220963	686.4815864022663	segmented_cell	cancer_core
TONIC_TMA15_R10C1	208.0091743119266	501.76146788990826	segmented_cell	cancer_core
TONIC_TMA15_R10C1	270.30973451327435	1125.1681415929204	segmented_cell	cancer_core
TONIC_TMA15_R10C1	1197.8235294117646	595.4983660130719	segmented_cell	cancer_core
TONIC_TMA15_R10C1	1696.3967611336031	48.40890688259109	segmented_cell	cancer_core
TONIC_TMA15_R10C1	1008.7793814432988	1734.3154639175257	segmented_cell	cancer_core
TONIC_TMA15_R10C1	607.5478547854785	1176.9372937293729	segmented_cell	cancer_core
TONIC_TMA15_R10C1	1926.845953002611	711.6148825065275	segmented_cell	cancer_border
TONIC_TMA15_R10C1	1728.3321554770318	832.2959363957597	segmented_cell	cancer_core
TONIC_TMA15_R10C1	919.1757269279392	1736.793931731985	segmented_cell	cancer_core
TONIC_TMA15_R10C1	1697.739185750636	1621.1590330788804	segmented_cell	cancer_core
TONIC_TMA15_R10C1	5.546599496221663	596.176322418136	segmented_cell	cancer_core
TONIC_TMA15_R10C1	829.7857142857143	1855.2089947089944	segmented_cell	cancer_core
TONIC_TMA15_R10C1	909.179104477612	848.457711442786	segmented_cell	cancer_core
TONIC_TMA15_R10C1	742.6549019607843	706.5045751633987	segmented_cell	cancer_core
TONIC_TMA15_R10C1	1724.5621301775147	56.62130177514793	segmented_cell	cancer_core
TONIC_TMA15_R10C1	52.91624365482234	1182.4111675126903	segmented_cell	cancer_core
TONIC_TMA15_R10C1	1853.358348968105	935.7786116322702	segmented_cell	cancer_core
TONIC_TMA15_R10C1	1357.65	230.19736842105263	segmented_cell	cancer_core
TONIC_TMA15_R10C1	1276.6617647058824	1828.2279411764705	segmented_cell	cancer_core
TONIC_TMA15_R10C1	1917.4708994708997	1265.6613756613756	segmented_cell	cancer_core
TONIC_TMA15_R10C1	1081.9233511586451	603.3386809269163	segmented_cell	cancer_core
TONIC_TMA15_R10C1	313.99207397622195	1579.3170409511229	segmented_cell	cancer_core
TONIC_TMA15_R10C1	1314.0426136363635	1779.2130681818182	segmented_cell	cancer_core
TONIC_TMA15_R10C1	2034.788990825688	1121.8509174311926	segmented_cell	cancer_core
TONIC_TMA15_R10C1	885.1788413098237	1055.1297229219144	segmented_cell	cancer_core
TONIC_TMA15_R10C1	1610.4114713216957	723.8478802992519	segmented_cell	cancer_core
TONIC_TMA15_R10C1	1152.2511013215858	694.9383259911895	segmented_cell	cancer_core
TONIC_TMA15_R10C1	1427.4418300653597	1666.516339869281	segmented_cell	cancer_core
TONIC_TMA15_R10C1	624.7745098039215	709.343137254902	segmented_cell	cancer_core
TONIC_TMA15_R10C1	231.9558101472995	1625.4157119476267	segmented_cell	cancer_core
TONIC_TMA15_R10C1	588.0569948186528	1214.7150259067355	segmented_cell	cancer_core
TONIC_TMA15_R10C1	1335.1067503924646	206.01098901098905	segmented_cell	cancer_core
TONIC_TMA15_R10C1	1933.7731343283583	1631.1164179104478	segmented_cell	cancer_core
TONIC_TMA15_R10C1	1242.6812933025403	452.6743648960739	segmented_cell	cancer_core
TONIC_TMA15_R10C1	1277.2268041237114	1047.480412371134	segmented_cell	cancer_core
TONIC_TMA15_R10C1	581.1123348017621	1318.8590308370044	segmented_cell	cancer_core
TONIC_TMA15_R10C1	352.3875598086124	146.1244019138756	segmented_cell	cancer_core
TONIC_TMA15_R10C1	1167.3666666666666	869.78	segmented_cell	cancer_core
TONIC_TMA15_R10C1	1402.2457912457912	1012.6464646464648	segmented_cell	cancer_core
TONIC_TMA15_R10C1	1213.0723981900453	2039.7013574660637	segmented_cell	cancer_core
TONIC_TMA15_R10C1	698.6293800539083	1963.376010781671	segmented_cell	cancer_core
TONIC_TMA15_R10C1	1659.7549234135668	243.1126914660832	segmented_cell	cancer_core
TONIC_TMA15_R10C1	330.89816700611	836.8594704684318	segmented_cell	cancer_border
TONIC_TMA15_R10C1	1699.673202614379	1867.7254901960785	segmented_cell	cancer_border
TONIC_TMA15_R10C1	474.1268292682927	484.719512195122	segmented_cell	cancer_core
TONIC_TMA15_R10C1	347.8636363636364	790.3776223776224	segmented_cell	cancer_core
TONIC_TMA15_R10C1	1272.7227912932135	748.027528809219	segmented_cell	cancer_core
TONIC_TMA15_R10C1	1650.851063829787	1376.9497098646034	segmented_cell	cancer_core
TONIC_TMA15_R10C1	156.4944532488114	1645.1045958795562	segmented_cell	cancer_core
TONIC_TMA15_R10C1	1253.1193317422435	1212.200477326969	segmented_cell	cancer_core
TONIC_TMA15_R10C1	463.01742160278746	1222.142857142857	segmented_cell	cancer_core
TONIC_TMA15_R10C1	699.4697986577181	60.15436241610738	segmented_cell	cancer_core
TONIC_TMA15_R10C1	1809.534458509142	188.9732770745429	segmented_cell	cancer_core
TONIC_TMA15_R10C1	5.863636363636363	679.8286713286714	segmented_cell	cancer_core
TONIC_TMA15_R10C1	594.0125	61.0625	segmented_cell	cancer_core
TONIC_TMA15_R10C1	1869.8162251655629	1493.4801324503312	segmented_cell	cancer_core
TONIC_TMA15_R10C1	653.6913319238901	1092.9270613107822	segmented_cell	cancer_core
TONIC_TMA15_R10C1	714.0531914893617	1077.0886524822697	segmented_cell	cancer_core
TONIC_TMA15_R10C1	1409.7135416666667	1824.9427083333333	segmented_cell	cancer_core
TONIC_TMA15_R10C1	449.02097902097904	46.85664335664335	segmented_cell	cancer_core
TONIC_TMA15_R10C1	1591.3176043557169	290.6442831215971	segmented_cell	cancer_core
TONIC_TMA15_R10C1	329.78694158075604	602.3006872852234	segmented_cell	cancer_core
TONIC_TMA15_R10C1	1934.452380952381	1920.3831168831168	segmented_cell	cancer_core
TONIC_TMA15_R10C1	446.2805755395684	1509.151079136691	segmented_cell	cancer_core
TONIC_TMA15_R10C1	304.96153846153845	913.7457264957264	segmented_cell	cancer_border
TONIC_TMA15_R10C1	306.0	1603.8021308980212	segmented_cell	cancer_core
TONIC_TMA15_R10C1	60.13854595336077	1159.4074074074074	segmented_cell	cancer_core
TONIC_TMA15_R10C1	1312.6258890469417	1419.786628733997	segmented_cell	cancer_core
TONIC_TMA15_R10C1	235.1583850931677	1690.1149068322982	segmented_cell	cancer_core
TONIC_TMA15_R10C1	854.2400722021661	1630.4296028880867	segmented_cell	cancer_core
TONIC_TMA15_R10C1	1290.131067961165	1749.4514563106795	segmented_cell	cancer_core
TONIC_TMA15_R10C1	585.6564171122994	220.61631016042784	segmented_cell	cancer_core
TONIC_TMA15_R10C1	1655.142857142857	625.1916817359855	segmented_cell	cancer_core
TONIC_TMA15_R10C1	195.4346846846847	1296.90990990991	segmented_cell	cancer_core
TONIC_TMA15_R10C1	1177.0248138957816	356.01736972704714	segmented_cell	cancer_core
TONIC_TMA15_R10C1	805.68	1430.6533333333334	segmented_cell	cancer_core
TONIC_TMA15_R10C1	330.9684813753582	1295.9656160458453	segmented_cell	cancer_core
TONIC_TMA15_R10C1	1552.3374233128834	1604.5447852760735	segmented_cell	cancer_core
TONIC_TMA15_R10C1	240.29556650246303	1672.665024630542	segmented_cell	cancer_core
TONIC_TMA15_R10C1	1906.4242424242425	793.5030303030303	segmented_cell	cancer_border
TONIC_TMA15_R10C1	2038.360655737705	941.0737704918032	segmented_cell	cancer_core
TONIC_TMA15_R10C1	769.3916666666667	759.3708333333333	segmented_cell	cancer_core
TONIC_TMA15_R10C1	589.4415807560138	675.3436426116839	segmented_cell	cancer_core
TONIC_TMA15_R10C1	1433.2073170731708	1375.4735772357724	segmented_cell	stroma_border
TONIC_TMA15_R10C1	651.2044198895028	1832.9019337016573	segmented_cell	cancer_core
TONIC_TMA15_R10C1	1578.5082508250823	1358.079207920792	segmented_cell	cancer_core
TONIC_TMA15_R10C1	1512.4027565084227	2007.998468606432	segmented_cell	cancer_core
TONIC_TMA15_R10C1	676.3254437869823	838.3688362919132	segmented_cell	cancer_core
TONIC_TMA15_R10C1	586.3181818181819	760.5757575757576	segmented_cell	cancer_border
TONIC_TMA15_R10C1	465.3503875968992	625.4775193798449	segmented_cell	cancer_core
TONIC_TMA15_R10C1	907.5052083333334	890.5598958333334	segmented_cell	cancer_core
TONIC_TMA15_R10C1	89.01247771836007	610.9001782531194	segmented_cell	cancer_core
TONIC_TMA15_R10C1	201.38625204582647	828.3829787234042	segmented_cell	cancer_core
TONIC_TMA15_R10C1	1905.2561334641805	1072.7409224730127	segmented_cell	cancer_core
TONIC_TMA15_R10C1	52.43229166666666	1475.0950520833333	segmented_cell	cancer_core
TONIC_TMA15_R10C1	256.1227848101266	707.4291139240506	segmented_cell	cancer_core
TONIC_TMA15_R10C1	1942.7593818984544	939.9050772626932	segmented_cell	cancer_core
TONIC_TMA15_R10C1	772.8693284936479	1042.8148820326678	segmented_cell	cancer_core
TONIC_TMA15_R10C1	1327.2114537444934	1700.345080763583	segmented_cell	cancer_core
TONIC_TMA15_R10C1	569.9439252336449	1601.8481308411217	segmented_cell	cancer_core
TONIC_TMA15_R10C1	1871.7938775510204	1567.2081632653062	segmented_cell	cancer_core
TONIC_TMA15_R10C1	715.8693467336683	213.33165829145727	segmented_cell	cancer_core
TONIC_TMA15_R10C1	466.10076045627375	1505.842205323194	segmented_cell	cancer_core
TONIC_TMA15_R10C1	917.2737226277372	402.3138686131387	segmented_cell	cancer_border
TONIC_TMA15_R10C1	1426.2378048780488	2024.908536585366	segmented_cell	cancer_core
TONIC_TMA15_R10C1	450.5347593582888	7.729946524064171	segmented_cell	cancer_core
TONIC_TMA15_R10C1	914.8071979434447	1836.840616966581	segmented_cell	cancer_core
TONIC_TMA15_R10C1	1565.14	992.636923076923	segmented_cell	cancer_core
TONIC_TMA15_R10C1	666.8273381294964	1547.3980815347722	segmented_cell	cancer_core
TONIC_TMA15_R10C1	728.3414634146342	2042.756097560976	segmented_cell	cancer_core
TONIC_TMA15_R10C1	1620.8901960784317	835.0274509803921	segmented_cell	cancer_core
TONIC_TMA15_R10C1	1566.2690839694656	66.89885496183206	segmented_cell	cancer_core
TONIC_TMA15_R10C1	1685.8077753779698	949.0647948164146	segmented_cell	cancer_core
TONIC_TMA15_R10C1	928.7295918367348	1138.591836734694	segmented_cell	cancer_core
TONIC_TMA15_R10C1	1227.8023032629558	437.8253358925144	segmented_cell	cancer_core
TONIC_TMA15_R10C1	409.27272727272725	1440.840909090909	segmented_cell	cancer_core
TONIC_TMA15_R10C1	1644.7056737588653	764.4491725768321	segmented_cell	cancer_core
TONIC_TMA15_R10C1	1339.281690140845	1868.156690140845	segmented_cell	cancer_core
TONIC_TMA15_R10C1	505.2857142857143	384.44642857142856	segmented_cell	cancer_core
TONIC_TMA15_R10C1	1401.9495192307693	1701.1899038461538	segmented_cell	cancer_core
TONIC_TMA15_R10C1	1236.760975609756	1522.7073170731708	segmented_cell	cancer_core
TONIC_TMA15_R10C1	1386.4184615384615	1096.5723076923075	segmented_cell	cancer_core
TONIC_TMA15_R10C1	1528.163596966414	1290.8114842903576	segmented_cell	cancer_core
TONIC_TMA15_R10C1	102.87890625	976.3359375	segmented_cell	cancer_core
TONIC_TMA15_R10C1	641.5677083333334	1408.0677083333333	segmented_cell	cancer_core
TONIC_TMA15_R10C1	1569.7749469214436	236.54140127388536	segmented_cell	cancer_core
TONIC_TMA15_R10C1	1641.786956521739	983.6608695652174	segmented_cell	cancer_core
TONIC_TMA15_R10C1	1352.720744680851	343.969414893617	segmented_cell	cancer_core
TONIC_TMA15_R10C1	578.013986013986	7.0979020979020975	segmented_cell	cancer_core
TONIC_TMA15_R10C1	598.2844036697247	770.151376146789	segmented_cell	cancer_border
TONIC_TMA15_R10C1	1110.363387978142	1188.2513661202186	segmented_cell	cancer_core
TONIC_TMA15_R10C1	821.0403225806451	1614.5887096774193	segmented_cell	cancer_core
TONIC_TMA15_R10C1	229.2766798418972	1957.4466403162053	segmented_cell	cancer_core
TONIC_TMA15_R10C1	1742.5217889908256	1175.6685779816514	segmented_cell	cancer_border
TONIC_TMA15_R10C1	1550.7045454545455	1976.5681818181815	segmented_cell	cancer_border
TONIC_TMA15_R10C1	69.72664835164835	1818.3914835164835	segmented_cell	cancer_core
TONIC_TMA15_R10C1	645.4721603563474	940.6781737193764	segmented_cell	cancer_core
TONIC_TMA15_R10C1	1928.772334293948	171.05475504322766	segmented_cell	cancer_core
TONIC_TMA15_R10C1	1565.6855670103091	484.08247422680415	segmented_cell	cancer_core
TONIC_TMA15_R10C1	1461.743842364532	34.75369458128079	segmented_cell	cancer_core
TONIC_TMA15_R10C1	1788.9442508710802	1544.9268292682927	segmented_cell	cancer_core
TONIC_TMA15_R10C1	1047.180904522613	485.7286432160804	segmented_cell	cancer_core
TONIC_TMA15_R10C1	1029.3779637377963	1682.8744769874477	segmented_cell	cancer_core
TONIC_TMA15_R10C1	627.9506666666666	840.4746666666666	segmented_cell	cancer_border
TONIC_TMA15_R10C1	1130.6045197740114	104.17796610169492	segmented_cell	cancer_core
TONIC_TMA15_R10C1	314.02923976608184	1064.2124756335284	segmented_cell	cancer_core
TONIC_TMA15_R10C1	334.2831325301205	673.6204819277109	segmented_cell	cancer_core
TONIC_TMA15_R10C1	861.290909090909	1570.1151515151514	segmented_cell	cancer_core
TONIC_TMA15_R10C1	1924.4369973190348	1746.8156836461126	segmented_cell	cancer_core
TONIC_TMA15_R10C1	212.4024024024024	976.957957957958	segmented_cell	cancer_core
TONIC_TMA15_R10C1	1668.203539823009	904.8053097345132	segmented_cell	cancer_core
TONIC_TMA15_R10C1	1273.6553672316384	297.4689265536723	segmented_cell	cancer_core
TONIC_TMA15_R10C1	1319.2432113341204	763.8311688311688	segmented_cell	cancer_core
TONIC_TMA15_R10C1	348.1818181818182	1218.5757575757575	segmented_cell	cancer_core
TONIC_TMA15_R10C1	1525.0612648221345	1115.509881422925	segmented_cell	cancer_core
TONIC_TMA15_R10C1	845.9431968295905	1962.410832232497	segmented_cell	cancer_core
TONIC_TMA15_R10C1	810.5953177257525	1947.297658862876	segmented_cell	cancer_core
TONIC_TMA15_R10C1	1028.2189349112425	1350.7514792899408	segmented_cell	cancer_core
TONIC_TMA15_R10C1	129.45401174168296	1023.0743639921724	segmented_cell	cancer_core
TONIC_TMA15_R10C1	1227.216	120.596	segmented_cell	cancer_core
TONIC_TMA15_R10C1	1654.7602179836513	351.5149863760218	segmented_cell	cancer_core
TONIC_TMA15_R10C1	404.0625	1726.875	segmented_cell	cancer_core
TONIC_TMA15_R10C1	1316.0625	846.39375	segmented_cell	cancer_core
TONIC_TMA15_R10C1	2020.242747187685	599.7193605683836	segmented_cell	cancer_core
TONIC_TMA15_R10C1	1796.2847682119204	1030.5430463576158	segmented_cell	cancer_core
TONIC_TMA15_R10C1	428.45402298850576	735.6752873563219	segmented_cell	cancer_border
TONIC_TMA15_R10C1	1154.927561837456	790.8462897526501	segmented_cell	cancer_core
TONIC_TMA15_R10C1	1190.785016286645	1061.5472312703582	segmented_cell	cancer_core
TONIC_TMA15_R10C1	1813.5719626168225	520.5308411214953	segmented_cell	cancer_core
TONIC_TMA15_R10C1	286.4072790294628	1647.3934142114383	segmented_cell	cancer_core
TONIC_TMA15_R10C1	682.4779614325068	1246.7727272727273	segmented_cell	cancer_core
TONIC_TMA15_R10C1	1894.0236842105264	396.3171052631579	segmented_cell	cancer_core
TONIC_TMA15_R10C1	230.98817567567568	1084.320945945946	segmented_cell	cancer_core
TONIC_TMA15_R10C1	1277.998909487459	109.94111232279172	segmented_cell	cancer_core
TONIC_TMA15_R10C1	815.9033333333333	1529.5466666666666	segmented_cell	cancer_core
TONIC_TMA15_R10C1	1837.8461538461536	1123.733173076923	segmented_cell	cancer_core
TONIC_TMA15_R10C1	149.34965034965035	1088.7202797202797	segmented_cell	cancer_core
TONIC_TMA15_R10C1	1297.7163461538462	1699.3461538461538	segmented_cell	cancer_core
TONIC_TMA15_R10C1	918.8807829181496	1713.8807829181494	segmented_cell	cancer_core
TONIC_TMA15_R10C1	1234.2669584245075	1996.035010940919	segmented_cell	cancer_core
TONIC_TMA15_R10C1	979.8307692307692	1585.0282051282052	segmented_cell	cancer_core
TONIC_TMA15_R10C1	801.7454545454545	4.777272727272727	segmented_cell	cancer_core
TONIC_TMA15_R10C1	1674.0328638497654	1158.1924882629107	segmented_cell	cancer_core
TONIC_TMA15_R10C1	1432.6817359855334	1502.2983725135623	segmented_cell	cancer_core
TONIC_TMA15_R10C1	853.7772020725389	1010.9455958549224	segmented_cell	cancer_core
TONIC_TMA15_R10C1	154.97767857142858	1199.330357142857	segmented_cell	cancer_core
TONIC_TMA15_R10C1	636.2948960302457	120.41020793950852	segmented_cell	cancer_border
TONIC_TMA15_R10C1	563.204	787.632	segmented_cell	cancer_border
TONIC_TMA15_R10C1	1659.2575757575758	568.939393939394	segmented_cell	cancer_core
TONIC_TMA15_R10C1	1877.7838899803537	920.935166994106	segmented_cell	cancer_core
TONIC_TMA15_R10C1	514.1183574879227	1249.7101449275362	segmented_cell	cancer_core
TONIC_TMA15_R10C1	297.8771186440678	1210.466101694915	segmented_cell	cancer_core
TONIC_TMA15_R10C1	1390.8338983050849	725.5898305084746	segmented_cell	cancer_core
TONIC_TMA15_R10C1	258.6158536585366	799.0914634146342	segmented_cell	cancer_core
TONIC_TMA15_R10C1	1425.2789223454834	347.9270998415214	segmented_cell	cancer_core
TONIC_TMA15_R10C1	1676.6703910614526	1697.209497206704	segmented_cell	cancer_core
TONIC_TMA15_R10C1	945.7526455026456	2010.350529100529	segmented_cell	cancer_core
TONIC_TMA15_R10C1	1928.2717219589256	1438.1864139020538	segmented_cell	cancer_core
TONIC_TMA15_R10C1	1007.6300211416492	537.9154334038055	segmented_cell	cancer_core
TONIC_TMA15_R10C1	823.5429292929293	1192.7777777777778	segmented_cell	cancer_core
TONIC_TMA15_R10C1	1137.098272138229	1382.6781857451404	segmented_cell	cancer_core
TONIC_TMA15_R10C1	88.52457002457002	1153.8771498771498	segmented_cell	cancer_core
TONIC_TMA15_R10C1	1671.313969571231	1289.3706777316736	segmented_cell	cancer_core
TONIC_TMA15_R10C1	1034.4889380530974	744.1216814159292	segmented_cell	cancer_core
TONIC_TMA15_R10C1	1160.228	1049.008	segmented_cell	cancer_core
TONIC_TMA15_R10C1	828.3728813559322	1267.9604519774011	segmented_cell	cancer_core
TONIC_TMA15_R10C1	859.2565789473684	815.2763157894736	segmented_cell	cancer_core
TONIC_TMA15_R10C1	1177.4192708333333	1309.171875	segmented_cell	cancer_core
TONIC_TMA15_R10C1	204.14800759013283	83.06261859582543	segmented_cell	cancer_core
TONIC_TMA15_R10C1	1168.4158878504672	1735.266355140187	segmented_cell	cancer_core
TONIC_TMA15_R10C1	152.49012567324957	139.3123877917415	segmented_cell	cancer_core
TONIC_TMA15_R10C1	1659.450980392157	736.4488017429194	segmented_cell	cancer_core
TONIC_TMA15_R10C1	1984.806295399516	715.3583535108959	segmented_cell	cancer_core
TONIC_TMA15_R10C1	878.6086956521739	645.0434782608696	segmented_cell	cancer_core
TONIC_TMA15_R10C1	1763.58125	894.390625	segmented_cell	cancer_core
TONIC_TMA15_R10C1	1510.0176470588235	1898.535294117647	segmented_cell	cancer_border
TONIC_TMA15_R10C1	1595.741071428571	1859.517857142857	segmented_cell	stroma_border
TONIC_TMA15_R10C1	112.7005076142132	1264.4314720812183	segmented_cell	cancer_core
TONIC_TMA15_R10C1	504.2474526928675	233.53711790393007	segmented_cell	cancer_core
TONIC_TMA15_R10C1	1926.351963746224	1294.1933534743202	segmented_cell	cancer_core
TONIC_TMA15_R10C1	232.6877551020408	165.36122448979592	segmented_cell	cancer_core
TONIC_TMA15_R10C1	1331.589705882353	254.68823529411765	segmented_cell	cancer_core
TONIC_TMA15_R10C1	1573.7323037323038	1225.930501930502	segmented_cell	cancer_core
TONIC_TMA15_R10C1	770.3389423076923	836.34375	segmented_cell	cancer_core
TONIC_TMA15_R10C1	1756.7978947368422	1592.1894736842105	segmented_cell	cancer_core
TONIC_TMA15_R10C1	1004.2536656891496	1019.5102639296188	segmented_cell	cancer_core
TONIC_TMA15_R10C1	801.3602150537635	1083.668458781362	segmented_cell	cancer_core
TONIC_TMA15_R10C1	1451.1479591836735	524.6173469387755	segmented_cell	cancer_core
TONIC_TMA15_R10C1	134.21760391198043	1654.476772616137	segmented_cell	cancer_core
TONIC_TMA15_R10C1	1748.5071770334928	1200.5047846889952	segmented_cell	cancer_border
TONIC_TMA15_R10C1	1169.041297935103	1510.6253687315634	segmented_cell	cancer_core
TONIC_TMA15_R10C1	646.9586206896552	1658.5241379310344	segmented_cell	cancer_core
TONIC_TMA15_R10C1	939.3539823008848	501.92035398230087	segmented_cell	cancer_core
TONIC_TMA15_R10C1	1970.156862745098	1010.1490196078432	segmented_cell	cancer_core
TONIC_TMA15_R10C1	1685.2265193370165	290.060773480663	segmented_cell	cancer_core
TONIC_TMA15_R10C1	1815.8755846585595	1213.4340505144996	segmented_cell	cancer_border
TONIC_TMA15_R10C1	533.2736842105263	1716.9438596491227	segmented_cell	cancer_core
TONIC_TMA15_R10C1	1956.7569832402237	342.7737430167598	segmented_cell	cancer_core
TONIC_TMA15_R10C1	680.0756302521008	1475.87675070028	segmented_cell	cancer_core
TONIC_TMA15_R10C1	133.5448954489545	1204.4932349323494	segmented_cell	cancer_core
TONIC_TMA15_R10C1	564.2246065808298	1219.230329041488	segmented_cell	cancer_core
TONIC_TMA15_R10C1	1870.3140625	1601.16875	segmented_cell	cancer_core
TONIC_TMA15_R10C1	1888.6671924290224	1011.167192429022	segmented_cell	cancer_core
TONIC_TMA15_R10C1	1849.1989924433249	117.97732997481108	segmented_cell	cancer_core
TONIC_TMA15_R10C1	1055.2107438016528	1675.965564738292	segmented_cell	cancer_core
TONIC_TMA15_R10C1	676.7156862745098	797.9921568627451	segmented_cell	cancer_border
TONIC_TMA15_R10C1	21.671875	680.0078125	segmented_cell	cancer_core
TONIC_TMA15_R10C1	6.903307888040713	236.78880407124683	segmented_cell	cancer_core
TONIC_TMA15_R10C1	906.4475308641976	1434.6450617283951	segmented_cell	cancer_core
TONIC_TMA15_R10C1	2010.4382978723404	997.3765957446808	segmented_cell	cancer_core
TONIC_TMA15_R10C1	665.1073253833049	390.4770017035775	segmented_cell	cancer_border
TONIC_TMA15_R10C1	709.022026431718	1402.1629955947135	segmented_cell	cancer_core
TONIC_TMA15_R10C1	2041.8842443729905	578.7974276527331	segmented_cell	cancer_core
TONIC_TMA15_R10C1	1500.199203187251	226.9581673306773	segmented_cell	cancer_core
TONIC_TMA15_R10C1	682.9204545454545	1113.9805194805194	segmented_cell	cancer_core
TONIC_TMA15_R10C1	1647.2683823529412	264.0735294117647	segmented_cell	cancer_core
TONIC_TMA15_R10C1	1361.9272727272728	1311.6621212121213	segmented_cell	stroma_border
TONIC_TMA15_R10C1	683.2278481012659	1827.3645569620253	segmented_cell	cancer_core
TONIC_TMA15_R10C1	1571.3340380549682	149.18393234672303	segmented_cell	cancer_core
TONIC_TMA15_R10C1	1702.5184049079755	399.9662576687117	segmented_cell	cancer_core
TONIC_TMA15_R10C1	1765.209469153515	179.08751793400288	segmented_cell	cancer_core
TONIC_TMA15_R10C1	325.577868852459	575.5532786885246	segmented_cell	cancer_core
TONIC_TMA15_R10C1	279.4942903752039	151.30995106035888	segmented_cell	cancer_core
TONIC_TMA15_R10C1	134.60495867768594	1591.3322314049587	segmented_cell	cancer_core
TONIC_TMA15_R10C1	707.5228426395939	510.7944162436549	segmented_cell	cancer_core
TONIC_TMA15_R10C1	261.2824427480916	1390.412213740458	segmented_cell	cancer_core
TONIC_TMA15_R10C1	834.4718045112782	1944.96992481203	segmented_cell	cancer_core
TONIC_TMA15_R10C1	1401.8464419475656	931.9775280898876	segmented_cell	cancer_core
TONIC_TMA15_R10C1	1577.8260869565215	1129.7521739130434	segmented_cell	cancer_core
TONIC_TMA15_R10C1	1698.887837837838	211.90675675675675	segmented_cell	cancer_core
TONIC_TMA15_R10C1	986.5557324840764	1606.25	segmented_cell	cancer_core
TONIC_TMA15_R10C1	1213.684112149533	1713.377570093458	segmented_cell	cancer_core
TONIC_TMA15_R10C1	824.5990836197021	437.6678121420389	segmented_cell	cancer_border
TONIC_TMA15_R10C1	348.5720338983051	1115.3050847457628	segmented_cell	cancer_core
TONIC_TMA15_R10C1	952.5763358778626	747.6323155216285	segmented_cell	cancer_core
TONIC_TMA15_R10C1	264.34888438133873	1830.772819472617	segmented_cell	cancer_core
TONIC_TMA15_R10C1	31.526475037821484	159.75491679273827	segmented_cell	cancer_core
TONIC_TMA15_R10C1	1740.826280623608	416.3266518188567	segmented_cell	cancer_core
TONIC_TMA15_R10C1	1661.139393939394	491.6393939393939	segmented_cell	cancer_core
TONIC_TMA15_R10C1	257.3018134715026	1976.5699481865288	segmented_cell	cancer_core
TONIC_TMA15_R10C1	1147.7713004484306	2041.645739910314	segmented_cell	cancer_core
TONIC_TMA15_R10C1	1944.98046875	823.78515625	segmented_cell	cancer_core
TONIC_TMA15_R10C1	2021.9588652482269	309.9744680851064	segmented_cell	cancer_core
TONIC_TMA15_R10C1	1390.3117870722433	119.66539923954372	segmented_cell	cancer_core
TONIC_TMA15_R10C1	852.3061224489796	630.3411078717202	segmented_cell	cancer_core
TONIC_TMA15_R10C1	502.0054644808743	1136.9726775956285	segmented_cell	cancer_core
TONIC_TMA15_R10C1	1131.113172541744	1148.8886827458257	segmented_cell	cancer_core
TONIC_TMA15_R10C1	1893.764705882353	1441.0409982174688	segmented_cell	cancer_core
TONIC_TMA15_R10C1	556.553738317757	1557.1144859813085	segmented_cell	cancer_core
TONIC_TMA15_R10C1	433.4147157190636	1711.7792642140469	segmented_cell	cancer_core
TONIC_TMA15_R10C1	575.1148648648649	292.06081081081084	segmented_cell	cancer_core
TONIC_TMA15_R10C1	1221.6451048951049	1858.875874125874	segmented_cell	cancer_core
TONIC_TMA15_R10C1	1111.4698795180725	569.8373493975904	segmented_cell	cancer_core
TONIC_TMA15_R10C1	547.7045454545455	2003.7007575757573	segmented_cell	cancer_core
TONIC_TMA15_R10C1	802.5	1903.9522613065328	segmented_cell	cancer_core
TONIC_TMA15_R10C1	698.9032258064516	1632.4903225806452	segmented_cell	cancer_core
TONIC_TMA15_R10C1	279.54857142857145	417.98285714285714	segmented_cell	cancer_core
TONIC_TMA15_R10C1	668.4583333333334	562.2222222222222	segmented_cell	cancer_core
TONIC_TMA15_R10C1	806.8025751072961	177.67238912732475	segmented_cell	cancer_core
TONIC_TMA15_R10C1	240.07529411764705	2035.283529411765	segmented_cell	cancer_core
TONIC_TMA15_R10C1	315.5655737704918	1382.986338797814	segmented_cell	cancer_core
TONIC_TMA15_R10C1	1125.4922222222222	543.0233333333333	segmented_cell	cancer_core
TONIC_TMA15_R10C1	368.4059040590406	360.8277982779828	segmented_cell	cancer_core
TONIC_TMA15_R10C1	1633.125260960334	1717.4300626304805	segmented_cell	cancer_core
TONIC_TMA15_R10C1	361.7052401746725	426.5720524017467	segmented_cell	cancer_core
TONIC_TMA15_R10C1	807.6136363636364	129.02272727272728	segmented_cell	cancer_border
TONIC_TMA15_R10C1	2003.5593542260208	1125.378917378917	segmented_cell	cancer_core
TONIC_TMA15_R10C1	970.0780287474332	1025.394250513347	segmented_cell	cancer_core
TONIC_TMA15_R10C1	702.9835820895522	772.3	segmented_cell	cancer_core
TONIC_TMA15_R10C1	79.87238095238095	1335.9561904761904	segmented_cell	cancer_core
TONIC_TMA15_R10C1	1894.5888223552893	470.5848303393213	segmented_cell	cancer_core
TONIC_TMA15_R10C1	1684.763071895425	973.5555555555557	segmented_cell	cancer_core
TONIC_TMA15_R10C1	830.5622009569378	878.6267942583733	segmented_cell	cancer_core
TONIC_TMA15_R10C1	317.95454545454544	674.8484848484849	segmented_cell	cancer_core
TONIC_TMA15_R10C1	1734.1386861313867	1384.1861313868612	segmented_cell	cancer_core
TONIC_TMA15_R10C1	1142.2926829268292	1628.5243902439024	segmented_cell	cancer_core
TONIC_TMA15_R10C1	726.6221837088389	1106.0381282495666	segmented_cell	cancer_core
TONIC_TMA15_R10C1	1627.2514792899408	1757.698224852071	segmented_cell	cancer_border
TONIC_TMA15_R10C1	479.9105914718019	1390.3163686382393	segmented_cell	cancer_core
TONIC_TMA15_R10C1	468.20679886685554	146.69405099150143	segmented_cell	cancer_core
TONIC_TMA15_R10C1	893.8918032786885	1204.7147540983606	segmented_cell	cancer_core
TONIC_TMA15_R10C1	1015.3846153846154	1667.6	segmented_cell	cancer_core
TONIC_TMA15_R10C1	605.5915178571429	1519.845982142857	segmented_cell	cancer_core
TONIC_TMA15_R10C1	1172.620396600567	576.2804532577903	segmented_cell	cancer_core
TONIC_TMA15_R10C1	399.2230576441103	604.9674185463659	segmented_cell	cancer_core
TONIC_TMA15_R10C1	729.9431279620853	273.5165876777251	segmented_cell	cancer_core
TONIC_TMA15_R10C1	1339.5083333333334	1810.9333333333332	segmented_cell	cancer_core
TONIC_TMA15_R10C1	1089.268221574344	1705.6734693877552	segmented_cell	cancer_core
TONIC_TMA15_R10C1	479.9917355371901	731.1955922865013	segmented_cell	cancer_border
TONIC_TMA15_R10C1	1093.4081364829397	1267.7125984251968	segmented_cell	cancer_core
TONIC_TMA15_R10C1	1461.42	2044.8	segmented_cell	cancer_core
TONIC_TMA15_R10C1	37.7379767827529	1904.9701492537315	segmented_cell	cancer_core
TONIC_TMA15_R10C1	39.85833333333333	844.1583333333333	segmented_cell	cancer_core
TONIC_TMA15_R10C1	1531.3474409448818	286.9685039370079	segmented_cell	cancer_core
TONIC_TMA15_R10C1	588.9050632911392	300.7974683544304	segmented_cell	cancer_core
TONIC_TMA15_R10C1	1319.478138222849	1202.2820874471086	segmented_cell	cancer_core
TONIC_TMA15_R10C1	1096.762677484787	1930.3833671399595	segmented_cell	cancer_core
TONIC_TMA15_R10C1	1323.8920863309352	1669.011990407674	segmented_cell	cancer_core
TONIC_TMA15_R10C1	508.59537572254334	45.283236994219656	segmented_cell	cancer_core
TONIC_TMA15_R10C1	1685.6695652173912	613.6869565217391	segmented_cell	cancer_core
TONIC_TMA15_R10C1	896.1758241758242	908.5692307692308	segmented_cell	cancer_core
TONIC_TMA15_R10C1	154.22592592592594	1011.9407407407408	segmented_cell	cancer_core
TONIC_TMA15_R10C1	1737.1069651741293	1017.7437810945272	segmented_cell	cancer_core
TONIC_TMA15_R10C1	1021.1905781584584	11.944325481798716	segmented_cell	cancer_core
TONIC_TMA15_R10C1	926.584745762712	689.1525423728814	segmented_cell	cancer_core
TONIC_TMA15_R10C1	1986.020920502092	687.439330543933	segmented_cell	cancer_core
TONIC_TMA15_R10C1	1961.2933333333333	1197.9373333333333	segmented_cell	cancer_core
TONIC_TMA15_R10C1	718.8677685950413	973.3471074380166	segmented_cell	cancer_core
TONIC_TMA15_R10C1	128.0553846153846	1091.4	segmented_cell	cancer_core
TONIC_TMA15_R10C1	759.9316770186335	1478.645962732919	segmented_cell	cancer_core
TONIC_TMA15_R10C1	1687.7613636363635	1481.1704545454545	segmented_cell	cancer_core
TONIC_TMA15_R10C1	1462.9548693586698	1667.1437054631829	segmented_cell	cancer_core
TONIC_TMA15_R10C1	1981.3875	1076.7975	segmented_cell	cancer_core
TONIC_TMA15_R10C1	1566.1364902506964	796.1671309192201	segmented_cell	cancer_core
TONIC_TMA15_R10C1	1647.948770491803	466.44877049180326	segmented_cell	cancer_core
TONIC_TMA15_R10C1	1901.467213114754	281.4311475409836	segmented_cell	cancer_core
TONIC_TMA15_R10C1	1319.5666666666666	796.6961904761905	segmented_cell	cancer_core
TONIC_TMA15_R10C1	1812.7806267806268	1666.4131054131053	segmented_cell	cancer_core
TONIC_TMA15_R10C1	1838.309523809524	1151.963492063492	segmented_cell	cancer_core
TONIC_TMA15_R10C1	1422.4	812.0216216216216	segmented_cell	cancer_core
TONIC_TMA15_R10C1	1664.5049504950496	1182.5676567656765	segmented_cell	cancer_core
TONIC_TMA15_R10C1	1625.8221574344022	1278.8892128279883	segmented_cell	cancer_core
TONIC_TMA15_R10C1	273.8509803921569	1346.470588235294	segmented_cell	cancer_core
TONIC_TMA15_R10C1	451.0675324675325	829.6207792207792	segmented_cell	stroma_border
TONIC_TMA15_R10C1	2035.8947368421047	147.93684210526317	segmented_cell	cancer_core
TONIC_TMA15_R10C1	1750.7164948453608	155.61340206185568	segmented_cell	cancer_core
TONIC_TMA15_R10C1	1880.08185840708	80.25884955752213	segmented_cell	cancer_core
TONIC_TMA15_R10C1	731.7168141592921	1856.0973451327436	segmented_cell	cancer_core
TONIC_TMA15_R10C1	1527.8668341708542	82.67336683417085	segmented_cell	cancer_core
TONIC_TMA15_R10C1	1375.5911949685535	759.5487421383648	segmented_cell	cancer_core
TONIC_TMA15_R10C1	1739.9872340425532	1396.1829787234042	segmented_cell	cancer_core
TONIC_TMA15_R10C1	213.3710618436406	321.9066511085181	segmented_cell	cancer_core
TONIC_TMA15_R10C1	1013.5544217687076	1351.7721088435374	segmented_cell	cancer_core
TONIC_TMA15_R10C1	233.2565543071161	1936.4138576779023	segmented_cell	cancer_core
TONIC_TMA15_R10C1	1029.9515503875969	1262.3023255813953	segmented_cell	cancer_core
TONIC_TMA15_R10C1	952.671724137931	1743.5972413793104	segmented_cell	cancer_core
TONIC_TMA15_R10C1	1757.3806228373703	1112.280276816609	segmented_cell	cancer_core
TONIC_TMA15_R10C1	895.3356643356643	627.3706293706293	segmented_cell	cancer_core
TONIC_TMA15_R10C1	1225.927241962775	641.7326565143824	segmented_cell	cancer_core
TONIC_TMA15_R10C1	1364.9187675070027	916.2380952380952	segmented_cell	cancer_core
TONIC_TMA15_R10C1	506.3181818181818	1956.5068181818183	segmented_cell	cancer_core
TONIC_TMA15_R10C1	180.9958734525447	1243.595598349381	segmented_cell	cancer_core
TONIC_TMA15_R10C1	1271.030888030888	42.71814671814672	segmented_cell	cancer_core
TONIC_TMA15_R10C1	1854.695530726257	1787.86312849162	segmented_cell	cancer_core
TONIC_TMA15_R10C1	605.0042372881356	381.4915254237288	segmented_cell	cancer_core
TONIC_TMA15_R10C1	292.8099173553719	2043.3305785123969	segmented_cell	cancer_core
TONIC_TMA15_R10C1	1638.8393574297188	1245.3654618473895	segmented_cell	cancer_core
TONIC_TMA15_R10C1	1935.6811926605503	457.8761467889908	segmented_cell	cancer_core
TONIC_TMA15_R10C1	1892.974358974359	1163.5970695970695	segmented_cell	cancer_core
TONIC_TMA15_R10C1	2002.6373801916927	1235.2092651757189	segmented_cell	cancer_core
TONIC_TMA15_R10C1	1670.426229508197	1794.2688524590164	segmented_cell	cancer_core
TONIC_TMA15_R10C1	1554.0666666666666	1904.4444444444443	segmented_cell	cancer_border
TONIC_TMA15_R10C1	626.1323763955343	469.49122807017545	segmented_cell	cancer_core
TONIC_TMA15_R10C1	427.6679245283019	360.2490566037736	segmented_cell	cancer_core
TONIC_TMA15_R10C1	1849.156626506024	1496.5602409638554	segmented_cell	cancer_core
TONIC_TMA15_R10C1	167.75067024128683	191.84450402144773	segmented_cell	cancer_core
TONIC_TMA15_R10C1	1479.8333333333333	947.047619047619	segmented_cell	cancer_core
TONIC_TMA15_R10C1	758.8888888888889	110.32870370370372	segmented_cell	cancer_border
TONIC_TMA15_R10C1	1108.565366972477	1782.730504587156	segmented_cell	cancer_core
TONIC_TMA15_R10C1	799.4674418604651	1061.606976744186	segmented_cell	cancer_core
TONIC_TMA15_R10C1	574.7986577181208	1530.5838926174497	segmented_cell	cancer_core
TONIC_TMA15_R10C1	1240.7118644067796	123.6045197740113	segmented_cell	cancer_core
TONIC_TMA15_R10C1	1592.5358974358974	1990.589743589744	segmented_cell	cancer_border
TONIC_TMA15_R10C1	1387.7083926031294	297.425320056899	segmented_cell	cancer_core
TONIC_TMA15_R10C1	1583.1846153846154	1285.1706293706293	segmented_cell	cancer_core
TONIC_TMA15_R10C1	1703.8927835051547	6.628865979381444	segmented_cell	cancer_core
TONIC_TMA15_R10C1	1346.9781144781143	421.9208754208754	segmented_cell	cancer_core
TONIC_TMA15_R10C1	1172.638211382114	1188.3739837398373	segmented_cell	cancer_core
TONIC_TMA15_R10C1	660.3876651982379	1122.0594713656387	segmented_cell	cancer_core
TONIC_TMA15_R10C1	1937.6884057971013	9.35265700483092	segmented_cell	cancer_core
TONIC_TMA15_R10C1	1311.1206030150754	1615.175879396985	segmented_cell	cancer_core
TONIC_TMA15_R10C1	484.1171875	1789.52734375	segmented_cell	cancer_core
TONIC_TMA15_R10C1	1106.857142857143	1053.8497536945813	segmented_cell	cancer_core
TONIC_TMA15_R10C1	345.7077922077922	2015.9025974025972	segmented_cell	cancer_core
TONIC_TMA15_R10C1	1177.3125	2043.015625	segmented_cell	cancer_core
TONIC_TMA15_R10C1	456.2823529411765	2043.1235294117648	segmented_cell	cancer_core
TONIC_TMA15_R10C1	1995.3587684069607	417.0843373493976	segmented_cell	cancer_core
TONIC_TMA15_R10C1	475.08179419525067	398.0844327176781	segmented_cell	cancer_core
TONIC_TMA15_R10C1	1147.1319587628866	149.659793814433	segmented_cell	cancer_core
TONIC_TMA15_R10C1	660.3498759305211	116.97766749379652	segmented_cell	cancer_core
TONIC_TMA15_R10C1	1976.2642276422764	809.0650406504066	segmented_cell	cancer_core
TONIC_TMA15_R10C1	1314.1881188118812	1635.3564356435645	segmented_cell	cancer_core
TONIC_TMA15_R10C1	1757.834586466165	390.8751879699248	segmented_cell	cancer_core
TONIC_TMA15_R10C1	526.0815217391304	828.2146739130435	segmented_cell	cancer_border
TONIC_TMA15_R10C1	1240.0246113989638	622.300518134715	segmented_cell	cancer_core
TONIC_TMA15_R10C1	1248.8235294117646	1484.716577540107	segmented_cell	cancer_core
TONIC_TMA15_R10C1	1316.727848101266	1591.259493670886	segmented_cell	cancer_core
TONIC_TMA15_R10C1	756.7905759162304	1900.8638743455497	segmented_cell	cancer_core
TONIC_TMA15_R10C1	399.1588785046729	1953.9065420560748	segmented_cell	cancer_core
TONIC_TMA15_R10C1	1076.8666666666666	320.9939393939394	segmented_cell	cancer_border
TONIC_TMA15_R10C1	1147.7265500794913	1856.0349761526231	segmented_cell	cancer_core
TONIC_TMA15_R10C1	851.4380952380952	1452.7142857142858	segmented_cell	cancer_core
TONIC_TMA15_R10C1	849.2066420664206	359.8191881918819	segmented_cell	cancer_core
TONIC_TMA15_R10C1	1135.7628865979382	44.42783505154639	segmented_cell	cancer_core
TONIC_TMA15_R10C1	2004.394451145959	940.0977080820264	segmented_cell	cancer_core
TONIC_TMA15_R10C1	1797.7379310344827	556.3162561576355	segmented_cell	cancer_core
TONIC_TMA15_R10C1	1159.6181229773465	828.9190938511326	segmented_cell	cancer_core
TONIC_TMA15_R10C1	625.9573712255773	1179.412078152753	segmented_cell	cancer_core
TONIC_TMA15_R10C1	313.0426287744227	702.7708703374778	segmented_cell	cancer_core
TONIC_TMA15_R10C1	1627.970238095238	1482.4642857142858	segmented_cell	cancer_core
TONIC_TMA15_R10C1	9.218390804597702	1713.4758620689656	segmented_cell	cancer_core
TONIC_TMA15_R10C1	533.5861581920904	156.9774011299435	segmented_cell	cancer_border
TONIC_TMA15_R10C1	1127.5610859728506	1551.10407239819	segmented_cell	cancer_core
TONIC_TMA15_R10C1	552.58599695586	1187.992389649924	segmented_cell	cancer_core
TONIC_TMA15_R10C1	1336.6570945945946	1433.366554054054	segmented_cell	cancer_core
TONIC_TMA15_R10C1	1142.1574803149606	1924.4251968503936	segmented_cell	cancer_core
TONIC_TMA15_R10C1	244.52592592592592	238.51703703703703	segmented_cell	cancer_core
TONIC_TMA15_R10C1	1661.5479115479116	1007.7493857493856	segmented_cell	cancer_core
TONIC_TMA15_R10C1	129.4318181818182	1554.659090909091	segmented_cell	cancer_core
TONIC_TMA15_R10C1	409.6796875	951.484375	segmented_cell	stroma_border
TONIC_TMA15_R10C1	674.6193181818181	726.6534090909091	segmented_cell	cancer_core
TONIC_TMA15_R10C1	1933.301867219917	1880.5508298755187	segmented_cell	cancer_core
TONIC_TMA15_R10C1	1482.267622461171	319.2831541218638	segmented_cell	cancer_core
TONIC_TMA15_R10C1	393.84686774942	673.8167053364269	segmented_cell	cancer_core
TONIC_TMA15_R10C1	1023.5078369905956	1944.369905956113	segmented_cell	cancer_core
TONIC_TMA15_R10C1	391.95093795093794	226.02886002886004	segmented_cell	cancer_core
TONIC_TMA15_R10C1	1199.169877408056	1163.6637478108582	segmented_cell	cancer_core
TONIC_TMA15_R10C1	329.3226238286479	205.7884872824632	segmented_cell	cancer_core
TONIC_TMA15_R10C1	1457.2514220705348	306.71103526734925	segmented_cell	cancer_core
TONIC_TMA15_R10C1	1424.1161473087818	1415.985835694051	segmented_cell	cancer_border
TONIC_TMA15_R10C1	535.660465116279	731.8651162790698	segmented_cell	cancer_core
TONIC_TMA15_R10C1	914.7299528301888	345.10849056603774	segmented_cell	cancer_core
TONIC_TMA15_R10C1	1733.1534391534392	240.82010582010585	segmented_cell	cancer_core
TONIC_TMA15_R10C1	1655.4600591715975	1262.4275147928995	segmented_cell	cancer_core
TONIC_TMA15_R10C1	479.5702479338843	789.1239669421487	segmented_cell	cancer_border
TONIC_TMA15_R10C1	712.7267552182163	1916.662239089184	segmented_cell	cancer_core
TONIC_TMA15_R10C1	865.4357326478149	588.5514138817481	segmented_cell	cancer_core
TONIC_TMA15_R10C1	1576.5188679245282	579.941037735849	segmented_cell	cancer_core
TONIC_TMA15_R10C1	835.2267080745341	647.2888198757764	segmented_cell	cancer_core
TONIC_TMA15_R10C1	1843.725321888412	1842.4163090128757	segmented_cell	cancer_core
TONIC_TMA15_R10C1	143.48407643312103	354.7770700636943	segmented_cell	cancer_core
TONIC_TMA15_R10C1	506.7110481586402	176.70396600566573	segmented_cell	cancer_core
TONIC_TMA15_R10C1	1949.8576051779933	547.9029126213592	segmented_cell	cancer_core
TONIC_TMA15_R10C1	1369.1750380517503	1281.4368340943684	segmented_cell	cancer_border
TONIC_TMA15_R10C1	1675.8398058252428	699.9271844660194	segmented_cell	cancer_core
TONIC_TMA15_R10C1	167.83423035522063	1779.37890204521	segmented_cell	cancer_core
TONIC_TMA15_R10C1	1279.6666666666667	1548.325	segmented_cell	cancer_core
TONIC_TMA15_R10C1	251.2948717948718	21.89010989010989	segmented_cell	cancer_core
TONIC_TMA15_R10C1	1428.0154639175255	1930.0773195876288	segmented_cell	cancer_core
TONIC_TMA15_R10C1	1381.686567164179	1215.2705223880596	segmented_cell	cancer_core
TONIC_TMA15_R10C1	1703.482869379015	1646.252676659529	segmented_cell	cancer_core
TONIC_TMA15_R10C1	1217.8744827586206	815.9144827586207	segmented_cell	cancer_core
TONIC_TMA15_R10C1	208.22007722007723	457.5810810810811	segmented_cell	cancer_core
TONIC_TMA15_R10C1	1203.3699731903484	404.5495978552279	segmented_cell	cancer_core
TONIC_TMA15_R10C1	192.94285714285715	1200.3333333333333	segmented_cell	cancer_core
TONIC_TMA15_R10C1	469.67977528089887	1343.9550561797753	segmented_cell	cancer_core
TONIC_TMA15_R10C1	884.2731481481482	1798.9791666666667	segmented_cell	cancer_core
TONIC_TMA15_R10C1	909.301754385965	550.4877192982456	segmented_cell	cancer_core
TONIC_TMA15_R10C1	1096.9506726457398	1723.408071748879	segmented_cell	cancer_core
TONIC_TMA15_R10C1	1716.0805970149254	1872.355223880597	segmented_cell	cancer_border
TONIC_TMA15_R10C1	156.35862068965517	909.9103448275862	segmented_cell	cancer_core
TONIC_TMA15_R10C1	1139.9277566539924	1411.4334600760455	segmented_cell	cancer_core
TONIC_TMA15_R10C1	1467.5097192224623	521.0777537796977	segmented_cell	cancer_core
TONIC_TMA15_R10C1	795.3028455284552	630.8739837398374	segmented_cell	cancer_core
TONIC_TMA15_R10C1	1154.5763688760808	1461.092219020173	segmented_cell	cancer_core
TONIC_TMA15_R10C1	308.5531914893617	81.63829787234043	segmented_cell	cancer_core
TONIC_TMA15_R10C1	456.8115671641791	599.2985074626865	segmented_cell	cancer_core
TONIC_TMA15_R10C1	928.6967032967032	758.0483516483516	segmented_cell	cancer_core
TONIC_TMA15_R10C1	1240.3224137931034	786.6413793103449	segmented_cell	cancer_core
TONIC_TMA15_R10C1	774.2279069767442	418.33488372093024	segmented_cell	cancer_border
TONIC_TMA15_R10C1	1150.0264623955431	386.616991643454	segmented_cell	cancer_core
TONIC_TMA15_R10C1	1839.9407114624505	1443.1541501976285	segmented_cell	cancer_border
TONIC_TMA15_R10C1	1341.3038516405136	468.3865905848787	segmented_cell	cancer_core
TONIC_TMA15_R10C1	1573.3560606060605	43.13257575757576	segmented_cell	cancer_core
TONIC_TMA15_R10C1	197.8897637795276	962.023622047244	segmented_cell	cancer_core
TONIC_TMA15_R10C1	1385.6631016042782	466.5614973262032	segmented_cell	cancer_core
TONIC_TMA15_R10C1	1529.8945454545456	2028.189090909091	segmented_cell	cancer_core
TONIC_TMA15_R10C1	1005.0648148148148	5.333333333333333	segmented_cell	cancer_core
TONIC_TMA15_R10C1	1801.9832635983264	835.3012552301255	segmented_cell	cancer_core
TONIC_TMA15_R10C1	853.0342261904761	950.4241071428572	segmented_cell	cancer_core
TONIC_TMA15_R10C1	1795.1931166347993	1759.6175908221796	segmented_cell	cancer_core
TONIC_TMA15_R10C1	1004.984107579462	704.3435207823961	segmented_cell	cancer_core
TONIC_TMA15_R10C1	372.4617021276596	822.836170212766	segmented_cell	cancer_border
TONIC_TMA15_R10C1	444.9080882352941	1056.2720588235295	segmented_cell	cancer_core
TONIC_TMA15_R10C1	183.3367088607595	406.75696202531645	segmented_cell	cancer_core
TONIC_TMA15_R10C1	1140.5063829787234	680.9914893617022	segmented_cell	cancer_core
TONIC_TMA15_R10C1	1093.1687041564792	1741.2518337408312	segmented_cell	cancer_core
TONIC_TMA15_R10C1	979.9704142011834	1832.5364891518736	segmented_cell	cancer_core
TONIC_TMA15_R10C1	511.8534482758621	1089.6810344827586	segmented_cell	cancer_core
TONIC_TMA15_R10C1	1313.0650759219088	543.9891540130152	segmented_cell	cancer_core
TONIC_TMA15_R10C1	1948.8675078864355	899.9905362776025	segmented_cell	cancer_core
TONIC_TMA15_R10C1	1240.5523255813953	1190.1229235880398	segmented_cell	cancer_core
TONIC_TMA15_R10C1	166.77008310249306	1040.9750692520777	segmented_cell	cancer_core
TONIC_TMA15_R10C1	472.4011976047904	1408.616766467066	segmented_cell	cancer_core
TONIC_TMA15_R10C1	71.18372703412074	759.6824146981627	segmented_cell	cancer_core
TONIC_TMA15_R10C1	69.62624584717608	702.4867109634552	segmented_cell	cancer_core
TONIC_TMA15_R10C1	1611.7440273037544	6.539249146757679	segmented_cell	cancer_core
TONIC_TMA15_R10C1	954.4923664122138	1704.206106870229	segmented_cell	cancer_core
TONIC_TMA15_R10C1	2041.211356466877	324.94952681388014	segmented_cell	cancer_core
TONIC_TMA15_R10C1	1212.2022684310018	1000.952741020794	segmented_cell	cancer_core
TONIC_TMA15_R10C1	911.25786163522	1282.801886792453	segmented_cell	cancer_core
TONIC_TMA15_R10C1	212.616122840691	1916.236084452975	segmented_cell	cancer_core
TONIC_TMA15_R10C1	929.3312883435584	1963.4018404907972	segmented_cell	cancer_core
TONIC_TMA15_R10C1	232.3131313131313	220.010101010101	segmented_cell	cancer_core
TONIC_TMA15_R10C1	1023.1060786650776	44.64123957091776	segmented_cell	cancer_core
TONIC_TMA15_R10C1	1221.3276836158193	774.0451977401129	segmented_cell	cancer_core
TONIC_TMA15_R10C1	8.217213114754099	1469.6844262295083	segmented_cell	cancer_core
TONIC_TMA15_R10C1	1747.7128491620113	217.4145251396648	segmented_cell	cancer_core
TONIC_TMA15_R10C1	784.3508771929825	2044.5263157894735	segmented_cell	cancer_core
TONIC_TMA15_R10C1	840.7064220183486	1416.131498470948	segmented_cell	cancer_core
TONIC_TMA15_R10C1	27.88501291989664	1856.1808785529715	segmented_cell	cancer_core
TONIC_TMA15_R10C1	1919.0016891891887	20.15033783783784	segmented_cell	cancer_core
TONIC_TMA15_R10C1	615.8122270742358	300.8515283842795	segmented_cell	cancer_core
TONIC_TMA15_R10C1	1760.7494145199064	298.5210772833724	segmented_cell	cancer_core
TONIC_TMA15_R10C1	262.15281501340485	1215.7184986595175	segmented_cell	cancer_core
TONIC_TMA15_R10C1	1374.858934169279	1053.6760710553815	segmented_cell	cancer_core
TONIC_TMA15_R10C1	25.5	693.685606060606	segmented_cell	cancer_core
TONIC_TMA15_R10C1	592.1125	721.2125	segmented_cell	cancer_border
TONIC_TMA15_R10C1	1783.4700854700857	1824.2649572649573	segmented_cell	cancer_core
TONIC_TMA15_R10C1	587.4826038159372	2032.3670033670037	segmented_cell	cancer_core
TONIC_TMA15_R10C1	1036.4796854521626	692.9095674967234	segmented_cell	cancer_core
TONIC_TMA15_R10C1	1180.9581881533102	413.8745644599303	segmented_cell	cancer_core
TONIC_TMA15_R10C1	111.42231075697212	1689.422310756972	segmented_cell	cancer_core
TONIC_TMA15_R10C1	680.5520833333334	1578.03125	segmented_cell	cancer_core
TONIC_TMA15_R10C1	885.6953316953317	1022.081081081081	segmented_cell	cancer_core
TONIC_TMA15_R10C1	562.6174496644295	1948.2080536912752	segmented_cell	cancer_core
TONIC_TMA15_R10C1	1555.5413654618474	1070.5317269076306	segmented_cell	cancer_core
TONIC_TMA15_R10C1	539.2977412731007	1830.5811088295688	segmented_cell	cancer_core
TONIC_TMA15_R10C1	1220.27446300716	1732.147971360382	segmented_cell	cancer_core
TONIC_TMA15_R10C1	368.6222910216718	1420.1671826625386	segmented_cell	cancer_core
TONIC_TMA15_R10C1	1714.953488372093	16.86627906976744	segmented_cell	cancer_core
TONIC_TMA15_R10C1	1252.3687943262412	888.8085106382979	segmented_cell	cancer_core
TONIC_TMA15_R10C1	378.97546012269936	1065.7423312883436	segmented_cell	cancer_core
TONIC_TMA15_R10C1	1616.6513513513514	1118.1324324324323	segmented_cell	cancer_core
TONIC_TMA15_R10C1	1404.007722007722	796.53861003861	segmented_cell	cancer_core
TONIC_TMA15_R10C1	1302.634980988593	1663.2471482889734	segmented_cell	cancer_core
TONIC_TMA15_R10C1	622.5773195876288	1848.5956471935851	segmented_cell	cancer_core
TONIC_TMA15_R10C1	1570.894348894349	711.7272727272727	segmented_cell	cancer_core
TONIC_TMA15_R10C1	139.80434782608697	410.2445652173913	segmented_cell	cancer_core
TONIC_TMA15_R10C1	1929.3082901554403	48.5440414507772	segmented_cell	cancer_core
TONIC_TMA15_R10C1	1292.3620689655172	1305.4770114942528	segmented_cell	cancer_border
TONIC_TMA15_R10C1	961.961432506887	1176.785123966942	segmented_cell	cancer_core
TONIC_TMA15_R10C1	944.02	1841.4238095238093	segmented_cell	cancer_core
TONIC_TMA15_R10C1	1580.1399594320487	1536.0365111561866	segmented_cell	cancer_core
TONIC_TMA15_R10C1	1205.761038961039	654.7610389610389	segmented_cell	cancer_core
TONIC_TMA15_R10C1	1178.3930131004367	1987.593886462882	segmented_cell	cancer_core
TONIC_TMA15_R10C1	677.8058252427185	1529.3009708737864	segmented_cell	cancer_core
TONIC_TMA15_R10C1	920.4685185185184	1763.1222222222225	segmented_cell	cancer_core
TONIC_TMA15_R10C1	312.83529411764704	1968.8773109243696	segmented_cell	cancer_core
TONIC_TMA15_R10C1	1512.8053691275168	1257.6107382550335	segmented_cell	cancer_core
TONIC_TMA15_R10C1	285.4552715654952	112.58306709265176	segmented_cell	cancer_core
TONIC_TMA15_R10C1	1540.6078886310904	313.1902552204176	segmented_cell	cancer_core
TONIC_TMA15_R10C1	1804.8725	920.875	segmented_cell	cancer_core
TONIC_TMA15_R10C1	315.98828125	445.396484375	segmented_cell	cancer_core
TONIC_TMA15_R10C1	1413.2250530785564	1213.748407643312	segmented_cell	cancer_core
TONIC_TMA15_R10C1	1481.357882623705	1447.566168009206	segmented_cell	cancer_core
TONIC_TMA15_R10C1	350.60280373831773	1249.6261682242991	segmented_cell	cancer_core
TONIC_TMA15_R10C1	1407.0918032786883	1071.2524590163937	segmented_cell	cancer_core
TONIC_TMA15_R10C1	1075.0760869565215	817.5869565217391	segmented_cell	cancer_core
TONIC_TMA15_R10C1	1067.1019108280254	1592.3280254777071	segmented_cell	cancer_core
TONIC_TMA15_R10C1	2035.343703703704	12.46962962962963	segmented_cell	cancer_core
TONIC_TMA15_R10C1	1445.6422018348624	1726.8715596330276	segmented_cell	cancer_border
TONIC_TMA15_R10C1	1274.9696531791908	1023.3872832369942	segmented_cell	cancer_core
TONIC_TMA15_R10C1	371.6571428571429	530.6301587301588	segmented_cell	cancer_core
TONIC_TMA15_R10C1	1271.515625	139.79241071428572	segmented_cell	cancer_core
TONIC_TMA15_R10C1	1768.270491803279	748.0655737704918	segmented_cell	cancer_core
TONIC_TMA15_R10C1	2041.8791946308725	1683.731543624161	segmented_cell	cancer_core
TONIC_TMA15_R10C1	304.49376797698943	1549.76414189837	segmented_cell	cancer_core
TONIC_TMA15_R10C1	4.144278606965174	352.9353233830845	segmented_cell	cancer_core
TONIC_TMA15_R10C1	1888.752808988764	1522.3955056179775	segmented_cell	cancer_core
TONIC_TMA15_R10C1	1445.0736434108528	2008.5891472868216	segmented_cell	cancer_core
TONIC_TMA15_R10C1	528.2313937753721	280.60757780784843	segmented_cell	cancer_core
TONIC_TMA15_R10C1	1240.563943161634	829.265541740675	segmented_cell	cancer_core
TONIC_TMA15_R10C1	2030.012345679012	717.9185185185186	segmented_cell	cancer_core
TONIC_TMA15_R10C1	636.7741935483871	734.8663594470046	segmented_cell	cancer_border
TONIC_TMA15_R10C1	160.87915936952714	364.4833625218914	segmented_cell	cancer_core
TONIC_TMA15_R10C1	1726.3218142548596	989.3520518358532	segmented_cell	cancer_core
TONIC_TMA15_R10C1	560.8504672897196	1323.3084112149534	segmented_cell	cancer_core
TONIC_TMA15_R10C1	1999.137075718016	1383.2689295039163	segmented_cell	cancer_core
TONIC_TMA15_R10C1	1533.5014164305949	938.4815864022664	segmented_cell	cancer_core
TONIC_TMA15_R10C1	1203.0319303338172	850.1509433962265	segmented_cell	cancer_core
TONIC_TMA15_R10C1	1488.1100917431193	1502.6605504587155	segmented_cell	cancer_core
TONIC_TMA15_R10C1	930.4352517985612	365.66187050359713	segmented_cell	cancer_border
TONIC_TMA15_R10C1	1711.268698060942	1591.005540166205	segmented_cell	cancer_core
TONIC_TMA15_R10C1	1576.939393939394	2034.465909090909	segmented_cell	cancer_core
TONIC_TMA15_R10C1	867.2216216216216	480.87567567567567	segmented_cell	cancer_core
TONIC_TMA15_R10C1	1463.2466216216217	1361.543918918919	segmented_cell	cancer_border
TONIC_TMA15_R10C1	864.9938461538461	892.2338461538461	segmented_cell	cancer_core
TONIC_TMA15_R10C1	517.1950113378684	97.31292517006804	segmented_cell	cancer_core
TONIC_TMA15_R10C1	681.3789473684211	758.6631578947369	segmented_cell	cancer_core
TONIC_TMA15_R10C1	786.1649122807017	592.2210526315789	segmented_cell	cancer_core
TONIC_TMA15_R10C1	2024.4597014925373	332.4776119402985	segmented_cell	cancer_core
TONIC_TMA15_R10C1	924.408560311284	522.1536964980545	segmented_cell	cancer_core
TONIC_TMA15_R10C1	503.4704595185996	1159.9628008752736	segmented_cell	cancer_core
TONIC_TMA15_R10C1	1752.6216768916156	986.8241308793456	segmented_cell	cancer_core
TONIC_TMA15_R10C1	1394.707423580786	1865.3624454148471	segmented_cell	cancer_core
TONIC_TMA15_R10C1	712.0079155672823	695.353562005277	segmented_cell	cancer_core
TONIC_TMA15_R10C1	1446.8819762122598	115.04666056724612	segmented_cell	cancer_core
TONIC_TMA15_R10C1	343.46938775510205	1765.1959183673468	segmented_cell	cancer_core
TONIC_TMA15_R10C1	461.7911392405063	1913.379746835443	segmented_cell	cancer_core
TONIC_TMA15_R10C1	386.203125	376.2057291666667	segmented_cell	cancer_core
TONIC_TMA15_R10C1	1273.5438596491229	1924.745614035088	segmented_cell	cancer_core
TONIC_TMA15_R10C1	1556.6969696969695	1287.37012987013	segmented_cell	cancer_core
TONIC_TMA15_R10C1	1969.093639575972	1385.077738515901	segmented_cell	cancer_core
TONIC_TMA15_R10C1	1348.5348837209303	314.8358413132695	segmented_cell	cancer_core
TONIC_TMA15_R10C1	539.4731457800511	630.0447570332481	segmented_cell	cancer_core
TONIC_TMA15_R10C1	1686.670859538784	1856.121593291405	segmented_cell	cancer_border
TONIC_TMA15_R10C1	887.9520547945206	366.94520547945206	segmented_cell	cancer_core
TONIC_TMA15_R10C1	1792.5343137254902	1725.8921568627452	segmented_cell	cancer_core
TONIC_TMA15_R10C1	847.8257839721255	225.9012775842044	segmented_cell	cancer_core
TONIC_TMA15_R10C1	1783.11569416499	397.3450704225352	segmented_cell	cancer_core
TONIC_TMA15_R10C1	1293.8969359331477	1111.7938718662954	segmented_cell	cancer_core
TONIC_TMA15_R10C1	1850.4651162790697	390.6511627906977	segmented_cell	cancer_core
TONIC_TMA15_R10C1	785.0337552742616	1805.1898734177216	segmented_cell	cancer_core
TONIC_TMA15_R10C1	861.6543778801844	671.468509984639	segmented_cell	cancer_core
TONIC_TMA15_R10C1	817.1787234042553	278.52553191489363	segmented_cell	cancer_core
TONIC_TMA15_R10C1	1508.6168009205985	938.4556962025316	segmented_cell	cancer_core
TONIC_TMA15_R10C1	996.9367088607596	498.8810126582279	segmented_cell	cancer_border
TONIC_TMA15_R10C1	87.55268389662028	963.596421471173	segmented_cell	cancer_core
TONIC_TMA15_R10C1	794.0630841121496	416.16355140186914	segmented_cell	cancer_border
TONIC_TMA15_R10C1	436.3358778625954	201.96946564885496	segmented_cell	cancer_core
TONIC_TMA15_R10C1	1735.4346666666668	888.8906666666667	segmented_cell	cancer_core
TONIC_TMA15_R10C1	441.38235294117646	1958.2601809954751	segmented_cell	cancer_core
TONIC_TMA15_R10C1	834.0458015267176	1181.473282442748	segmented_cell	cancer_core
TONIC_TMA15_R10C1	820.4055944055945	1578.062937062937	segmented_cell	cancer_core
TONIC_TMA15_R10C1	88.30666666666667	1759.78	segmented_cell	cancer_core
TONIC_TMA15_R10C1	465.6071428571428	1948.81043956044	segmented_cell	cancer_core
TONIC_TMA15_R10C1	1795.0132669983416	1959.943615257048	segmented_cell	cancer_border
TONIC_TMA15_R10C1	430.3066666666667	338.26814814814816	segmented_cell	cancer_core
TONIC_TMA15_R10C1	1420.7951219512197	1326.0634146341465	segmented_cell	cancer_border
TONIC_TMA15_R10C1	188.61377245508984	532.9491017964071	segmented_cell	cancer_core
TONIC_TMA15_R10C1	1009.1165146909829	1793.4133738601824	segmented_cell	cancer_core
TONIC_TMA15_R10C1	802.6540540540541	1691.2216216216216	segmented_cell	cancer_core
TONIC_TMA15_R10C1	1968.1974741676236	1886.0964408725604	segmented_cell	cancer_core
TONIC_TMA15_R10C1	238.36311239193083	1747.7233429394812	segmented_cell	cancer_core
TONIC_TMA15_R10C1	1078.077922077922	1492.2142857142858	segmented_cell	cancer_core
TONIC_TMA15_R10C1	281.1324503311258	292.6423841059603	segmented_cell	cancer_core
TONIC_TMA15_R10C1	866.2440119760479	377.38922155688624	segmented_cell	cancer_core
TONIC_TMA15_R10C1	175.43415637860082	520.5246913580247	segmented_cell	cancer_core
TONIC_TMA15_R10C1	867.553125	1798.053125	segmented_cell	cancer_core
TONIC_TMA15_R10C1	212.19540229885055	1982.0755336617408	segmented_cell	cancer_core
TONIC_TMA15_R10C1	1652.801670146138	43.5929018789144	segmented_cell	cancer_core
TONIC_TMA15_R10C1	426.9635416666667	1363.0260416666667	segmented_cell	cancer_core
TONIC_TMA15_R10C1	1114.9176954732511	1245.5816186556926	segmented_cell	cancer_core
TONIC_TMA15_R10C1	325.4415584415584	1168.7727272727273	segmented_cell	cancer_core
TONIC_TMA15_R10C1	759.9594594594595	912.9054054054054	segmented_cell	cancer_core
TONIC_TMA15_R10C1	868.4746059544658	739.4080560420315	segmented_cell	cancer_core
TONIC_TMA15_R10C1	33.69534050179212	186.87992831541217	segmented_cell	cancer_core
TONIC_TMA15_R10C1	1417.469696969697	305.7234848484849	segmented_cell	cancer_core
TONIC_TMA15_R10C1	879.8	1718.6761904761904	segmented_cell	cancer_core
TONIC_TMA15_R10C1	1262.4439102564102	621.4647435897435	segmented_cell	cancer_core
TONIC_TMA15_R10C1	727.6331360946746	204.1153846153846	segmented_cell	cancer_core
TONIC_TMA15_R10C1	696.3540145985402	2039.485401459854	segmented_cell	cancer_core
TONIC_TMA15_R10C1	1800.4655172413793	854.2896551724137	segmented_cell	cancer_core
TONIC_TMA15_R10C1	1328.5682210708117	824.4075993091537	segmented_cell	cancer_core
TONIC_TMA15_R10C1	820.3197278911565	575.4149659863946	segmented_cell	cancer_core
TONIC_TMA15_R10C1	1526.5141903171952	1854.2320534223709	segmented_cell	cancer_border
TONIC_TMA15_R10C1	339.29605263157896	1005.672697368421	segmented_cell	cancer_core
TONIC_TMA15_R10C1	1756.9721518987342	968.8987341772151	segmented_cell	cancer_core
TONIC_TMA15_R10C1	40.75623268698061	552.6620498614958	segmented_cell	cancer_core
TONIC_TMA15_R10C1	1314.164141414141	1017.4368686868688	segmented_cell	cancer_core
TONIC_TMA15_R10C1	1448.1818181818182	1705.8181818181818	segmented_cell	cancer_border
TONIC_TMA15_R10C1	1347.6449704142012	365.0059171597633	segmented_cell	cancer_core
TONIC_TMA15_R10C1	392.8901098901099	1066.489010989011	segmented_cell	cancer_core
TONIC_TMA15_R10C1	1091.3930041152264	1372.2366255144034	segmented_cell	cancer_core
TONIC_TMA15_R10C1	129.30311614730877	1257.8895184135977	segmented_cell	cancer_core
TONIC_TMA15_R10C1	1113.1912280701754	457.1	segmented_cell	cancer_core
TONIC_TMA15_R10C1	1026.5408450704226	1929.619718309859	segmented_cell	cancer_core
TONIC_TMA15_R10C1	1990.3104693140797	2016.543321299639	segmented_cell	cancer_core
TONIC_TMA15_R10C1	1041.1914323962517	1406.4926372155287	segmented_cell	cancer_core
TONIC_TMA15_R10C1	780.4003656307129	1104.1974405850092	segmented_cell	cancer_core
TONIC_TMA15_R10C1	839.6684210526316	1142.1763157894736	segmented_cell	cancer_core
TONIC_TMA15_R10C1	1666.7251908396947	375.4580152671756	segmented_cell	cancer_core
TONIC_TMA15_R10C1	443.5760456273764	1658.8184410646388	segmented_cell	cancer_core
TONIC_TMA15_R10C1	748.2466666666667	1477.3933333333334	segmented_cell	cancer_core
TONIC_TMA15_R10C1	1220.5771604938273	199.44135802469137	segmented_cell	cancer_core
TONIC_TMA15_R10C1	62.52611218568666	1742.972920696325	segmented_cell	cancer_core
TONIC_TMA15_R10C1	801.0749464668094	1208.250535331906	segmented_cell	cancer_core
TONIC_TMA15_R10C1	452.9250645994832	125.81912144702842	segmented_cell	cancer_core
TONIC_TMA15_R10C1	401.4328125	857.31875	segmented_cell	stroma_border
TONIC_TMA15_R10C1	579.2661870503597	489.0143884892086	segmented_cell	cancer_core
TONIC_TMA15_R10C1	1371.1486486486488	1079.6486486486488	segmented_cell	cancer_core
TONIC_TMA15_R10C1	619.8567639257294	740.0079575596817	segmented_cell	cancer_border
TONIC_TMA15_R10C1	1461.063694267516	1324.0	segmented_cell	cancer_border
TONIC_TMA15_R10C1	1911.6482758620689	1880.6482758620689	segmented_cell	cancer_core
TONIC_TMA15_R10C1	1615.582434514638	750.8782742681047	segmented_cell	cancer_core
TONIC_TMA15_R10C1	1650.1302681992338	282.37547892720306	segmented_cell	cancer_core
TONIC_TMA15_R10C1	1107.4437652811737	324.8704156479218	segmented_cell	cancer_border
TONIC_TMA15_R10C1	560.5622775800712	31.277580071174377	segmented_cell	cancer_core
TONIC_TMA15_R10C1	1675.066734074823	191.4823053589484	segmented_cell	cancer_core
TONIC_TMA15_R10C1	1953.097065462754	1617.1309255079009	segmented_cell	cancer_core
TONIC_TMA15_R10C1	638.2336903602726	345.79552093476144	segmented_cell	cancer_border
TONIC_TMA15_R10C1	825.179190751445	1361.1445086705205	segmented_cell	cancer_core
TONIC_TMA15_R10C1	1292.4790697674418	286.69767441860466	segmented_cell	cancer_core
TONIC_TMA15_R10C1	812.7462686567164	936.4303482587064	segmented_cell	cancer_core
TONIC_TMA15_R10C1	263.2631578947368	1163.114551083591	segmented_cell	cancer_core
TONIC_TMA15_R10C1	1405.2530120481929	986.0060240963855	segmented_cell	cancer_core
TONIC_TMA15_R10C1	560.8517034068136	1461.0701402805612	segmented_cell	cancer_core
TONIC_TMA15_R10C1	1054.478494623656	1328.8243727598567	segmented_cell	cancer_core
TONIC_TMA15_R10C1	522.8867924528302	1839.559748427673	segmented_cell	cancer_core
TONIC_TMA15_R10C1	1194.753048780488	532.7454268292682	segmented_cell	cancer_border
TONIC_TMA15_R10C1	508.9355371900826	689.4809917355371	segmented_cell	cancer_core
TONIC_TMA15_R10C1	1771.6060606060605	1294.5324675324675	segmented_cell	cancer_border
TONIC_TMA15_R10C1	684.8799249530957	97.3170731707317	segmented_cell	cancer_core
TONIC_TMA15_R10C1	1413.6727272727271	210.35757575757572	segmented_cell	cancer_core
TONIC_TMA15_R10C1	1626.356	188.812	segmented_cell	cancer_core
TONIC_TMA15_R10C1	1082.864754098361	863.6352459016393	segmented_cell	cancer_core
TONIC_TMA15_R10C1	1352.3514938488577	516.6449912126537	segmented_cell	cancer_core
TONIC_TMA15_R10C1	665.3715124816447	1170.9823788546255	segmented_cell	cancer_core
TONIC_TMA15_R10C1	1324.8786666666667	1833.0173333333328	segmented_cell	cancer_core
TONIC_TMA15_R10C1	1908.725	1938.9291666666663	segmented_cell	cancer_core
TONIC_TMA15_R10C1	283.5560344827586	1083.301724137931	segmented_cell	cancer_core
TONIC_TMA15_R10C1	955.3289940828404	381.1727810650888	segmented_cell	cancer_border
TONIC_TMA15_R10C1	111.34005258545136	2022.9053461875549	segmented_cell	cancer_core
TONIC_TMA15_R10C1	609.7151162790698	696.2790697674419	segmented_cell	cancer_core
TONIC_TMA15_R10C1	1425.2162661737525	61.04251386321626	segmented_cell	cancer_core
TONIC_TMA15_R10C1	576.5308641975308	1981.4444444444443	segmented_cell	cancer_core
TONIC_TMA15_R10C1	1794.7368421052631	1793.4628237259817	segmented_cell	cancer_core
TONIC_TMA15_R10C1	1562.8878143133463	1953.6750483558997	segmented_cell	cancer_border
TONIC_TMA15_R10C1	320.37105263157895	1087.0763157894737	segmented_cell	cancer_core
TONIC_TMA15_R10C1	555.2302405498282	1809.5790378006875	segmented_cell	cancer_core
TONIC_TMA15_R10C1	976.8376068376068	1473.2222222222222	segmented_cell	cancer_core
TONIC_TMA15_R10C1	834.0293453724605	160.18284424379232	segmented_cell	cancer_border
TONIC_TMA15_R10C1	1786.520646319569	899.3770197486535	segmented_cell	cancer_core
TONIC_TMA15_R10C1	214.9931506849315	1934.0376712328768	segmented_cell	cancer_core
TONIC_TMA15_R10C1	629.9669876203576	1892.828060522696	segmented_cell	cancer_core
TONIC_TMA15_R10C1	719.1490384615385	1589.076923076923	segmented_cell	cancer_core
TONIC_TMA15_R10C1	339.0119047619048	1852.9795918367347	segmented_cell	cancer_core
TONIC_TMA15_R10C1	917.0678210678212	2010.6782106782107	segmented_cell	cancer_core
TONIC_TMA15_R10C1	108.31379310344828	765.0172413793103	segmented_cell	cancer_core
TONIC_TMA15_R10C1	714.6683760683761	252.49059829059829	segmented_cell	cancer_core
TONIC_TMA15_R10C1	1599.5777496839444	51.67509481668774	segmented_cell	cancer_core
TONIC_TMA15_R10C1	149.93534482758622	619.4008620689655	segmented_cell	cancer_core
TONIC_TMA15_R10C1	1239.6947115384614	495.39663461538464	segmented_cell	cancer_border
TONIC_TMA15_R10C1	1196.4971098265896	47.21242774566474	segmented_cell	cancer_core
TONIC_TMA15_R10C1	652.2613065326633	287.6482412060301	segmented_cell	cancer_core
TONIC_TMA15_R10C1	1459.5490605427974	736.1649269311065	segmented_cell	cancer_core
TONIC_TMA15_R10C1	980.2064864864864	1073.4562162162165	segmented_cell	cancer_core
TONIC_TMA15_R10C1	178.59409594095942	1643.8118081180812	segmented_cell	cancer_core
TONIC_TMA15_R10C1	1446.993178717599	582.5225102319235	segmented_cell	cancer_core
TONIC_TMA15_R10C1	68.74117647058823	668.2705882352941	segmented_cell	cancer_core
TONIC_TMA15_R10C1	2017.2608695652173	233.56770186335405	segmented_cell	cancer_core
TONIC_TMA15_R10C1	731.8241379310344	1055.9724137931034	segmented_cell	cancer_core
TONIC_TMA15_R10C1	1146.4188679245285	1968.5207547169807	segmented_cell	cancer_core
TONIC_TMA15_R10C1	1233.8472727272726	179.84727272727272	segmented_cell	cancer_core
TONIC_TMA15_R10C1	422.7025316455696	1693.6867088607594	segmented_cell	cancer_core
TONIC_TMA15_R10C1	1184.3870967741937	1663.3870967741937	segmented_cell	cancer_core
TONIC_TMA15_R10C1	335.05	495.4948275862069	segmented_cell	cancer_core
TONIC_TMA15_R10C1	1360.623595505618	499.2134831460674	segmented_cell	cancer_core
TONIC_TMA15_R10C1	667.6058700209644	711.62893081761	segmented_cell	cancer_core
TONIC_TMA15_R10C1	909.4641434262948	1559.3725099601593	segmented_cell	cancer_core
TONIC_TMA15_R10C1	835.6699029126214	1164.126213592233	segmented_cell	cancer_core
TONIC_TMA15_R10C1	1789.7319587628865	73.55412371134021	segmented_cell	cancer_core
TONIC_TMA15_R10C1	1619.36301369863	517.6883561643835	segmented_cell	cancer_core
TONIC_TMA15_R10C1	1557.3054298642537	1697.1787330316745	segmented_cell	cancer_core
TONIC_TMA15_R10C1	190.3273542600897	1156.6905829596412	segmented_cell	cancer_core
TONIC_TMA15_R10C1	356.6542056074766	1201.4704049844236	segmented_cell	cancer_core
TONIC_TMA15_R10C1	374.8230277185501	1125.360341151386	segmented_cell	cancer_core
TONIC_TMA15_R10C1	1849.044776119403	6.231343283582089	segmented_cell	cancer_core
TONIC_TMA15_R10C1	721.6220930232558	1087.8953488372092	segmented_cell	cancer_core
TONIC_TMA15_R10C1	1594.9043824701196	206.2828685258964	segmented_cell	cancer_core
TONIC_TMA15_R10C1	1603.4356955380576	1065.0511811023623	segmented_cell	cancer_core
TONIC_TMA15_R10C1	993.15625	1397.134375	segmented_cell	cancer_core
TONIC_TMA15_R10C1	1110.615254237288	1393.8033898305084	segmented_cell	cancer_core
TONIC_TMA15_R10C1	372.7852760736196	242.16564417177915	segmented_cell	cancer_core
TONIC_TMA15_R10C1	702.5328947368421	1776.9605263157894	segmented_cell	cancer_core
TONIC_TMA15_R10C1	665.4444444444445	2043.5833333333333	segmented_cell	cancer_core
TONIC_TMA15_R10C1	1703.954180985109	1293.9576174112256	segmented_cell	cancer_core
TONIC_TMA15_R10C1	1598.671586715867	2042.051660516605	segmented_cell	cancer_core
TONIC_TMA15_R10C1	1292.948795180723	1523.9126506024097	segmented_cell	cancer_core
TONIC_TMA15_R10C1	401.5769230769231	1217.5269230769231	segmented_cell	cancer_core
TONIC_TMA15_R10C1	1063.839762611276	1519.0118694362018	segmented_cell	cancer_core
TONIC_TMA15_R10C1	1946.6561983471076	191.5900826446281	segmented_cell	cancer_core
TONIC_TMA15_R10C1	1402.9957203994293	262.2895863052782	segmented_cell	cancer_core
TONIC_TMA15_R10C1	823.325	1734.69375	segmented_cell	cancer_core
TONIC_TMA15_R10C1	435.6227045075125	1798.756260434057	segmented_cell	cancer_core
TONIC_TMA15_R10C1	1618.781981981982	1559.500900900901	segmented_cell	cancer_core
TONIC_TMA15_R10C1	1633.6125461254612	486.970479704797	segmented_cell	cancer_core
TONIC_TMA15_R10C1	654.6806282722513	1480.4397905759165	segmented_cell	cancer_core
TONIC_TMA15_R10C1	334.26	1596.97	segmented_cell	cancer_core
TONIC_TMA15_R10C1	1833.236363636364	55.224242424242426	segmented_cell	cancer_core
TONIC_TMA15_R10C1	1691.3357879234168	27.38586156111929	segmented_cell	cancer_core
TONIC_TMA15_R10C1	699.8443579766537	1290.5330739299611	segmented_cell	cancer_core
TONIC_TMA15_R10C1	844.738255033557	1743.8053691275168	segmented_cell	cancer_core
TONIC_TMA15_R10C1	704.8198198198198	585.1189189189189	segmented_cell	cancer_core
TONIC_TMA15_R10C1	239.0541401273885	1155.3949044585988	segmented_cell	cancer_core
TONIC_TMA15_R10C1	1910.4082840236688	2023.9940828402368	segmented_cell	cancer_core
TONIC_TMA15_R10C1	1000.0495867768597	1989.3553719008264	segmented_cell	cancer_core
TONIC_TMA15_R10C1	1676.3161592505855	1041.8454332552694	segmented_cell	cancer_core
TONIC_TMA15_R10C1	1038.5890410958905	1550.986301369863	segmented_cell	cancer_core
TONIC_TMA15_R10C1	998.6983805668016	814.4230769230769	segmented_cell	cancer_core
TONIC_TMA15_R10C1	2021.8181818181815	1564.3690909090908	segmented_cell	cancer_core
TONIC_TMA15_R10C1	531.7937853107345	1876.3248587570624	segmented_cell	cancer_core
TONIC_TMA15_R10C1	1665.93	1837.05	segmented_cell	cancer_border
TONIC_TMA15_R10C1	61.10708401976936	1004.8121911037892	segmented_cell	cancer_core
TONIC_TMA15_R10C1	444.39588688946014	1448.289203084833	segmented_cell	cancer_core
TONIC_TMA15_R10C1	1904.2364760432768	509.9289026275116	segmented_cell	cancer_core
TONIC_TMA15_R10C1	1820.321428571429	145.34948979591837	segmented_cell	cancer_core
TONIC_TMA15_R10C1	198.9940828402367	1937.7721893491123	segmented_cell	cancer_core
TONIC_TMA15_R10C1	1527.0257142857142	155.55714285714285	segmented_cell	cancer_core
TONIC_TMA15_R10C1	1000.0062695924764	1530.5673981191223	segmented_cell	cancer_core
TONIC_TMA15_R10C1	7.332298136645963	118.12732919254658	segmented_cell	cancer_core
TONIC_TMA15_R10C1	1202.1304347826087	759.6038647342995	segmented_cell	cancer_core
TONIC_TMA15_R10C1	710.324431256182	1520.519287833828	segmented_cell	cancer_core
TONIC_TMA15_R10C1	1032.1315789473683	1149.7434210526317	segmented_cell	cancer_core
TONIC_TMA15_R10C1	455.1409147095179	211.33868974042028	segmented_cell	cancer_core
TONIC_TMA15_R10C1	1347.839622641509	184.24528301886792	segmented_cell	cancer_core
TONIC_TMA15_R10C1	729.4004424778761	377.0132743362832	segmented_cell	cancer_border
TONIC_TMA15_R10C1	1544.816011235955	340.4943820224719	segmented_cell	cancer_core
TONIC_TMA15_R10C1	1203.7231404958677	1989.637741046832	segmented_cell	cancer_core
TONIC_TMA15_R10C1	1350.7795275590552	1459.6377952755906	segmented_cell	cancer_core
TONIC_TMA15_R10C1	1414.0341394025604	415.2574679943101	segmented_cell	cancer_core
TONIC_TMA15_R10C1	511.2755555555556	634.8607407407408	segmented_cell	cancer_core
TONIC_TMA15_R10C1	765.8774928774928	953.5954415954416	segmented_cell	cancer_core
TONIC_TMA15_R10C1	329.63849765258215	1274.338028169014	segmented_cell	cancer_core
TONIC_TMA15_R10C1	1376.2697872340425	1187.7327659574469	segmented_cell	cancer_core
TONIC_TMA15_R10C1	1855.2196132596684	1812.292817679558	segmented_cell	cancer_core
TONIC_TMA15_R10C1	409.03643724696354	20.331983805668017	segmented_cell	cancer_core
TONIC_TMA15_R10C1	2041.0	418.1206349206349	segmented_cell	cancer_core
TONIC_TMA15_R10C1	1123.302158273381	347.9208633093525	segmented_cell	cancer_border
TONIC_TMA15_R10C1	1965.6909814323608	323.9801061007957	segmented_cell	cancer_core
TONIC_TMA15_R10C1	374.7116736990155	590.3037974683544	segmented_cell	cancer_core
TONIC_TMA15_R10C1	1151.074844074844	858.5717255717256	segmented_cell	cancer_core
TONIC_TMA15_R10C1	1301.8333333333333	1840.576388888889	segmented_cell	cancer_core
TONIC_TMA15_R10C1	865.1025641025641	108.3846153846154	segmented_cell	cancer_border
TONIC_TMA15_R10C1	1205.0883054892602	28.29832935560859	segmented_cell	cancer_core
TONIC_TMA15_R10C1	1711.9181286549708	371.6959064327485	segmented_cell	cancer_core
TONIC_TMA15_R10C1	1146.9375	415.5229591836735	segmented_cell	cancer_core
TONIC_TMA15_R10C1	46.184357541899445	1435.4357541899442	segmented_cell	cancer_core
TONIC_TMA15_R10C1	1528.8062200956938	658.6196172248804	segmented_cell	cancer_core
TONIC_TMA15_R10C1	1492.5587301587302	1729.7587301587305	segmented_cell	cancer_border
TONIC_TMA15_R10C1	1419.4097859327217	936.4831804281346	segmented_cell	cancer_core
TONIC_TMA15_R10C1	1593.513698630137	625.7397260273973	segmented_cell	cancer_core
TONIC_TMA15_R10C1	940.4642201834862	237.00183486238527	segmented_cell	cancer_border
TONIC_TMA15_R10C1	951.507299270073	1113.704379562044	segmented_cell	cancer_core
TONIC_TMA15_R10C1	2029.883211678832	1023.9255474452556	segmented_cell	cancer_core
TONIC_TMA15_R10C1	831.3837209302326	1426.6918604651162	segmented_cell	cancer_core
TONIC_TMA15_R10C1	413.5634441087613	619.9969788519637	segmented_cell	cancer_core
TONIC_TMA15_R10C1	1600.689223057644	232.21303258145363	segmented_cell	cancer_core
TONIC_TMA15_R10C1	1682.0	1220.55421686747	segmented_cell	cancer_core
TONIC_TMA15_R10C1	228.86875	1293.190625	segmented_cell	cancer_core
TONIC_TMA15_R10C1	92.04782608695652	1029.878260869565	segmented_cell	cancer_core
TONIC_TMA15_R10C1	792.304347826087	956.0260869565218	segmented_cell	cancer_core
TONIC_TMA15_R10C1	1149.7274774774776	352.72072072072075	segmented_cell	cancer_core
TONIC_TMA15_R10C1	1733.736936936937	1103.261261261261	segmented_cell	cancer_core
TONIC_TMA15_R10C1	991.950495049505	1778.039603960396	segmented_cell	cancer_core
TONIC_TMA15_R10C1	1039.1188340807175	1312.219730941704	segmented_cell	cancer_core
TONIC_TMA15_R10C1	100.80817051509769	1240.7051509769094	segmented_cell	cancer_core
TONIC_TMA15_R10C1	346.29447852760734	1375.601226993865	segmented_cell	cancer_core
TONIC_TMA15_R10C1	95.84848484848484	883.1333333333333	segmented_cell	cancer_core
TONIC_TMA15_R10C1	1698.435857805255	596.5610510046367	segmented_cell	cancer_core
TONIC_TMA15_R10C1	49.99444444444445	101.99444444444444	segmented_cell	cancer_core
TONIC_TMA15_R10C1	320.3838383838384	1857.146464646465	segmented_cell	cancer_core
TONIC_TMA15_R10C1	968.4651162790698	1420.3488372093022	segmented_cell	cancer_core
TONIC_TMA15_R10C1	1859.739923224568	56.74952015355086	segmented_cell	cancer_core
TONIC_TMA15_R10C1	1418.7154811715482	787.6778242677824	segmented_cell	cancer_core
TONIC_TMA15_R10C1	150.56237623762377	570.3564356435644	segmented_cell	cancer_core
TONIC_TMA15_R10C1	315.2401746724891	373.2794759825328	segmented_cell	cancer_core
TONIC_TMA15_R10C1	465.14516129032256	1601.3172043010752	segmented_cell	cancer_core
TONIC_TMA15_R10C1	275.1421188630491	1385.25322997416	segmented_cell	cancer_core
TONIC_TMA15_R10C1	1586.581818181818	1745.030303030303	segmented_cell	cancer_border
TONIC_TMA15_R10C1	1511.7803347280335	1273.692468619247	segmented_cell	cancer_core
TONIC_TMA15_R10C1	659.9730538922156	1698.3592814371257	segmented_cell	cancer_core
TONIC_TMA15_R10C1	399.24058577405856	969.6192468619248	segmented_cell	cancer_border
TONIC_TMA15_R10C1	1372.8947368421052	346.70877192982454	segmented_cell	cancer_core
TONIC_TMA15_R10C1	785.2768304914745	1231.765295887663	segmented_cell	cancer_core
TONIC_TMA15_R10C1	6.255144032921811	1113.851851851852	segmented_cell	cancer_core
TONIC_TMA15_R10C1	1565.0086206896551	1790.301724137931	segmented_cell	cancer_border
TONIC_TMA15_R10C1	595.9860788863109	1499.3619489559164	segmented_cell	cancer_core
TONIC_TMA15_R10C1	386.2828947368421	66.05263157894737	segmented_cell	cancer_core
TONIC_TMA15_R10C1	214.09670781893004	1273.0349794238682	segmented_cell	cancer_core
TONIC_TMA15_R10C1	1196.4950495049504	313.3927392739274	segmented_cell	cancer_core
TONIC_TMA15_R10C1	592.5096774193548	13.629032258064516	segmented_cell	cancer_core
TONIC_TMA15_R10C1	1987.6842857142856	1728.5514285714285	segmented_cell	cancer_core
TONIC_TMA15_R10C1	995.2379032258063	190.05645161290323	segmented_cell	cancer_core
TONIC_TMA15_R10C1	1026.4052757793766	1561.0	segmented_cell	cancer_core
TONIC_TMA15_R10C1	1866.3545454545451	1014.2963636363636	segmented_cell	cancer_core
TONIC_TMA15_R10C1	1892.4245495495493	777.5608108108108	segmented_cell	cancer_border
TONIC_TMA15_R10C1	1150.8676470588234	287.8602941176471	segmented_cell	cancer_core
TONIC_TMA15_R10C1	276.90725806451616	273.03225806451616	segmented_cell	cancer_core
TONIC_TMA15_R10C1	811.5194174757281	597.5606796116505	segmented_cell	cancer_core
TONIC_TMA15_R10C1	173.2995283018868	1813.8915094339625	segmented_cell	cancer_core
TONIC_TMA15_R10C1	972.7186544342508	126.93272171253822	segmented_cell	cancer_core
TONIC_TMA15_R10C1	1380.425287356322	1024.6124794745483	segmented_cell	cancer_core
TONIC_TMA15_R10C1	408.9768177028451	1318.9978925184405	segmented_cell	cancer_core
TONIC_TMA15_R10C1	301.7142857142857	1522.1	segmented_cell	cancer_core
TONIC_TMA15_R10C1	917.5016181229772	103.97734627831716	segmented_cell	cancer_core
TONIC_TMA15_R10C1	491.0196078431373	40.372549019607845	segmented_cell	cancer_core
TONIC_TMA15_R10C1	1639.1411042944785	33.717791411042946	segmented_cell	cancer_core
TONIC_TMA15_R10C1	809.8590078328982	261.61096605744126	segmented_cell	cancer_core
TONIC_TMA15_R10C1	355.35568513119534	502.0728862973761	segmented_cell	cancer_core
TONIC_TMA15_R10C1	1306.111111111111	521.984126984127	segmented_cell	cancer_border
TONIC_TMA15_R10C1	996.1871165644172	1273.8174846625766	segmented_cell	cancer_core
TONIC_TMA15_R10C1	561.5505050505051	1590.3030303030305	segmented_cell	cancer_core
TONIC_TMA15_R10C1	199.2323943661972	1229.6549295774648	segmented_cell	cancer_core
TONIC_TMA15_R10C1	1170.9327586206896	295.4862068965517	segmented_cell	cancer_core
TONIC_TMA15_R10C1	1118.4600638977636	1117.517571884984	segmented_cell	cancer_core
TONIC_TMA15_R10C1	565.4614121510673	157.54679802955664	segmented_cell	cancer_border
TONIC_TMA15_R10C1	1961.3471502590676	377.1174438687392	segmented_cell	cancer_core
TONIC_TMA15_R10C1	650.6094674556213	1325.4023668639054	segmented_cell	cancer_core
TONIC_TMA15_R10C1	1880.967391304348	1736.0717391304347	segmented_cell	cancer_core
TONIC_TMA15_R10C1	1130.5623762376238	1876.2039603960395	segmented_cell	cancer_core
TONIC_TMA15_R10C1	695.8012295081967	2005.5881147540983	segmented_cell	cancer_core
TONIC_TMA15_R10C1	1061.3383458646615	1461.733082706767	segmented_cell	cancer_core
TONIC_TMA15_R10C1	1507.0189504373177	1146.9183673469388	segmented_cell	cancer_core
TONIC_TMA15_R10C1	1175.621212121212	58.96969696969697	segmented_cell	cancer_core
TONIC_TMA15_R10C1	423.7924528301887	1298.4168096054889	segmented_cell	cancer_core
TONIC_TMA15_R10C1	1798.2809773123909	1608.631762652705	segmented_cell	cancer_core
TONIC_TMA15_R10C1	1294.637339055794	894.0429184549356	segmented_cell	cancer_core
TONIC_TMA15_R10C1	1415.5284552845528	393.3089430894309	segmented_cell	cancer_core
TONIC_TMA15_R10C1	1178.2925925925929	596.1148148148148	segmented_cell	cancer_core
TONIC_TMA15_R10C1	187.56781914893617	448.5159574468085	segmented_cell	cancer_core
TONIC_TMA15_R10C1	138.26047358834245	721.775956284153	segmented_cell	cancer_core
TONIC_TMA15_R10C1	1632.6983870967742	363.0919354838709	segmented_cell	cancer_core
TONIC_TMA15_R10C1	1335.8823529411766	1075.737556561086	segmented_cell	cancer_core
TONIC_TMA15_R10C1	760.929292929293	1346.322109988777	segmented_cell	cancer_core
TONIC_TMA15_R10C1	1448.025830258303	7.236162361623617	segmented_cell	cancer_core
TONIC_TMA15_R10C1	625.2899408284023	692.5601577909271	segmented_cell	cancer_core
TONIC_TMA15_R10C1	988.7946127946128	1379.1279461279462	segmented_cell	cancer_core
TONIC_TMA15_R10C1	476.11929824561406	304.97543859649124	segmented_cell	cancer_core
TONIC_TMA15_R10C1	442.6838905775076	369.9726443768997	segmented_cell	cancer_core
TONIC_TMA15_R10C1	1957.4763335837715	1423.863260706236	segmented_cell	cancer_core
TONIC_TMA15_R10C1	2013.1055495103371	1262.7312295973884	segmented_cell	cancer_core
TONIC_TMA15_R10C1	1144.3299663299665	1762.888888888889	segmented_cell	cancer_core
TONIC_TMA15_R10C1	905.1125	535.91875	segmented_cell	cancer_core
TONIC_TMA15_R10C1	1065.90873015873	967.6785714285714	segmented_cell	cancer_core
TONIC_TMA15_R10C1	1479.7478108581436	168.97373029772328	segmented_cell	cancer_core
TONIC_TMA15_R10C1	878.7133027522935	1315.309633027523	segmented_cell	cancer_core
TONIC_TMA15_R10C1	1454.236607142857	1889.7232142857144	segmented_cell	cancer_core
TONIC_TMA15_R10C1	1830.6216216216217	822.8746928746929	segmented_cell	cancer_core
TONIC_TMA15_R10C1	754.4581818181819	845.9272727272727	segmented_cell	cancer_core
TONIC_TMA15_R10C1	540.2653810835629	1068.1450872359962	segmented_cell	cancer_border
TONIC_TMA15_R10C1	160.49232914923292	1527.2747559274756	segmented_cell	cancer_core
TONIC_TMA15_R10C1	619.6626506024096	130.4578313253012	segmented_cell	cancer_border
TONIC_TMA15_R10C1	593.7568238213399	1162.1290322580646	segmented_cell	cancer_core
TONIC_TMA15_R10C1	1218.8323809523808	540.56	segmented_cell	stroma_border
TONIC_TMA15_R10C1	1947.36083499006	75.32604373757455	segmented_cell	cancer_core
TONIC_TMA15_R10C1	1371.617283950617	267.3333333333333	segmented_cell	cancer_core
TONIC_TMA15_R10C1	527.4590163934427	1344.979508196721	segmented_cell	cancer_core
TONIC_TMA15_R10C1	45.34555984555985	1138.4555984555984	segmented_cell	cancer_core
TONIC_TMA15_R10C1	873.3592920353982	1677.3557522123897	segmented_cell	cancer_core
TONIC_TMA15_R10C1	75.63874345549738	1249.282722513089	segmented_cell	cancer_core
TONIC_TMA15_R10C1	647.3556701030927	185.62886597938143	segmented_cell	cancer_core
TONIC_TMA15_R10C1	721.6607929515418	754.7753303964757	segmented_cell	cancer_core
TONIC_TMA15_R10C1	562.4183673469388	13.838775510204082	segmented_cell	cancer_core
TONIC_TMA15_R10C1	303.92962962962963	1226.9703703703703	segmented_cell	cancer_core
TONIC_TMA15_R10C1	1793.4562647754135	594.3262411347517	segmented_cell	cancer_core
TONIC_TMA15_R10C1	350.75172413793103	1348.6137931034482	segmented_cell	cancer_core
TONIC_TMA15_R10C1	308.9765258215962	1415.4460093896714	segmented_cell	cancer_core
TONIC_TMA15_R10C1	563.8514851485148	1440.5227722772277	segmented_cell	cancer_core
TONIC_TMA15_R10C1	503.2739726027397	802.1315068493151	segmented_cell	cancer_border
TONIC_TMA15_R10C1	796.8609523809524	240.5847619047619	segmented_cell	cancer_core
TONIC_TMA15_R10C1	568.7609756097561	310.9609756097561	segmented_cell	cancer_core
TONIC_TMA15_R10C1	937.5201793721972	1981.627802690583	segmented_cell	cancer_core
TONIC_TMA15_R10C1	752.9155982905983	249.2617521367521	segmented_cell	cancer_core
TONIC_TMA15_R10C1	2040.9884526558888	1784.2909930715934	segmented_cell	cancer_core
TONIC_TMA15_R10C1	1212.426116838488	479.340206185567	segmented_cell	cancer_border
TONIC_TMA15_R10C1	924.6692015209126	1121.1558935361218	segmented_cell	cancer_core
TONIC_TMA15_R10C1	1282.2995780590718	1763.3396624472573	segmented_cell	cancer_core
TONIC_TMA15_R10C1	998.1666666666666	1195.696390658174	segmented_cell	cancer_core
TONIC_TMA15_R10C1	1094.486559139785	1863.731182795699	segmented_cell	cancer_core
TONIC_TMA15_R10C1	477.693094629156	1845.235294117647	segmented_cell	cancer_core
TONIC_TMA15_R10C1	701.5212620027435	1002.249657064472	segmented_cell	cancer_core
TONIC_TMA15_R10C1	590.062015503876	1285.2790697674418	segmented_cell	cancer_core
TONIC_TMA15_R10C1	1513.0103626943005	1038.341968911917	segmented_cell	cancer_core
TONIC_TMA15_R10C1	552.6011904761905	731.3363095238095	segmented_cell	cancer_core
TONIC_TMA15_R10C1	1805.741980474198	1177.7140864714086	segmented_cell	cancer_border
TONIC_TMA15_R10C1	940.7822878228782	1480.4981549815498	segmented_cell	cancer_core
TONIC_TMA15_R10C1	479.7698863636364	1291.340909090909	segmented_cell	cancer_core
TONIC_TMA15_R10C1	728.8006482982172	1672.7504051863857	segmented_cell	cancer_core
TONIC_TMA15_R10C1	647.0946107784431	1054.522155688623	segmented_cell	cancer_core
TONIC_TMA15_R10C1	1938.199617956065	687.9446036294174	segmented_cell	cancer_border
TONIC_TMA15_R10C1	1301.0	410.7307692307692	segmented_cell	cancer_core
TONIC_TMA15_R10C1	535.6178160919541	468.0632183908046	segmented_cell	cancer_core
TONIC_TMA15_R10C1	883.5521172638437	123.2540716612378	segmented_cell	cancer_border
TONIC_TMA15_R10C1	919.9264705882352	204.5073529411765	segmented_cell	cancer_core
TONIC_TMA15_R10C1	80.385	300.795	segmented_cell	cancer_core
TONIC_TMA15_R10C1	81.10526315789474	574.7607655502393	segmented_cell	cancer_core
TONIC_TMA15_R10C1	600.7770700636943	1729.9414012738853	segmented_cell	cancer_core
TONIC_TMA15_R10C1	501.30515463917527	1561.5814432989691	segmented_cell	cancer_core
TONIC_TMA15_R10C1	1483.972746331237	1583.8343815513626	segmented_cell	cancer_core
TONIC_TMA15_R10C1	5.325	1898.73	segmented_cell	cancer_core
TONIC_TMA15_R10C1	929.3555133079848	928.4125475285172	segmented_cell	cancer_core
TONIC_TMA15_R10C1	528.7539893617021	703.0186170212766	segmented_cell	cancer_core
TONIC_TMA15_R10C1	161.84134615384616	24.995192307692307	segmented_cell	cancer_border
TONIC_TMA15_R10C1	1831.4221698113208	102.38207547169812	segmented_cell	cancer_core
TONIC_TMA15_R10C1	310.8845144356956	1469.9370078740158	segmented_cell	cancer_core
TONIC_TMA15_R10C1	1053.360902255639	644.4398496240601	segmented_cell	cancer_core
TONIC_TMA15_R10C1	1015.0238907849828	779.481228668942	segmented_cell	cancer_core
TONIC_TMA15_R10C1	864.9418604651163	1371.5406976744189	segmented_cell	cancer_core
TONIC_TMA15_R10C1	620.7966101694915	372.7491525423729	segmented_cell	cancer_core
TONIC_TMA15_R10C1	1443.8042105263155	1108.138947368421	segmented_cell	cancer_core
TONIC_TMA15_R10C1	722.0056497175141	587.3474576271186	segmented_cell	cancer_core
TONIC_TMA15_R10C1	1109.5781990521327	1522.004739336493	segmented_cell	cancer_core
TONIC_TMA15_R10C1	1242.7175572519084	1289.5343511450385	segmented_cell	cancer_core
TONIC_TMA15_R10C1	950.3114161849712	637.5932080924855	segmented_cell	cancer_core
TONIC_TMA15_R10C1	197.7565632458234	200.0	segmented_cell	cancer_core
TONIC_TMA15_R10C1	622.8845208845208	1356.058968058968	segmented_cell	cancer_core
TONIC_TMA15_R10C1	1066.6699029126214	1943.5582524271845	segmented_cell	cancer_core
TONIC_TMA15_R10C1	182.08011869436203	1370.566765578635	segmented_cell	cancer_core
TONIC_TMA15_R10C1	1712.186077643909	872.2262382864792	segmented_cell	cancer_core
TONIC_TMA15_R10C1	2038.5218295218292	1475.7318087318088	segmented_cell	cancer_core
TONIC_TMA15_R10C1	876.2554455445545	620.540594059406	segmented_cell	cancer_core
TONIC_TMA15_R10C1	679.1668311944719	475.9930898321816	segmented_cell	cancer_core
TONIC_TMA15_R10C1	547.3636363636364	680.9818181818182	segmented_cell	cancer_core
TONIC_TMA15_R10C1	296.63917525773195	1945.06529209622	segmented_cell	cancer_core
TONIC_TMA15_R10C1	1934.3440594059407	791.2933168316831	segmented_cell	cancer_border
TONIC_TMA15_R10C1	1621.058608058608	394.5265567765568	segmented_cell	cancer_core
TONIC_TMA15_R10C1	2040.481894150418	679.008356545961	segmented_cell	cancer_core
TONIC_TMA15_R10C1	1847.6101265822783	150.38481012658227	segmented_cell	cancer_core
TONIC_TMA15_R10C1	1742.5039123630672	1037.3348982785603	segmented_cell	cancer_core
TONIC_TMA15_R10C1	317.2307692307692	1004.603021978022	segmented_cell	cancer_core
TONIC_TMA15_R10C1	873.0833333333334	1198.1145833333333	segmented_cell	cancer_core
TONIC_TMA15_R10C1	1131.5621414913958	227.8833652007648	segmented_cell	cancer_core
TONIC_TMA15_R10C1	1230.0167785234898	1545.8557046979863	segmented_cell	cancer_core
TONIC_TMA15_R10C1	779.5384615384615	1084.173076923077	segmented_cell	cancer_core
TONIC_TMA15_R10C1	1738.8424068767908	740.5186246418339	segmented_cell	cancer_core
TONIC_TMA15_R10C1	2010.164	1882.852	segmented_cell	cancer_core
TONIC_TMA15_R10C1	464.90058479532166	699.0	segmented_cell	cancer_core
TONIC_TMA15_R10C1	116.49767981438517	355.2366589327146	segmented_cell	cancer_core
TONIC_TMA15_R10C1	228.225	496.6571428571429	segmented_cell	cancer_core
TONIC_TMA15_R10C1	1760.4713375796175	1469.4182590233545	segmented_cell	cancer_core
TONIC_TMA15_R10C1	237.97025171624716	293.05949656750573	segmented_cell	cancer_core
TONIC_TMA15_R10C1	426.6390605686032	187.63658838071692	segmented_cell	cancer_core
TONIC_TMA15_R10C1	1760.993288590604	834.2953020134228	segmented_cell	cancer_core
TONIC_TMA15_R10C1	422.1151079136691	1427.400479616307	segmented_cell	cancer_core
TONIC_TMA15_R10C1	1350.465909090909	245.37878787878788	segmented_cell	cancer_core
TONIC_TMA15_R10C1	785.4590163934427	1715.229508196721	segmented_cell	cancer_core
TONIC_TMA15_R10C1	1638.5672333848531	1132.8964451313757	segmented_cell	cancer_core
TONIC_TMA15_R10C1	1783.065395095368	858.3814713896458	segmented_cell	cancer_core
TONIC_TMA15_R10C1	1302.1548223350253	676.4340101522843	segmented_cell	cancer_core
TONIC_TMA15_R10C1	954.4772727272727	1225.090909090909	segmented_cell	cancer_core
TONIC_TMA15_R10C1	1667.9739130434782	649.491304347826	segmented_cell	cancer_core
TONIC_TMA15_R10C1	1875.9856887298747	350.8837209302326	segmented_cell	cancer_core
TONIC_TMA15_R10C1	189.4297520661157	188.8842975206612	segmented_cell	cancer_core
TONIC_TMA15_R10C1	1593.7691466083152	423.0612691466083	segmented_cell	cancer_core
TONIC_TMA15_R10C1	1268.9150943396226	16.59245283018868	segmented_cell	cancer_core
TONIC_TMA15_R10C1	1135.2	1608.6571428571428	segmented_cell	cancer_core
TONIC_TMA15_R10C1	1451.1896551724135	957.9655172413792	segmented_cell	cancer_core
TONIC_TMA15_R10C1	1520.2564102564102	680.0	segmented_cell	cancer_core
TONIC_TMA15_R10C1	1451.6546762589928	1686.1888489208634	segmented_cell	cancer_core
TONIC_TMA15_R10C1	1941.611801242236	432.5776397515528	segmented_cell	cancer_core
TONIC_TMA15_R10C1	157.88785046728972	330.5315420560748	segmented_cell	cancer_core
TONIC_TMA15_R10C1	673.609375	1261.9375	segmented_cell	cancer_core
TONIC_TMA15_R10C1	1066.9653465346537	1779.717821782178	segmented_cell	cancer_core
TONIC_TMA15_R10C1	1056.3056516724337	1035.670126874279	segmented_cell	cancer_core
TONIC_TMA15_R10C1	569.8944444444444	238.9	segmented_cell	cancer_core
TONIC_TMA15_R10C1	1815.165861513688	1299.4041867954911	segmented_cell	stroma_border
TONIC_TMA15_R10C1	512.6724565756824	16.54590570719603	segmented_cell	cancer_core
TONIC_TMA15_R10C1	1406.784615384615	1653.3076923076924	segmented_cell	cancer_core
TONIC_TMA15_R10C1	1583.4333333333334	1967.1866666666667	segmented_cell	stroma_border
TONIC_TMA15_R10C1	1901.52224824356	814.5456674473068	segmented_cell	cancer_core
TONIC_TMA15_R10C1	1896.3050847457628	1227.2457627118645	segmented_cell	cancer_core
TONIC_TMA15_R10C1	1002.391304347826	1386.4728260869565	segmented_cell	cancer_core
TONIC_TMA15_R10C1	1185.573033707865	1580.123595505618	segmented_cell	cancer_core
TONIC_TMA15_R10C1	694.057636887608	35.86455331412104	segmented_cell	cancer_core
TONIC_TMA15_R10C1	1054.8251748251748	984.1701631701632	segmented_cell	cancer_core
TONIC_TMA15_R10C1	1262.1576354679803	487.2857142857143	segmented_cell	cancer_border
TONIC_TMA15_R10C1	1839.8620218579235	377.00136612021856	segmented_cell	cancer_core
TONIC_TMA15_R10C1	306.15625	1046.6770833333333	segmented_cell	cancer_core
TONIC_TMA15_R10C1	1400.895470383275	98.69686411149826	segmented_cell	cancer_core
TONIC_TMA15_R10C1	142.0	1796.678787878788	segmented_cell	cancer_core
TONIC_TMA15_R10C1	68.25142857142858	113.61714285714284	segmented_cell	cancer_core
TONIC_TMA15_R10C1	1079.3818737270876	647.6720977596741	segmented_cell	cancer_core
TONIC_TMA15_R10C1	1812.1064516129031	1385.308064516129	segmented_cell	cancer_border
TONIC_TMA15_R10C1	1130.2083333333333	745.0833333333334	segmented_cell	cancer_core
TONIC_TMA15_R10C1	523.7848101265823	203.03452243958571	segmented_cell	cancer_core
TONIC_TMA15_R10C1	1147.1851385390428	1295.6410579345088	segmented_cell	cancer_core
TONIC_TMA15_R10C1	648.0180505415162	409.8032490974729	segmented_cell	cancer_border
TONIC_TMA15_R10C1	478.9912087912088	329.8021978021978	segmented_cell	cancer_core
TONIC_TMA15_R10C1	1040.107438016529	457.0964187327824	segmented_cell	cancer_border
TONIC_TMA15_R10C1	1924.2151898734176	1026.6300984528832	segmented_cell	cancer_core
TONIC_TMA15_R10C1	1207.5734664764625	698.0356633380884	segmented_cell	cancer_core
TONIC_TMA15_R10C1	770.7924528301887	855.7295597484276	segmented_cell	cancer_core
TONIC_TMA15_R10C1	1721.5974842767296	1771.7169811320755	segmented_cell	cancer_core
TONIC_TMA15_R10C1	290.6252676659529	715.0663811563169	segmented_cell	cancer_core
TONIC_TMA15_R10C1	1403.2912912912914	1137.3423423423424	segmented_cell	cancer_core
TONIC_TMA15_R10C1	1219.6540983606558	1477.016393442623	segmented_cell	cancer_core
TONIC_TMA15_R10C1	685.7075664621677	273.82208588957053	segmented_cell	cancer_core
TONIC_TMA15_R10C1	1158.470588235294	1649.5686274509803	segmented_cell	cancer_core
TONIC_TMA15_R10C1	1474.0698324022346	1853.217877094972	segmented_cell	cancer_core
TONIC_TMA15_R10C1	623.1142857142858	519.0087912087912	segmented_cell	cancer_core
TONIC_TMA15_R10C1	1258.443925233645	1696.3317757009345	segmented_cell	cancer_core
TONIC_TMA15_R10C1	1408.7121535181236	161.95095948827293	segmented_cell	cancer_core
TONIC_TMA15_R10C1	1155.7003610108304	198.173285198556	segmented_cell	cancer_core
TONIC_TMA15_R10C1	6.243727598566308	1062.7096774193549	segmented_cell	cancer_core
TONIC_TMA15_R10C1	610.6923076923077	1707.9840848806366	segmented_cell	cancer_core
TONIC_TMA15_R10C1	1949.2040404040404	1043.9939393939394	segmented_cell	cancer_core
TONIC_TMA15_R10C1	1426.0578512396694	497.91460055096417	segmented_cell	cancer_core
TONIC_TMA15_R10C1	796.8964705882353	1532.64	segmented_cell	cancer_core
TONIC_TMA15_R10C1	1026.181102362205	764.0944881889764	segmented_cell	cancer_core
TONIC_TMA15_R10C1	798.1943319838057	54.50607287449392	segmented_cell	cancer_border
TONIC_TMA15_R10C1	1482.2868852459017	1002.1819672131148	segmented_cell	cancer_core
TONIC_TMA15_R10C1	287.4689754689755	252.14718614718612	segmented_cell	cancer_core
TONIC_TMA15_R10C1	218.59183673469389	526.7084548104956	segmented_cell	cancer_core
TONIC_TMA15_R10C1	1013.118811881188	1414.9430693069307	segmented_cell	cancer_core
TONIC_TMA15_R10C1	1680.9813333333334	336.05333333333334	segmented_cell	cancer_core
TONIC_TMA15_R10C1	1182.638888888889	1407.7222222222222	segmented_cell	cancer_core
TONIC_TMA15_R10C1	1220.4674267100977	588.0537459283388	segmented_cell	cancer_border
TONIC_TMA15_R10C1	1045.279935275081	430.4644012944984	segmented_cell	cancer_border
TONIC_TMA15_R10C1	1125.42206235012	1510.8441247002395	segmented_cell	cancer_core
TONIC_TMA15_R10C1	776.7337662337662	353.2597402597403	segmented_cell	cancer_core
TONIC_TMA15_R10C1	1642.8042704626334	73.25266903914591	segmented_cell	cancer_core
TONIC_TMA15_R10C1	682.2954230235783	1687.2662968099862	segmented_cell	cancer_core
TONIC_TMA15_R10C1	267.207381370826	729.4674868189807	segmented_cell	cancer_core
TONIC_TMA15_R10C1	1300.6257142857144	1090.0028571428572	segmented_cell	cancer_core
TONIC_TMA15_R10C1	454.90697674418607	409.25	segmented_cell	cancer_core
TONIC_TMA15_R10C1	198.109375	1116.0390625	segmented_cell	cancer_core
TONIC_TMA15_R10C1	10.294019933554818	779.2624584717609	segmented_cell	cancer_core
TONIC_TMA15_R10C1	588.7879282218597	1337.8352365415988	segmented_cell	cancer_core
TONIC_TMA15_R10C1	539.1629213483146	1451.2209737827716	segmented_cell	cancer_core
TONIC_TMA15_R10C1	1179.5205479452054	210.30593607305937	segmented_cell	cancer_core
TONIC_TMA15_R10C1	1581.1574074074074	1422.6157407407406	segmented_cell	cancer_core
TONIC_TMA15_R10C1	481.2752808988764	52.252808988764045	segmented_cell	cancer_core
TONIC_TMA15_R10C1	886.4022004889976	722.3276283618582	segmented_cell	cancer_core
TONIC_TMA15_R10C1	745.4209621993127	1989.5309278350517	segmented_cell	cancer_core
TONIC_TMA15_R10C1	653.1746411483253	792.6578947368421	segmented_cell	cancer_border
TONIC_TMA15_R10C1	466.8323353293413	1241.9281437125749	segmented_cell	cancer_core
TONIC_TMA15_R10C1	435.6234042553192	1766.0574468085106	segmented_cell	cancer_core
TONIC_TMA15_R10C1	2034.5220385674927	1711.9449035812672	segmented_cell	cancer_core
TONIC_TMA15_R10C1	1635.244648318043	279.4434250764526	segmented_cell	cancer_core
TONIC_TMA15_R10C1	1900.201335877863	237.25858778625957	segmented_cell	cancer_core
TONIC_TMA15_R10C1	232.7546218487395	1016.2285714285714	segmented_cell	cancer_core
TONIC_TMA15_R10C1	107.27326732673268	1096.6653465346535	segmented_cell	cancer_core
TONIC_TMA15_R10C1	683.56	1926.2235294117647	segmented_cell	cancer_core
TONIC_TMA15_R10C1	1116.602666666667	1572.1733333333334	segmented_cell	cancer_core
TONIC_TMA15_R10C1	1979.4012345679007	1295.2666666666669	segmented_cell	cancer_core
TONIC_TMA15_R10C1	1651.2297955209349	932.9649464459592	segmented_cell	cancer_core
TONIC_TMA15_R10C1	310.7801724137931	551.7758620689655	segmented_cell	cancer_core
TONIC_TMA15_R10C1	883.360248447205	31.36024844720497	segmented_cell	cancer_core
TONIC_TMA15_R10C1	1909.5384615384612	1217.318376068376	segmented_cell	cancer_core
TONIC_TMA15_R10C1	2039.9726443769	1850.22188449848	segmented_cell	cancer_core
TONIC_TMA15_R10C1	1318.6322869955156	1077.3632286995517	segmented_cell	cancer_core
TONIC_TMA15_R10C1	1016.1941391941392	2040.4615384615383	segmented_cell	cancer_core
TONIC_TMA15_R10C1	577.5636623748212	1276.83547925608	segmented_cell	cancer_core
TONIC_TMA15_R10C1	661.2683397683397	78.83590733590734	segmented_cell	cancer_core
TONIC_TMA15_R10C1	462.3115577889447	312.35929648241205	segmented_cell	cancer_core
TONIC_TMA15_R10C1	1383.326860841424	104.3883495145631	segmented_cell	cancer_core
TONIC_TMA15_R10C1	250.08442776735455	1953.3058161350843	segmented_cell	cancer_core
TONIC_TMA15_R10C1	1539.8877551020407	1539.8698979591836	segmented_cell	cancer_core
TONIC_TMA15_R10C1	1439.7992125984251	1878.0787401574803	segmented_cell	cancer_core
TONIC_TMA15_R10C1	348.9382151029748	1144.0686498855837	segmented_cell	cancer_core
TONIC_TMA15_R10C1	1420.8939393939395	1444.8939393939395	segmented_cell	cancer_core
TONIC_TMA15_R10C1	145.3186119873817	1283.7239747634069	segmented_cell	cancer_core
TONIC_TMA15_R10C1	605.2259713701432	1872.7402862985684	segmented_cell	cancer_core
TONIC_TMA15_R10C1	1660.8953488372092	602.4040697674419	segmented_cell	cancer_core
TONIC_TMA15_R10C1	819.7396907216495	1880.224226804124	segmented_cell	cancer_core
TONIC_TMA15_R10C1	1065.201754385965	1741.078947368421	segmented_cell	cancer_core
TONIC_TMA15_R10C1	1570.7729166666666	1035.4197916666667	segmented_cell	cancer_core
TONIC_TMA15_R10C1	599.1386430678466	855.212389380531	segmented_cell	cancer_border
TONIC_TMA15_R10C1	1818.5722891566263	1879.7939759036144	segmented_cell	cancer_core
TONIC_TMA15_R10C1	550.7070707070707	1600.5151515151515	segmented_cell	cancer_core
TONIC_TMA15_R10C1	1054.8062015503876	1477.4108527131782	segmented_cell	cancer_core
TONIC_TMA15_R10C1	1200.4586288416076	1394.7056737588653	segmented_cell	cancer_core
TONIC_TMA15_R10C1	1898.638440860215	1910.168010752688	segmented_cell	cancer_core
TONIC_TMA15_R10C1	620.1958456973293	611.1958456973293	segmented_cell	cancer_core
TONIC_TMA15_R10C1	1457.4162679425838	1474.4856459330144	segmented_cell	cancer_core
TONIC_TMA15_R10C1	67.96185286103542	632.9863760217984	segmented_cell	cancer_core
TONIC_TMA15_R10C1	1073.892405063291	420.7552742616034	segmented_cell	cancer_border
TONIC_TMA15_R10C1	774.4709784411277	1509.0762852404644	segmented_cell	cancer_core
TONIC_TMA15_R10C1	1430.6308411214952	1197.1214953271028	segmented_cell	cancer_core
TONIC_TMA15_R10C1	1538.345259391771	599.1663685152057	segmented_cell	cancer_core
TONIC_TMA15_R10C1	1665.596525096525	712.53861003861	segmented_cell	cancer_core
TONIC_TMA15_R10C1	1404.7093023255811	2030.5135658914728	segmented_cell	cancer_core
TONIC_TMA15_R10C1	145.38621794871796	1679.2876602564102	segmented_cell	cancer_core
TONIC_TMA15_R10C1	409.5633802816901	2025.774647887324	segmented_cell	cancer_core
TONIC_TMA15_R10C1	1227.248995983936	1147.983935742972	segmented_cell	cancer_core
TONIC_TMA15_R10C1	1476.8454011741685	1651.8199608610566	segmented_cell	cancer_core
TONIC_TMA15_R10C1	1655.3399014778324	24.07881773399015	segmented_cell	cancer_core
TONIC_TMA15_R10C1	1558.2068403908795	1188.7638436482084	segmented_cell	cancer_core
TONIC_TMA15_R10C1	771.0286738351255	1859.881720430108	segmented_cell	cancer_core
TONIC_TMA15_R10C1	569.5492537313432	809.223880597015	segmented_cell	cancer_border
TONIC_TMA15_R10C1	1068.3117408906885	212.9838056680162	segmented_cell	cancer_border
TONIC_TMA15_R10C1	494.1145975443383	1038.4884038199182	segmented_cell	cancer_border
TONIC_TMA15_R10C1	1324.4924874791318	327.9732888146912	segmented_cell	cancer_core
TONIC_TMA15_R10C1	139.00721153846155	551.4326923076923	segmented_cell	cancer_core
TONIC_TMA15_R10C1	49.75242718446602	852.3155339805825	segmented_cell	cancer_core
TONIC_TMA15_R10C1	1244.0542635658917	1959.806201550388	segmented_cell	cancer_core
TONIC_TMA15_R10C1	706.6376518218624	1419.6295546558704	segmented_cell	cancer_core
TONIC_TMA15_R10C1	308.05853658536586	809.5731707317074	segmented_cell	cancer_core
TONIC_TMA15_R10C1	1676.0806451612902	892.4695340501792	segmented_cell	cancer_core
TONIC_TMA15_R10C1	50.12820512820513	1230.025641025641	segmented_cell	cancer_core
TONIC_TMA15_R10C1	1318.0912162162165	687.7804054054054	segmented_cell	cancer_core
TONIC_TMA15_R10C1	572.2428571428571	610.225	segmented_cell	cancer_core
TONIC_TMA15_R10C1	1121.3468286099865	1941.195681511471	segmented_cell	cancer_core
TONIC_TMA15_R10C1	162.782722513089	414.6204188481676	segmented_cell	cancer_core
TONIC_TMA15_R10C1	1262.1718464351006	669.2961608775137	segmented_cell	cancer_core
TONIC_TMA15_R10C1	230.38181818181815	1323.490909090909	segmented_cell	cancer_core
TONIC_TMA15_R10C1	578.9130434782609	1905.40625	segmented_cell	cancer_core
TONIC_TMA15_R10C1	563.4283439490446	1573.5796178343949	segmented_cell	cancer_core
TONIC_TMA15_R10C1	1353.4188861985472	659.4915254237288	segmented_cell	cancer_core
TONIC_TMA15_R10C1	1086.479674796748	623.1382113821138	segmented_cell	cancer_core
TONIC_TMA15_R10C1	1281.0653266331658	1116.1557788944724	segmented_cell	cancer_core
TONIC_TMA15_R10C1	309.9490196078431	2030.643137254902	segmented_cell	cancer_core
TONIC_TMA15_R10C1	1384.4170731707318	898.3975609756097	segmented_cell	cancer_core
TONIC_TMA15_R10C1	84.3375	2005.8875	segmented_cell	cancer_core
TONIC_TMA15_R10C1	1347.737313432836	787.2298507462687	segmented_cell	cancer_core
TONIC_TMA15_R10C1	1829.9878787878788	2040.436363636364	segmented_cell	cancer_border
TONIC_TMA15_R10C1	1826.4803149606296	1684.9291338582675	segmented_cell	cancer_core
TONIC_TMA15_R10C1	445.5914489311164	1603.7125890736345	segmented_cell	cancer_core
TONIC_TMA15_R10C1	937.7857142857144	733.2857142857143	segmented_cell	cancer_core
TONIC_TMA15_R10C1	1051.2215189873418	353.17088607594934	segmented_cell	stroma_border
TONIC_TMA15_R10C1	1383.5422077922078	1297.2012987012988	segmented_cell	cancer_border
TONIC_TMA15_R10C1	1489.200819672131	512.3872950819672	segmented_cell	cancer_core
TONIC_TMA15_R10C1	1098.2727272727273	1513.2207792207791	segmented_cell	cancer_core
TONIC_TMA15_R10C1	1077.833824975418	995.8062930186824	segmented_cell	cancer_core
TONIC_TMA15_R10C1	810.9907120743034	1718.247678018576	segmented_cell	cancer_core
TONIC_TMA15_R10C1	1548.562091503268	1522.111111111111	segmented_cell	cancer_core
TONIC_TMA15_R10C1	1175.99063670412	1169.314606741573	segmented_cell	cancer_core
TONIC_TMA15_R10C1	1635.7474747474748	661.3737373737374	segmented_cell	cancer_core
TONIC_TMA15_R10C1	523.9402173913044	309.04891304347825	segmented_cell	cancer_core
TONIC_TMA15_R10C1	1076.8	29.0	segmented_cell	cancer_core
TONIC_TMA15_R10C1	2030.434333958724	860.3339587242026	segmented_cell	cancer_core
TONIC_TMA15_R10C1	1631.3925925925926	596.4320987654321	segmented_cell	cancer_core
TONIC_TMA15_R10C1	1534.9345794392525	535.4953271028037	segmented_cell	cancer_core
TONIC_TMA15_R10C1	774.4273858921161	1071.5269709543568	segmented_cell	cancer_core
TONIC_TMA15_R10C1	863.6086956521739	504.0072463768116	segmented_cell	cancer_core
TONIC_TMA15_R10C1	752.421505376344	750.9720430107527	segmented_cell	cancer_core
TONIC_TMA15_R10C1	795.916129032258	1322.5612903225806	segmented_cell	cancer_core
TONIC_TMA15_R10C1	911.209090909091	388.3863636363636	segmented_cell	cancer_core
TONIC_TMA15_R10C1	1377.1478494623657	236.44086021505376	segmented_cell	cancer_core
TONIC_TMA15_R10C1	567.7629969418961	1829.7813455657488	segmented_cell	cancer_core
TONIC_TMA15_R10C1	1575.953934740883	1443.1996161228408	segmented_cell	cancer_core
TONIC_TMA15_R10C1	720.7697368421053	360.125	segmented_cell	cancer_border
TONIC_TMA15_R10C1	377.47133757961785	1657.063694267516	segmented_cell	cancer_core
TONIC_TMA15_R10C1	1263.1967213114754	1181.0860655737704	segmented_cell	cancer_core
TONIC_TMA15_R10C1	955.249063670412	785.7097378277153	segmented_cell	cancer_core
TONIC_TMA15_R10C1	1490.4421768707482	1838.608843537415	segmented_cell	cancer_border
TONIC_TMA15_R10C1	1206.927672955975	675.2578616352201	segmented_cell	cancer_core
TONIC_TMA15_R10C1	761.4495192307693	1710.5384615384614	segmented_cell	cancer_core
TONIC_TMA15_R10C1	989.4086021505376	614.8387096774194	segmented_cell	cancer_core
TONIC_TMA15_R10C1	852.2827586206896	525.9885057471264	segmented_cell	cancer_core
TONIC_TMA15_R10C1	188.1170731707317	1605.2048780487803	segmented_cell	cancer_core
TONIC_TMA15_R10C1	48.66412213740458	664.0916030534352	segmented_cell	cancer_core
TONIC_TMA15_R10C1	1321.2357894736842	1346.3368421052633	segmented_cell	cancer_border
TONIC_TMA15_R10C1	1069.752688172043	672.7903225806451	segmented_cell	cancer_core
TONIC_TMA15_R10C1	232.31333333333333	323.94666666666666	segmented_cell	cancer_core
TONIC_TMA15_R10C1	1492.8306451612902	782.3790322580645	segmented_cell	cancer_core
TONIC_TMA15_R10C1	1087.2957746478874	1994.450704225352	segmented_cell	cancer_core
TONIC_TMA15_R10C1	220.25446428571428	1886.532366071429	segmented_cell	cancer_core
TONIC_TMA15_R10C1	1321.576923076923	908.5276442307692	segmented_cell	cancer_core
TONIC_TMA15_R10C1	2041.974025974026	204.7900432900433	segmented_cell	cancer_core
TONIC_TMA15_R10C1	640.9522058823529	1310.529411764706	segmented_cell	cancer_core
TONIC_TMA15_R10C1	310.2995594713656	246.1453744493392	segmented_cell	cancer_core
TONIC_TMA15_R10C1	701.2995594713657	866.6101321585903	segmented_cell	cancer_core
TONIC_TMA15_R10C1	1209.0798898071623	1254.9118457300276	segmented_cell	cancer_core
TONIC_TMA15_R10C1	244.70625	197.98125	segmented_cell	cancer_core
TONIC_TMA15_R10C1	1658.3286713286714	301.68531468531467	segmented_cell	cancer_core
TONIC_TMA15_R10C1	218.0778816199377	744.4267912772585	segmented_cell	cancer_core
TONIC_TMA15_R10C1	392.6217616580311	1536.60103626943	segmented_cell	cancer_core
TONIC_TMA15_R10C1	897.6645021645022	1485.069264069264	segmented_cell	cancer_core
TONIC_TMA15_R10C1	1700.5924170616113	98.7191943127962	segmented_cell	cancer_core
TONIC_TMA15_R10C1	1240.303571428571	111.07142857142856	segmented_cell	cancer_core
TONIC_TMA15_R10C1	1337.307807807808	282.0975975975976	segmented_cell	cancer_core
TONIC_TMA15_R10C1	1654.1153846153843	139.13782051282053	segmented_cell	cancer_core
TONIC_TMA15_R10C1	1781.7226890756303	1744.1680672268908	segmented_cell	cancer_core
TONIC_TMA15_R10C1	1294.2671957671955	1027.431216931217	segmented_cell	cancer_core
TONIC_TMA15_R10C1	215.3754512635379	2028.321299638989	segmented_cell	cancer_core
TONIC_TMA15_R10C1	1642.695652173913	327.2554347826087	segmented_cell	cancer_core
TONIC_TMA15_R10C1	1882.2222222222224	1856.905282331512	segmented_cell	cancer_core
TONIC_TMA15_R10C1	389.0434782608696	143.8136645962733	segmented_cell	cancer_core
TONIC_TMA15_R10C1	1443.5723076923075	383.96	segmented_cell	cancer_core
TONIC_TMA15_R10C1	1828.4240102171136	1630.316730523627	segmented_cell	cancer_core
TONIC_TMA15_R10C1	1198.360655737705	96.85245901639344	segmented_cell	cancer_core
TONIC_TMA15_R10C1	970.503173164098	1979.731640979148	segmented_cell	cancer_core
TONIC_TMA15_R10C1	981.6707482993196	486.0285714285714	segmented_cell	cancer_border
TONIC_TMA15_R10C1	1160.2014787430685	2030.18853974122	segmented_cell	cancer_core
TONIC_TMA15_R10C1	430.8263358778626	1168.6812977099237	segmented_cell	cancer_core
TONIC_TMA15_R10C1	1722.5006973500697	329.10460251046027	segmented_cell	cancer_core
TONIC_TMA15_R10C1	1660.0544747081713	1426.2431906614786	segmented_cell	cancer_core
TONIC_TMA15_R10C1	1792.8723776223776	263.99912587412587	segmented_cell	cancer_core
TONIC_TMA15_R10C1	1071.3628571428571	1441.7142857142858	segmented_cell	cancer_core
TONIC_TMA15_R10C1	260.2225806451613	179.06129032258065	segmented_cell	cancer_core
TONIC_TMA15_R10C1	1769.6265750286368	88.8270332187858	segmented_cell	cancer_core
TONIC_TMA15_R10C1	954.855614973262	1474.0641711229946	segmented_cell	cancer_core
TONIC_TMA15_R10C1	734.1774580335731	793.6594724220623	segmented_cell	cancer_core
TONIC_TMA15_R10C1	1079.4803921568628	1582.9656862745098	segmented_cell	cancer_core
TONIC_TMA15_R10C1	268.75	1316.093137254902	segmented_cell	cancer_core
TONIC_TMA15_R10C1	1532.227513227513	1871.164021164021	segmented_cell	cancer_border
TONIC_TMA15_R10C1	864.0833333333334	2009.2708333333333	segmented_cell	cancer_core
TONIC_TMA15_R10C1	1813.3194444444443	1737.8194444444443	segmented_cell	cancer_core
TONIC_TMA15_R10C1	880.1926977687626	1292.1359026369169	segmented_cell	cancer_core
TONIC_TMA15_R10C1	1934.9450549450548	1806.5934065934064	segmented_cell	cancer_core
TONIC_TMA15_R10C1	1576.0461165048544	1654.276699029126	segmented_cell	cancer_core
TONIC_TMA15_R10C1	391.4778481012658	321.3955696202532	segmented_cell	cancer_core
TONIC_TMA15_R10C1	748.1553509781357	191.9873417721519	segmented_cell	cancer_core
TONIC_TMA15_R10C1	1356.7017804154302	1211.927299703264	segmented_cell	cancer_core
TONIC_TMA15_R10C1	829.831746031746	792.9671957671958	segmented_cell	cancer_core
TONIC_TMA15_R10C1	936.1375464684016	1265.3587360594795	segmented_cell	cancer_core
TONIC_TMA15_R10C1	2043.865671641791	1196.8283582089553	segmented_cell	cancer_core
TONIC_TMA15_R10C1	775.4	148.4	segmented_cell	cancer_core
TONIC_TMA15_R10C1	810.8089171974523	317.29617834394907	segmented_cell	cancer_core
TONIC_TMA15_R10C1	372.0632653061225	983.8183673469388	segmented_cell	cancer_border
TONIC_TMA15_R10C1	1192.9019607843138	1962.0980392156864	segmented_cell	cancer_core
TONIC_TMA15_R10C1	1721.8	1230.1921052631578	segmented_cell	cancer_core
TONIC_TMA15_R10C1	205.0	848.9113924050633	segmented_cell	cancer_core
TONIC_TMA15_R10C1	181.17247706422015	1215.77247706422	segmented_cell	cancer_core
TONIC_TMA15_R10C1	1794.3181102362205	1348.7968503937009	segmented_cell	cancer_border
TONIC_TMA15_R10C1	1644.4308411214954	1574.3196261682242	segmented_cell	cancer_core
TONIC_TMA15_R10C1	161.7092511013216	945.1894273127754	segmented_cell	cancer_core
TONIC_TMA15_R10C1	1319.0653594771245	1765.3202614379086	segmented_cell	cancer_core
TONIC_TMA15_R10C1	1858.8014018691588	453.9883177570093	segmented_cell	cancer_core
TONIC_TMA15_R10C1	799.6707070707071	219.5636363636364	segmented_cell	cancer_core
TONIC_TMA15_R10C1	1643.9209039548025	892.7344632768362	segmented_cell	cancer_core
TONIC_TMA15_R10C1	1238.150234741784	1578.9906103286385	segmented_cell	cancer_core
TONIC_TMA15_R10C1	1744.245027844073	1141.3444709626094	segmented_cell	cancer_core
TONIC_TMA15_R10C1	507.9448818897638	727.3858267716536	segmented_cell	cancer_core
TONIC_TMA15_R10C1	1211.6349206349207	371.5634920634921	segmented_cell	cancer_core
TONIC_TMA15_R10C1	1917.7380952380952	455.6904761904762	segmented_cell	cancer_core
TONIC_TMA15_R10C1	1262.3992805755397	1164.5143884892086	segmented_cell	cancer_core
TONIC_TMA15_R10C1	343.2291666666667	1498.5916666666667	segmented_cell	cancer_core
TONIC_TMA15_R10C1	1853.9912109375	1277.462890625	segmented_cell	cancer_border
TONIC_TMA15_R10C1	1383.8658536585365	786.1371951219512	segmented_cell	cancer_core
TONIC_TMA15_R10C1	1395.2666666666669	1121.1195402298852	segmented_cell	cancer_core
TONIC_TMA15_R10C1	1555.2422744128553	763.1112484548826	segmented_cell	cancer_core
TONIC_TMA15_R10C1	1588.1014234875445	1480.5711743772242	segmented_cell	cancer_core
TONIC_TMA15_R10C1	593.9036697247707	272.85779816513764	segmented_cell	cancer_core
TONIC_TMA15_R10C1	1093.092105263158	893.9671052631579	segmented_cell	cancer_core
TONIC_TMA15_R10C1	164.77866473149493	1854.9499274310597	segmented_cell	cancer_core
TONIC_TMA15_R10C1	1404.7341176470588	865.6988235294118	segmented_cell	cancer_core
TONIC_TMA15_R10C1	1372.1208333333334	1643.8291666666669	segmented_cell	cancer_core
TONIC_TMA15_R10C1	1344.17089678511	1634.600676818951	segmented_cell	cancer_core
TONIC_TMA15_R10C1	2013.627819548872	1080.0889724310778	segmented_cell	cancer_core
TONIC_TMA15_R10C1	1262.626198083067	63.90095846645367	segmented_cell	cancer_core
TONIC_TMA15_R10C1	377.0126582278481	199.55274261603373	segmented_cell	cancer_core
TONIC_TMA15_R10C1	887.3363914373089	1827.073394495413	segmented_cell	cancer_core
TONIC_TMA15_R10C1	1073.485928705441	882.1500938086303	segmented_cell	cancer_core
TONIC_TMA15_R10C1	673.3672456575682	1399.9888337468983	segmented_cell	cancer_core
TONIC_TMA15_R10C1	1270.9620253164558	512.7974683544304	segmented_cell	cancer_border
TONIC_TMA15_R10C1	1228.152380952381	1903.273015873016	segmented_cell	cancer_core
TONIC_TMA15_R10C1	253.5142857142857	682.0590476190476	segmented_cell	cancer_core
TONIC_TMA15_R10C1	1965.0505952380952	875.4747023809524	segmented_cell	cancer_core
TONIC_TMA15_R10C1	711.2752442996742	44.61400651465798	segmented_cell	cancer_core
TONIC_TMA15_R10C1	49.39239130434783	516.2891304347826	segmented_cell	cancer_core
TONIC_TMA15_R10C1	860.2238267148015	612.2346570397112	segmented_cell	cancer_core
TONIC_TMA15_R10C1	1670.3715545755238	678.0606394707828	segmented_cell	cancer_core
TONIC_TMA15_R10C1	22.13745704467354	2019.7079037800688	segmented_cell	cancer_core
TONIC_TMA15_R10C1	569.1930147058823	673.3363970588235	segmented_cell	cancer_core
TONIC_TMA15_R10C1	714.2179487179487	285.0705128205128	segmented_cell	cancer_core
TONIC_TMA15_R10C1	409.5977443609023	1004.5375939849624	segmented_cell	cancer_border
TONIC_TMA15_R10C1	1002.777239709443	849.8329297820824	segmented_cell	cancer_core
TONIC_TMA15_R10C1	414.3329532497149	231.93842645381983	segmented_cell	cancer_core
TONIC_TMA15_R10C1	574.5745856353591	1145.6823204419888	segmented_cell	cancer_core
TONIC_TMA15_R10C1	1540.4807965860598	1646.6728307254623	segmented_cell	cancer_core
TONIC_TMA15_R10C1	1103.5777777777778	1073.15	segmented_cell	cancer_core
TONIC_TMA15_R10C1	1641.812661498708	113.92118863049096	segmented_cell	cancer_core
TONIC_TMA15_R10C1	955.3925925925926	1913.525925925926	segmented_cell	cancer_core
TONIC_TMA15_R10C1	1386.5259146341464	542.5442073170732	segmented_cell	cancer_core
TONIC_TMA15_R10C1	1371.0492227979275	60.76165803108808	segmented_cell	cancer_core
TONIC_TMA15_R10C1	1188.128279883382	84.14577259475219	segmented_cell	cancer_core
TONIC_TMA15_R10C1	1041.859589041096	1922.383561643836	segmented_cell	cancer_core
TONIC_TMA15_R10C1	1847.227125941873	229.53175457481163	segmented_cell	cancer_core
TONIC_TMA15_R10C1	332.3829787234043	1912.7021276595744	segmented_cell	cancer_core
TONIC_TMA15_R10C1	1662.108455882353	977.4816176470588	segmented_cell	cancer_core
TONIC_TMA15_R10C1	79.36624203821655	1661.1799363057326	segmented_cell	cancer_core
TONIC_TMA15_R10C1	2041.4561403508767	304.98830409356725	segmented_cell	cancer_core
TONIC_TMA15_R10C1	116.90076335877863	786.5541984732824	segmented_cell	cancer_core
TONIC_TMA15_R10C1	1626.544731610338	1101.4811133200794	segmented_cell	cancer_core
TONIC_TMA15_R10C1	735.8645707376058	149.99032648125757	segmented_cell	cancer_core
TONIC_TMA15_R10C1	713.5045045045046	1607.7117117117118	segmented_cell	cancer_core
TONIC_TMA15_R10C1	1366.237322515213	1501.0070993914808	segmented_cell	cancer_core
TONIC_TMA15_R10C1	1325.6616161616162	1526.8232323232323	segmented_cell	cancer_core
TONIC_TMA15_R10C1	1784.544169611307	747.8904593639576	segmented_cell	cancer_core
TONIC_TMA15_R10C1	972.0306748466256	242.0061349693252	segmented_cell	cancer_border
TONIC_TMA15_R10C1	1591.660606060606	1683.9959595959597	segmented_cell	cancer_core
TONIC_TMA15_R10C1	275.7675350701403	1683.565130260521	segmented_cell	cancer_core
TONIC_TMA15_R10C1	1601.7138554216867	337.2399598393574	segmented_cell	cancer_core
TONIC_TMA15_R10C1	460.7927927927928	1067.8423423423424	segmented_cell	cancer_core
TONIC_TMA15_R10C1	257.00763358778624	279.90076335877865	segmented_cell	cancer_core
TONIC_TMA15_R10C1	1093.0573770491803	1498.7377049180327	segmented_cell	cancer_core
TONIC_TMA15_R10C1	388.08801213960544	1445.2245827010622	segmented_cell	cancer_core
TONIC_TMA15_R10C1	328.7179487179488	939.2179487179488	segmented_cell	cancer_border
TONIC_TMA15_R10C1	417.811377245509	533.8802395209581	segmented_cell	cancer_core
TONIC_TMA15_R10C1	709.5884773662551	899.082304526749	segmented_cell	cancer_core
TONIC_TMA15_R10C1	446.8503401360544	87.25850340136054	segmented_cell	cancer_core
TONIC_TMA15_R10C1	1413.5093167701864	1249.2096273291925	segmented_cell	cancer_core
TONIC_TMA15_R10C1	699.6020408163265	145.70408163265307	segmented_cell	cancer_core
TONIC_TMA15_R10C1	1258.697428139183	701.1013615733737	segmented_cell	cancer_core
TONIC_TMA15_R10C1	585.6615120274914	512.372852233677	segmented_cell	cancer_core
TONIC_TMA15_R10C1	1297.1492537313434	178.3084577114428	segmented_cell	cancer_core
TONIC_TMA15_R10C1	245.42960288808663	1847.85559566787	segmented_cell	cancer_core
TONIC_TMA15_R10C1	1499.1054172767203	1484.336749633968	segmented_cell	cancer_core
TONIC_TMA15_R10C1	845.734214390602	856.3861967694567	segmented_cell	cancer_core
TONIC_TMA15_R10C1	1624.1567164179105	332.13432835820896	segmented_cell	cancer_core
TONIC_TMA15_R10C1	162.59646739130434	54.57336956521739	segmented_cell	cancer_border
TONIC_TMA15_R10C1	1455.7442680776014	1496.3192239858906	segmented_cell	cancer_core
TONIC_TMA15_R10C1	722.9574468085107	1609.8297872340424	segmented_cell	cancer_core
TONIC_TMA15_R10C1	493.2480620155039	94.5142118863049	segmented_cell	cancer_core
TONIC_TMA15_R10C1	1949.8862973760931	1108.145772594752	segmented_cell	cancer_core
TONIC_TMA15_R10C1	50.15494978479197	2035.2984218077477	segmented_cell	cancer_core
TONIC_TMA15_R10C1	1953.5246913580247	809.7283950617284	segmented_cell	cancer_core
TONIC_TMA15_R10C1	1241.7195767195767	2043.2222222222224	segmented_cell	cancer_core
TONIC_TMA15_R10C1	1060.92	169.902	segmented_cell	cancer_core
TONIC_TMA15_R10C1	1895.258064516129	1892.3225806451608	segmented_cell	cancer_core
TONIC_TMA15_R10C1	1456.129987129987	1389.4427284427284	segmented_cell	cancer_border
TONIC_TMA15_R10C1	10.59142857142857	947.8642857142858	segmented_cell	cancer_core
TONIC_TMA15_R10C1	960.206636500754	1592.8295625942685	segmented_cell	cancer_core
TONIC_TMA15_R10C1	1752.5216165413533	1510.468984962406	segmented_cell	cancer_core
TONIC_TMA15_R10C1	51.08009708737864	1325.8203883495146	segmented_cell	cancer_core
TONIC_TMA15_R10C1	2026.6675062972288	557.3702770780857	segmented_cell	cancer_core
TONIC_TMA15_R10C1	434.9448051948052	217.55194805194805	segmented_cell	cancer_core
TONIC_TMA15_R10C1	330.90503323836657	649.5033238366572	segmented_cell	cancer_core
TONIC_TMA15_R10C1	719.6838487972509	1573.8144329896909	segmented_cell	cancer_core
TONIC_TMA15_R10C1	1702.380281690141	727.5539906103286	segmented_cell	cancer_core
TONIC_TMA15_R10C1	157.5967016491754	1723.0614692653674	segmented_cell	cancer_core
TONIC_TMA15_R10C1	381.337962962963	1978.6527777777776	segmented_cell	cancer_core
TONIC_TMA15_R10C1	753.4914285714286	167.2057142857143	segmented_cell	cancer_core
TONIC_TMA15_R10C1	1126.2882096069868	1802.4323144104803	segmented_cell	cancer_core
TONIC_TMA15_R10C1	1429.5084087968953	1013.2897800776196	segmented_cell	cancer_core
TONIC_TMA15_R10C1	1682.6611909650924	81.93223819301848	segmented_cell	cancer_core
TONIC_TMA15_R10C1	992.7264150943396	1719.5408805031448	segmented_cell	cancer_core
TONIC_TMA15_R10C1	83.77198697068404	1691.255157437568	segmented_cell	cancer_core
TONIC_TMA15_R10C1	656.9756838905776	258.60182370820667	segmented_cell	cancer_core
TONIC_TMA15_R10C1	1449.5339366515836	1006.475113122172	segmented_cell	cancer_core
TONIC_TMA15_R10C1	1245.3011695906432	1126.1140350877192	segmented_cell	cancer_core
TONIC_TMA15_R10C1	271.2244094488189	1101.5944881889764	segmented_cell	cancer_core
TONIC_TMA15_R10C1	1775.172932330827	1725.172932330827	segmented_cell	cancer_core
TONIC_TMA15_R10C1	1186.5124508519004	677.7300131061598	segmented_cell	cancer_core
TONIC_TMA15_R10C1	837.8886597938144	211.1237113402062	segmented_cell	cancer_core
TONIC_TMA15_R10C1	824.5348837209302	8.993355481727574	segmented_cell	cancer_core
TONIC_TMA15_R10C1	306.274678111588	1144.8197424892703	segmented_cell	cancer_core
TONIC_TMA15_R10C1	1199.0349794238682	252.380658436214	segmented_cell	cancer_core
TONIC_TMA15_R10C1	1679.7910447761194	2006.4328358208957	segmented_cell	stroma_border
TONIC_TMA15_R10C1	1525.330897703549	1176.4425887265136	segmented_cell	cancer_core
TONIC_TMA15_R10C1	1053.0704697986578	1228.4026845637584	segmented_cell	cancer_core
TONIC_TMA15_R10C1	41.39080459770115	887.1875378100424	segmented_cell	cancer_core
TONIC_TMA15_R10C1	842.6981132075472	906.6603773584906	segmented_cell	cancer_core
TONIC_TMA15_R10C1	1326.612090680101	1004.0856423173803	segmented_cell	cancer_core
TONIC_TMA15_R10C1	176.93577981651376	1141.98623853211	segmented_cell	cancer_core
TONIC_TMA15_R10C1	1999.7988095238093	625.1511904761904	segmented_cell	cancer_core
TONIC_TMA15_R10C1	1178.871080139373	1839.3797909407665	segmented_cell	cancer_core
TONIC_TMA15_R10C1	1138.296819787986	798.434628975265	segmented_cell	cancer_core
TONIC_TMA15_R10C1	2002.2105263157891	1156.9407894736842	segmented_cell	cancer_core
TONIC_TMA15_R10C1	836.006329113924	42.34493670886076	segmented_cell	cancer_border
TONIC_TMA15_R10C1	1384.3555555555556	1703.4074074074074	segmented_cell	cancer_core
TONIC_TMA15_R10C1	251.0941385435169	1861.822380106572	segmented_cell	cancer_core
TONIC_TMA15_R10C1	801.0661252900233	1464.7204176334108	segmented_cell	cancer_core
TONIC_TMA15_R10C1	1280.2539682539682	521.6507936507936	segmented_cell	cancer_border
TONIC_TMA15_R10C1	1317.8375451263537	437.0776173285199	segmented_cell	cancer_core
TONIC_TMA15_R10C1	397.55801104972375	1579.8618784530386	segmented_cell	cancer_core
TONIC_TMA15_R10C1	5.068783068783069	2024.687830687831	segmented_cell	cancer_core
TONIC_TMA15_R10C1	1216.593533487298	251.93302540415704	segmented_cell	cancer_core
TONIC_TMA15_R10C1	1861.1980676328503	1437.072463768116	segmented_cell	cancer_core
TONIC_TMA15_R10C1	891.8926080892608	1247.804741980474	segmented_cell	cancer_core
TONIC_TMA15_R10C1	1260.5846153846153	450.65128205128207	segmented_cell	cancer_core
TONIC_TMA15_R10C1	1627.2748091603053	1411.529262086514	segmented_cell	cancer_core
TONIC_TMA15_R10C1	1908.156779661017	594.9915254237288	segmented_cell	cancer_core
TONIC_TMA15_R10C1	625.8028169014085	799.9577464788732	segmented_cell	stroma_border
TONIC_TMA15_R10C1	1473.1469387755103	56.61224489795919	segmented_cell	cancer_core
TONIC_TMA15_R10C1	1026.8560311284048	180.52918287937743	segmented_cell	cancer_core
TONIC_TMA15_R10C1	1008.8367346938776	1819.0979591836733	segmented_cell	cancer_core
TONIC_TMA15_R10C1	1391.0392156862745	243.41176470588235	segmented_cell	cancer_core
TONIC_TMA15_R10C1	673.9867549668874	940.1721854304636	segmented_cell	cancer_core
TONIC_TMA15_R10C1	505.81002087682674	1203.4217118997913	segmented_cell	cancer_core
TONIC_TMA15_R10C1	27.621495327102803	300.0934579439252	segmented_cell	cancer_core
TONIC_TMA15_R10C1	1503.4887096774194	1602.4129032258063	segmented_cell	cancer_core
TONIC_TMA15_R10C1	1348.5606523955148	24.47604485219164	segmented_cell	cancer_core
TONIC_TMA15_R10C1	1884.5975609756097	145.96341463414635	segmented_cell	cancer_core
TONIC_TMA15_R10C1	817.9805825242719	695.0194174757281	segmented_cell	cancer_core
TONIC_TMA15_R10C1	29.05649717514124	15.627118644067796	segmented_cell	cancer_core
TONIC_TMA15_R10C1	1320.7181102362206	304.6503937007874	segmented_cell	cancer_core
TONIC_TMA15_R10C1	1859.9254385964912	1074.5219298245613	segmented_cell	cancer_core
TONIC_TMA15_R10C1	1148.55	34.05535714285714	segmented_cell	cancer_core
TONIC_TMA15_R10C1	978.8670520231212	184.03853564547205	segmented_cell	cancer_core
TONIC_TMA15_R10C1	978.1045197740114	146.12429378531073	segmented_cell	cancer_core
TONIC_TMA15_R10C1	98.9662162162162	1046.2297297297298	segmented_cell	cancer_core
TONIC_TMA15_R10C1	514.546370967742	1123.0403225806451	segmented_cell	cancer_core
TONIC_TMA15_R10C1	1212.8955223880596	228.37313432835825	segmented_cell	cancer_core
TONIC_TMA15_R10C1	623.3004484304932	1538.6300448430493	segmented_cell	cancer_core
TONIC_TMA15_R10C1	433.83981154299175	1837.0683156654889	segmented_cell	cancer_core
TONIC_TMA15_R10C1	177.06797116374872	1501.2883625128734	segmented_cell	cancer_core
TONIC_TMA15_R10C1	1226.3462414578587	1949.9476082004555	segmented_cell	cancer_core
TONIC_TMA15_R10C1	1285.9906976744187	1080.0046511627909	segmented_cell	cancer_core
TONIC_TMA15_R10C1	474.4380952380952	1177.2380952380952	segmented_cell	cancer_core
TONIC_TMA15_R10C1	1664.584761904762	1709.4685714285715	segmented_cell	cancer_core
TONIC_TMA15_R10C1	1133.4538878842675	592.5678119349005	segmented_cell	cancer_core
TONIC_TMA15_R10C1	1000.2224622030236	30.546436285097197	segmented_cell	cancer_core
TONIC_TMA15_R10C1	2043.1268656716416	62.1865671641791	segmented_cell	cancer_core
TONIC_TMA15_R10C1	1103.889818688982	870.1673640167364	segmented_cell	cancer_core
TONIC_TMA15_R10C1	1104.9553903345725	283.2416356877324	segmented_cell	cancer_border
TONIC_TMA15_R10C1	692.4141221374045	924.5629770992366	segmented_cell	cancer_core
TONIC_TMA15_R10C1	85.1841059602649	1520.553642384106	segmented_cell	cancer_core
TONIC_TMA15_R10C1	227.109649122807	126.01315789473684	segmented_cell	cancer_core
TONIC_TMA15_R10C1	1207.3080808080808	1520.4747474747476	segmented_cell	cancer_core
TONIC_TMA15_R10C1	691.419540229885	497.8448275862069	segmented_cell	cancer_core
TONIC_TMA15_R10C1	1537.13125	102.47291666666666	segmented_cell	cancer_core
TONIC_TMA15_R10C1	1335.1776119402984	1983.7850746268657	segmented_cell	cancer_core
TONIC_TMA15_R10C1	1000.5948434622468	1303.108655616943	segmented_cell	cancer_core
TONIC_TMA15_R10C1	724.9356725146199	905.4502923976607	segmented_cell	cancer_core
TONIC_TMA15_R10C1	706.1751269035533	1146.784263959391	segmented_cell	cancer_core
TONIC_TMA15_R10C1	2024.9606815203144	184.5478374836173	segmented_cell	cancer_core
TONIC_TMA15_R10C1	166.72976680384087	1437.4581618655693	segmented_cell	cancer_core
TONIC_TMA15_R10C1	1203.9144079885878	212.33380884450784	segmented_cell	cancer_core
TONIC_TMA15_R10C1	1188.5520833333333	194.47222222222223	segmented_cell	cancer_core
TONIC_TMA15_R10C1	1535.1092896174864	1693.2185792349726	segmented_cell	cancer_core
TONIC_TMA15_R10C1	1636.2413793103449	166.4214559386973	segmented_cell	cancer_core
TONIC_TMA15_R10C1	1323.5925925925926	703.9629629629629	segmented_cell	cancer_core
TONIC_TMA15_R10C1	992.3842105263158	1570.3394736842106	segmented_cell	cancer_core
TONIC_TMA15_R10C1	1952.422110552764	1473.5075376884422	segmented_cell	cancer_core
TONIC_TMA15_R10C1	1807.6275207591932	729.4377224199288	segmented_cell	cancer_core
TONIC_TMA15_R10C1	523.4020979020979	677.3391608391609	segmented_cell	cancer_core
TONIC_TMA15_R10C1	600.4446564885496	1306.131679389313	segmented_cell	cancer_core
TONIC_TMA15_R10C1	1189.5348027842228	1016.1392111368908	segmented_cell	cancer_core
TONIC_TMA15_R10C1	1090.394827586207	1445.493103448276	segmented_cell	cancer_core
TONIC_TMA15_R10C1	497.11513157894734	363.4934210526316	segmented_cell	cancer_core
TONIC_TMA15_R10C1	1879.6053691275167	1541.2993288590603	segmented_cell	cancer_core
TONIC_TMA15_R10C1	925.393665158371	1281.6380090497737	segmented_cell	cancer_core
TONIC_TMA15_R10C1	758.344262295082	505.672131147541	segmented_cell	cancer_border
TONIC_TMA15_R10C1	953.9824561403508	334.7076023391813	segmented_cell	cancer_border
TONIC_TMA15_R10C1	939.6671490593344	95.2561505065123	segmented_cell	cancer_core
TONIC_TMA15_R10C1	703.3497652582159	126.37089201877934	segmented_cell	cancer_core
TONIC_TMA15_R10C1	76.47877591312933	536.665350444225	segmented_cell	cancer_core
TONIC_TMA15_R10C1	1014.5083487940632	195.71057513914656	segmented_cell	cancer_core
TONIC_TMA15_R10C1	701.3920454545455	947.094696969697	segmented_cell	cancer_core
TONIC_TMA15_R10C1	912.9168241965972	455.03780718336486	segmented_cell	cancer_border
TONIC_TMA15_R10C1	51.03336339044184	133.06492335437332	segmented_cell	cancer_core
TONIC_TMA15_R10C1	36.33802816901409	1097.173708920188	segmented_cell	cancer_core
TONIC_TMA15_R10C1	1355.7043478260869	1037.2057971014492	segmented_cell	cancer_core
TONIC_TMA15_R10C1	1875.207070707071	321.1010101010101	segmented_cell	cancer_core
TONIC_TMA15_R10C1	1741.7586206896551	1779.2068965517242	segmented_cell	cancer_core
TONIC_TMA15_R10C1	27.65982404692082	861.0425219941349	segmented_cell	cancer_core
TONIC_TMA15_R10C1	164.2889733840304	243.6425855513308	segmented_cell	cancer_core
TONIC_TMA15_R10C1	351.9679487179488	1388.451923076923	segmented_cell	cancer_core
TONIC_TMA15_R10C1	1147.962765957447	1596.167553191489	segmented_cell	cancer_core
TONIC_TMA15_R10C1	1727.5666666666666	565.6179487179487	segmented_cell	cancer_core
TONIC_TMA15_R10C1	987.019801980198	8.594059405940595	segmented_cell	cancer_core
TONIC_TMA15_R10C1	1116.6854838709678	1978.4475806451608	segmented_cell	cancer_core
TONIC_TMA15_R10C1	1609.5234248788367	819.8142164781906	segmented_cell	cancer_core
TONIC_TMA15_R10C1	1120.5070422535211	213.0704225352113	segmented_cell	cancer_core
TONIC_TMA15_R10C1	1104.2194787379972	1097.6035665294924	segmented_cell	cancer_core
TONIC_TMA15_R10C1	1716.9692307692308	1541.8	segmented_cell	cancer_core
TONIC_TMA15_R10C1	966.5144694533764	1268.9967845659164	segmented_cell	cancer_core
TONIC_TMA15_R10C1	159.9609120521173	893.0	segmented_cell	cancer_core
TONIC_TMA15_R10C1	1791.5007072135786	1312.8444130127298	segmented_cell	cancer_border
TONIC_TMA15_R10C1	259.0833333333333	2043.5357142857144	segmented_cell	cancer_core
TONIC_TMA15_R10C1	1732.721649484536	1490.7938144329896	segmented_cell	cancer_core
TONIC_TMA15_R10C1	783.8453987730061	269.99754601226994	segmented_cell	cancer_core
TONIC_TMA15_R10C1	1202.52688172043	1619.9978494623656	segmented_cell	cancer_core
TONIC_TMA15_R10C1	2030.2513227513227	1195.309523809524	segmented_cell	cancer_core
TONIC_TMA15_R10C1	1073.9483870967742	1132.1806451612904	segmented_cell	cancer_core
TONIC_TMA15_R10C1	373.2108626198083	1212.8051118210865	segmented_cell	cancer_core
TONIC_TMA15_R10C1	1884.67723880597	50.33582089552239	segmented_cell	cancer_core
TONIC_TMA15_R10C1	101.6043956043956	853.1410256410256	segmented_cell	cancer_core
TONIC_TMA15_R10C1	209.0632530120482	885.5542168674699	segmented_cell	cancer_core
TONIC_TMA15_R10C1	1170.8688845401175	698.4363992172212	segmented_cell	cancer_core
TONIC_TMA15_R10C1	1325.3004115226338	520.8971193415638	segmented_cell	cancer_core
TONIC_TMA15_R10C1	375.8979591836735	161.87074829931973	segmented_cell	cancer_core
TONIC_TMA15_R10C1	303.4157303370786	728.8567415730337	segmented_cell	cancer_core
TONIC_TMA15_R10C1	1397.94500723589	185.8523878437048	segmented_cell	cancer_core
TONIC_TMA15_R10C1	1710.2948571428572	1482.4388571428572	segmented_cell	cancer_core
TONIC_TMA15_R10C1	1071.581081081081	617.9087837837837	segmented_cell	cancer_core
TONIC_TMA15_R10C1	245.3023255813953	957.279069767442	segmented_cell	cancer_core
TONIC_TMA15_R10C1	1168.4347826086955	665.2886956521739	segmented_cell	cancer_core
TONIC_TMA15_R10C1	1708.5176174496644	633.8162751677852	segmented_cell	cancer_core
TONIC_TMA15_R10C1	1609.923162583519	1300.940979955457	segmented_cell	cancer_core
TONIC_TMA15_R10C1	105.20435967302453	817.3651226158038	segmented_cell	cancer_core
TONIC_TMA15_R10C1	1757.372060857538	549.4813278008298	segmented_cell	cancer_core
TONIC_TMA15_R10C1	1314.239024390244	481.9073170731708	segmented_cell	cancer_core
TONIC_TMA15_R10C1	426.169696969697	461.7621212121212	segmented_cell	cancer_core
TONIC_TMA15_R10C1	603.3417721518987	142.9746835443038	segmented_cell	cancer_border
TONIC_TMA15_R10C1	1032.6220930232555	1331.5203488372092	segmented_cell	cancer_core
TONIC_TMA15_R10C1	1054.9522292993631	1062.9729299363055	segmented_cell	cancer_core
TONIC_TMA15_R10C1	1667.0334448160536	416.5384615384616	segmented_cell	cancer_core
TONIC_TMA15_R10C1	1527.14440433213	637.1407942238267	segmented_cell	cancer_core
TONIC_TMA15_R10C1	1408.446393762183	81.95906432748538	segmented_cell	cancer_core
TONIC_TMA15_R10C1	289.83384615384614	1283.1784615384615	segmented_cell	cancer_core
TONIC_TMA15_R10C1	1356.786941580756	2022.127147766323	segmented_cell	cancer_core
TONIC_TMA15_R10C1	229.4536256323777	1481.866779089376	segmented_cell	cancer_core
TONIC_TMA15_R10C1	1731.968850698174	1659.825993555317	segmented_cell	cancer_core
TONIC_TMA15_R10C1	6.718446601941747	623.3656957928803	segmented_cell	cancer_core
TONIC_TMA15_R10C1	907.7659574468086	1350.9063829787235	segmented_cell	cancer_core
TONIC_TMA15_R10C1	1348.1379310344828	1774.103448275862	segmented_cell	cancer_core
TONIC_TMA15_R10C1	1466.1568914956013	914.4310850439882	segmented_cell	cancer_core
TONIC_TMA15_R10C1	1594.792899408284	1324.368836291913	segmented_cell	cancer_core
TONIC_TMA15_R10C1	1068.5664739884394	1572.0	segmented_cell	cancer_core
TONIC_TMA15_R10C1	848.76	968.7466666666668	segmented_cell	cancer_core
TONIC_TMA15_R10C1	375.9636563876652	1149.136563876652	segmented_cell	cancer_core
TONIC_TMA15_R10C1	372.885593220339	1890.135593220339	segmented_cell	cancer_core
TONIC_TMA15_R10C1	1408.395161290323	1786.0806451612902	segmented_cell	cancer_core
TONIC_TMA15_R10C1	250.23180592991915	829.5741239892184	segmented_cell	cancer_core
TONIC_TMA15_R10C1	405.2589118198874	717.0	segmented_cell	cancer_core
TONIC_TMA15_R10C1	913.037394451146	1604.8238841978286	segmented_cell	cancer_core
TONIC_TMA15_R10C1	1189.7819706498951	907.5010482180294	segmented_cell	cancer_core
TONIC_TMA15_R10C1	230.2	628.8825	segmented_cell	cancer_core
TONIC_TMA15_R10C1	760.9175257731958	1320.0309278350514	segmented_cell	cancer_core
TONIC_TMA15_R10C1	842.2219804134929	390.3579978237215	segmented_cell	cancer_core
TONIC_TMA15_R10C1	1432.8947368421052	1481.7368421052631	segmented_cell	cancer_core
TONIC_TMA15_R10C1	325.8201284796574	1992.8715203426125	segmented_cell	cancer_core
TONIC_TMA15_R10C1	453.2555205047319	556.3501577287067	segmented_cell	cancer_core
TONIC_TMA15_R10C1	1498.248366013072	301.36601307189545	segmented_cell	cancer_core
TONIC_TMA15_R10C1	879.5426515930113	1952.6546762589928	segmented_cell	cancer_core
TONIC_TMA15_R10C1	996.2305025996534	587.6967071057193	segmented_cell	cancer_core
TONIC_TMA15_R10C1	1243.1238095238095	661.6721088435374	segmented_cell	cancer_core
TONIC_TMA15_R10C1	1818.057803468208	605.7341040462428	segmented_cell	cancer_core
TONIC_TMA15_R10C1	992.021978021978	898.010989010989	segmented_cell	cancer_core
TONIC_TMA15_R10C1	88.625	647.5077160493827	segmented_cell	cancer_core
TONIC_TMA15_R10C1	1258.4135338345864	462.7894736842105	segmented_cell	cancer_core
TONIC_TMA15_R10C1	1818.9906832298136	239.5683229813665	segmented_cell	cancer_core
TONIC_TMA15_R10C1	918.132118451025	74.90205011389521	segmented_cell	cancer_core
TONIC_TMA15_R10C1	846.1381381381382	1646.9624624624626	segmented_cell	cancer_core
TONIC_TMA15_R10C1	1238.3215590742996	1760.714981729598	segmented_cell	cancer_core
TONIC_TMA15_R10C1	176.38888888888889	1307.611111111111	segmented_cell	cancer_core
TONIC_TMA15_R10C1	1820.5397196261683	397.97196261682245	segmented_cell	cancer_core
TONIC_TMA15_R10C1	1054.3103448275865	1010.1362068965516	segmented_cell	cancer_core
TONIC_TMA15_R10C1	550.0	1676.3853211009175	segmented_cell	cancer_core
TONIC_TMA15_R10C1	1318.372881355932	1444.6682808716707	segmented_cell	cancer_core
TONIC_TMA15_R10C1	1399.302189781022	1460.963503649635	segmented_cell	cancer_core
TONIC_TMA15_R10C1	891.0931677018633	979.7546583850932	segmented_cell	cancer_core
TONIC_TMA15_R10C1	1106.5190947666194	432.20650636492223	segmented_cell	cancer_core
TONIC_TMA15_R10C1	385.95166163142	27.78851963746224	segmented_cell	cancer_core
TONIC_TMA15_R10C1	1852.1818181818185	427.4985337243402	segmented_cell	cancer_core
TONIC_TMA15_R10C1	1753.5034770514603	1346.9638386648123	segmented_cell	cancer_core
TONIC_TMA15_R10C1	1590.698275862069	12.815517241379313	segmented_cell	cancer_core
TONIC_TMA15_R10C1	1290.7102803738317	306.5831775700935	segmented_cell	cancer_core
TONIC_TMA15_R10C1	1740.3962848297213	613.7399380804953	segmented_cell	cancer_core
TONIC_TMA15_R10C1	950.779069767442	872.3517441860465	segmented_cell	cancer_core
TONIC_TMA15_R10C1	326.8429752066116	1030.3801652892562	segmented_cell	cancer_core
TONIC_TMA15_R10C1	1579.1575492341356	897.1903719912473	segmented_cell	cancer_core
TONIC_TMA15_R10C1	576.2610837438424	1512.0295566502464	segmented_cell	cancer_core
TONIC_TMA15_R10C1	404.8961038961039	1394.361038961039	segmented_cell	cancer_core
TONIC_TMA15_R10C1	754.3136363636364	1629.9136363636364	segmented_cell	cancer_core
TONIC_TMA15_R10C1	1895.6507936507935	305.49603174603175	segmented_cell	cancer_core
TONIC_TMA15_R10C1	287.0078125	1414.671875	segmented_cell	cancer_core
TONIC_TMA15_R10C1	41.817629179331306	1682.355623100304	segmented_cell	cancer_core
TONIC_TMA15_R10C1	1433.326241134752	838.1382978723404	segmented_cell	cancer_core
TONIC_TMA15_R10C1	1581.4423076923076	524.5576923076923	segmented_cell	cancer_core
TONIC_TMA15_R10C1	1291.9969325153374	16.570552147239265	segmented_cell	cancer_core
TONIC_TMA15_R10C1	755.3777777777777	1656.0944444444444	segmented_cell	cancer_core
TONIC_TMA15_R10C1	316.8848167539267	1285.3821989528797	segmented_cell	cancer_core
TONIC_TMA15_R10C1	887.9503676470588	403.18014705882354	segmented_cell	cancer_core
TONIC_TMA15_R10C1	1884.198587819947	1705.22506619594	segmented_cell	cancer_core
TONIC_TMA15_R10C1	1384.1884816753927	1076.230366492147	segmented_cell	cancer_core
TONIC_TMA15_R10C1	205.47619047619048	1473.1076604554864	segmented_cell	cancer_core
TONIC_TMA15_R10C1	406.66776315789474	60.6858552631579	segmented_cell	cancer_core
TONIC_TMA15_R10C1	901.6463414634146	584.1951219512196	segmented_cell	cancer_core
TONIC_TMA15_R10C1	1219.8924731182797	846.3010752688172	segmented_cell	cancer_core
TONIC_TMA15_R10C1	1168.0635294117646	2008.1870588235292	segmented_cell	cancer_core
TONIC_TMA15_R10C1	1420.5585284280935	286.39130434782606	segmented_cell	cancer_core
TONIC_TMA15_R10C1	854.1394169835235	1344.0494296577947	segmented_cell	cancer_core
TONIC_TMA15_R10C1	1205.2600619195046	555.7832817337461	segmented_cell	cancer_border
TONIC_TMA15_R10C1	1014.103448275862	1501.103448275862	segmented_cell	cancer_core
TONIC_TMA15_R10C1	781.8627450980392	1350.3725490196075	segmented_cell	cancer_core
TONIC_TMA15_R10C1	1818.2034042553191	1021.2008510638298	segmented_cell	cancer_core
TONIC_TMA15_R10C1	1554.1000794281176	1670.0166799046865	segmented_cell	cancer_core
TONIC_TMA15_R10C1	323.6780487804878	2041.6195121951216	segmented_cell	cancer_core
TONIC_TMA15_R10C1	511.3987341772152	1233.3544303797469	segmented_cell	cancer_core
TONIC_TMA15_R10C1	1126.6157354618017	2030.491448118586	segmented_cell	cancer_core
TONIC_TMA15_R10C1	617.755832037325	327.36702954898914	segmented_cell	cancer_border
TONIC_TMA15_R10C1	217.62849872773535	855.9236641221374	segmented_cell	cancer_core
TONIC_TMA15_R10C1	1256.164383561644	551.4657534246576	segmented_cell	cancer_border
TONIC_TMA15_R10C1	491.70093457943926	1456.228971962617	segmented_cell	cancer_core
TONIC_TMA15_R10C1	743.3012232415903	886.7629969418961	segmented_cell	cancer_core
TONIC_TMA15_R10C1	1090.13986013986	65.12587412587412	segmented_cell	cancer_core
TONIC_TMA15_R10C1	1910.880281690141	110.40140845070422	segmented_cell	cancer_core
TONIC_TMA15_R10C1	1594.031026252983	805.1861575178998	segmented_cell	cancer_core
TONIC_TMA15_R10C1	1402.0924050632912	57.01518987341772	segmented_cell	cancer_core
TONIC_TMA15_R10C1	1575.08	1770.6114285714286	segmented_cell	cancer_border
TONIC_TMA15_R10C1	1430.6	1639.8260869565215	segmented_cell	cancer_core
TONIC_TMA15_R10C1	1642.9380530973451	235.06194690265488	segmented_cell	cancer_core
TONIC_TMA15_R10C1	620.0629921259842	1976.8110236220475	segmented_cell	cancer_core
TONIC_TMA15_R10C1	867.7236842105264	2024.184210526316	segmented_cell	cancer_core
TONIC_TMA15_R10C1	983.067055393586	1705.9037900874634	segmented_cell	cancer_core
TONIC_TMA15_R10C1	1377.793918918919	277.89527027027026	segmented_cell	cancer_core
TONIC_TMA15_R10C1	97.71689895470384	228.1088850174216	segmented_cell	cancer_core
TONIC_TMA15_R10C1	754.3661971830986	5.359154929577465	segmented_cell	cancer_core
TONIC_TMA15_R10C1	1283.1078561917443	78.25166444740346	segmented_cell	cancer_core
TONIC_TMA15_R10C1	1743.4037558685443	173.8732394366197	segmented_cell	cancer_core
TONIC_TMA15_R10C1	1313.2461059190032	278.8644859813084	segmented_cell	cancer_core
TONIC_TMA15_R10C1	1053.148936170213	288.8936170212766	segmented_cell	stroma_border
TONIC_TMA15_R10C1	247.12779973649535	650.2200263504611	segmented_cell	cancer_core
TONIC_TMA15_R10C1	1307.745283018868	1061.4584905660377	segmented_cell	cancer_core
TONIC_TMA15_R10C1	276.01612903225805	1947.854838709677	segmented_cell	cancer_core
TONIC_TMA15_R10C1	551.9894957983194	1144.029411764706	segmented_cell	cancer_core
TONIC_TMA15_R10C1	1084.3243243243244	1524.2594594594595	segmented_cell	cancer_core
TONIC_TMA15_R10C1	1876.5210355987056	882.9644012944984	segmented_cell	cancer_core
TONIC_TMA15_R10C1	1618.7642487046633	538.5569948186528	segmented_cell	cancer_core
TONIC_TMA15_R10C1	1107.2728758169935	972.4836601307188	segmented_cell	cancer_core
TONIC_TMA15_R10C1	291.6818923327896	1434.078303425775	segmented_cell	cancer_core
TONIC_TMA15_R10C1	1742.0791268758526	1227.3151432469303	segmented_cell	cancer_border
TONIC_TMA15_R10C1	1833.6326530612248	1426.688775510204	segmented_cell	cancer_border
TONIC_TMA15_R10C1	1578.604838709677	1798.1209677419354	segmented_cell	stroma_border
TONIC_TMA15_R10C1	1130.298611111111	720.3333333333334	segmented_cell	cancer_core
TONIC_TMA15_R10C1	74.62690707350902	1460.5242718446602	segmented_cell	cancer_core
TONIC_TMA15_R10C1	1904.6470588235293	9.723981900452488	segmented_cell	cancer_core
TONIC_TMA15_R10C1	916.8053097345132	701.2831858407079	segmented_cell	cancer_core
TONIC_TMA15_R10C1	1620.0651828298887	2035.6804451510332	segmented_cell	cancer_border
TONIC_TMA15_R10C1	794.4231433506045	848.0708117443869	segmented_cell	cancer_core
TONIC_TMA15_R10C1	1429.9541139240507	1043.7974683544303	segmented_cell	cancer_core
TONIC_TMA15_R10C1	76.61442441054092	1043.9431345353676	segmented_cell	cancer_core
TONIC_TMA15_R10C1	941.2535211267606	214.6549295774648	segmented_cell	cancer_core
TONIC_TMA15_R10C1	855.078125	698.5572916666666	segmented_cell	cancer_core
TONIC_TMA15_R10C1	1344.331428571429	90.84	segmented_cell	cancer_core
TONIC_TMA15_R10C1	984.75	1997.243055555556	segmented_cell	cancer_core
TONIC_TMA15_R10C1	485.92539267015707	347.39397905759165	segmented_cell	cancer_core
TONIC_TMA15_R10C1	964.7016806722688	1798.626050420168	segmented_cell	cancer_core
TONIC_TMA15_R10C1	118.08577878103836	314.097065462754	segmented_cell	cancer_core
TONIC_TMA15_R10C1	222.4848484848485	1336.0787878787878	segmented_cell	cancer_core
TONIC_TMA15_R10C1	1994.1927536231883	1495.6652173913044	segmented_cell	cancer_core
TONIC_TMA15_R10C1	1018.744827586207	2014.855172413793	segmented_cell	cancer_core
TONIC_TMA15_R10C1	1290.246153846154	1935.707692307692	segmented_cell	cancer_core
TONIC_TMA15_R10C1	521.5333333333333	1381.2857142857142	segmented_cell	cancer_core
TONIC_TMA15_R10C1	1611.2037037037037	1686.7345679012346	segmented_cell	cancer_core
TONIC_TMA15_R10C1	921.0421455938696	813.8773946360153	segmented_cell	cancer_core
TONIC_TMA15_R10C1	906.3928571428572	1161.5819327731092	segmented_cell	cancer_core
TONIC_TMA15_R10C1	1839.449494949495	803.0909090909091	segmented_cell	cancer_core
TONIC_TMA15_R10C1	166.57416267942585	1664.401913875598	segmented_cell	cancer_core
TONIC_TMA15_R10C1	1195.0857503152586	166.4047919293821	segmented_cell	cancer_core
TONIC_TMA15_R10C1	1511.65	1448.022222222222	segmented_cell	cancer_core
TONIC_TMA15_R10C1	1293.6470588235295	1622.2	segmented_cell	cancer_core
TONIC_TMA15_R10C1	975.4823529411764	855.6823529411764	segmented_cell	cancer_core
TONIC_TMA15_R10C1	1644.9243697478992	413.6344537815126	segmented_cell	cancer_core
TONIC_TMA15_R10C1	266.151051625239	443.6195028680688	segmented_cell	cancer_core
TONIC_TMA15_R10C1	410.19591836734696	1862.90612244898	segmented_cell	cancer_core
TONIC_TMA15_R10C1	325.874251497006	815.0339321357285	segmented_cell	cancer_core
TONIC_TMA15_R10C1	19.27078891257996	1430.1130063965884	segmented_cell	cancer_core
TONIC_TMA15_R10C1	1551.4408450704225	82.22112676056338	segmented_cell	cancer_core
TONIC_TMA15_R10C1	843.2	1515.876923076923	segmented_cell	cancer_core
TONIC_TMA15_R10C1	1630.2432432432431	787.5019305019305	segmented_cell	cancer_core
TONIC_TMA15_R10C1	1136.3894736842103	332.29473684210524	segmented_cell	cancer_core
TONIC_TMA15_R10C1	1084.852852852853	1392.1156156156155	segmented_cell	cancer_core
TONIC_TMA15_R10C1	292.9830917874396	600.8550724637681	segmented_cell	cancer_core
TONIC_TMA15_R10C1	495.4585987261146	653.9044585987261	segmented_cell	cancer_core
TONIC_TMA15_R10C1	1435.4	289.0736842105263	segmented_cell	cancer_core
TONIC_TMA15_R10C1	2008.2240228789324	1590.902764537655	segmented_cell	cancer_core
TONIC_TMA15_R10C1	1312.8117647058823	410.77647058823527	segmented_cell	cancer_core
TONIC_TMA15_R10C1	1980.2261306532664	1958.412060301508	segmented_cell	cancer_core
TONIC_TMA15_R10C1	1841.844943820225	553.3573033707866	segmented_cell	cancer_core
TONIC_TMA15_R10C1	1047.0925266903914	45.218861209964416	segmented_cell	cancer_core
TONIC_TMA15_R10C1	237.83818770226537	997.3398058252428	segmented_cell	cancer_core
TONIC_TMA15_R10C1	436.70338983050846	1908.6113801452784	segmented_cell	cancer_core
TONIC_TMA15_R10C1	1678.6089743589744	577.9128205128205	segmented_cell	cancer_core
TONIC_TMA15_R10C1	621.3980263157895	1415.467105263158	segmented_cell	cancer_core
TONIC_TMA15_R10C1	988.659127625202	1863.9095315024235	segmented_cell	cancer_core
TONIC_TMA15_R10C1	1520.9297297297298	536.2972972972973	segmented_cell	cancer_core
TONIC_TMA15_R10C1	903.7602179836512	1778.5531335149865	segmented_cell	cancer_core
TONIC_TMA15_R10C1	1184.4432132963989	1631.7257617728533	segmented_cell	cancer_core
TONIC_TMA15_R10C1	858.8299791811243	40.508674531575295	segmented_cell	cancer_core
TONIC_TMA15_R10C1	1541.392961876833	841.0	segmented_cell	cancer_core
TONIC_TMA15_R10C1	992.3535762483132	562.4831309041836	segmented_cell	cancer_core
TONIC_TMA15_R10C1	2009.025316455696	74.63528481012658	segmented_cell	cancer_core
TONIC_TMA15_R10C1	1648.9800362976407	840.6969147005444	segmented_cell	cancer_core
TONIC_TMA15_R10C1	1756.6	1848.425	segmented_cell	cancer_core
TONIC_TMA15_R10C1	716.3503649635037	1860.043795620438	segmented_cell	cancer_core
TONIC_TMA15_R10C1	1029.2860696517414	586.0124378109452	segmented_cell	cancer_core
TONIC_TMA15_R10C1	247.31130063965884	329.5628997867804	segmented_cell	cancer_core
TONIC_TMA15_R10C1	57.0398773006135	13.75920245398773	segmented_cell	cancer_core
TONIC_TMA15_R10C1	1203.1527777777778	1847.986111111111	segmented_cell	cancer_core
TONIC_TMA15_R10C1	1254.6801872074882	417.304992199688	segmented_cell	cancer_core
TONIC_TMA15_R10C1	1418.3264925373137	756.3656716417911	segmented_cell	cancer_core
TONIC_TMA15_R10C1	871.2791878172588	533.7005076142132	segmented_cell	cancer_core
TONIC_TMA15_R10C1	1499.320610687023	1128.0	segmented_cell	cancer_core
TONIC_TMA15_R10C1	1856.5545171339563	609.190031152648	segmented_cell	cancer_core
TONIC_TMA15_R10C1	1048.27	830.38	segmented_cell	cancer_core
TONIC_TMA15_R10C1	338.260162601626	1401.918699186992	segmented_cell	cancer_core
TONIC_TMA15_R10C1	1393.9473684210527	849.4368421052632	segmented_cell	cancer_core
TONIC_TMA15_R10C1	373.6455696202532	1198.8544303797469	segmented_cell	cancer_core
TONIC_TMA15_R10C1	1183.2125603864731	1695.280193236715	segmented_cell	cancer_core
TONIC_TMA15_R10C1	1558.8184523809523	813.3452380952381	segmented_cell	cancer_core
TONIC_TMA15_R10C1	656.4386503067485	1760.4856850715746	segmented_cell	cancer_core
TONIC_TMA15_R10C1	219.7209756097561	363.98634146341465	segmented_cell	cancer_core
TONIC_TMA15_R10C1	1508.8877665544333	1547.4826038159372	segmented_cell	cancer_core
TONIC_TMA15_R10C1	1825.3388822829963	423.2544589774079	segmented_cell	cancer_core
TONIC_TMA15_R10C1	1292.1717948717949	535.4128205128205	segmented_cell	cancer_border
TONIC_TMA15_R10C1	955.8397435897436	356.5673076923077	segmented_cell	cancer_border
TONIC_TMA15_R10C1	360.27513227513225	1489.1058201058202	segmented_cell	cancer_core
TONIC_TMA15_R10C1	35.53175457481163	431.4101184068891	segmented_cell	cancer_core
TONIC_TMA15_R10C1	1162.0	1528.888888888889	segmented_cell	cancer_core
TONIC_TMA15_R10C1	1303.2189349112425	227.5857988165681	segmented_cell	cancer_core
TONIC_TMA15_R10C1	1220.7045009784736	1665.160469667319	segmented_cell	cancer_core
TONIC_TMA15_R10C1	1247.181434599156	1271.772151898734	segmented_cell	cancer_core
TONIC_TMA15_R10C1	1154.830601092896	1509.513661202186	segmented_cell	cancer_core
TONIC_TMA15_R10C1	1634.3762993762994	1460.7681912681912	segmented_cell	cancer_core
TONIC_TMA15_R10C1	970.67087276551	884.2218717139853	segmented_cell	cancer_core
TONIC_TMA15_R10C1	1022.6424361493124	506.35952848722985	segmented_cell	cancer_core
TONIC_TMA15_R10C1	699.3296703296703	716.0062794348509	segmented_cell	cancer_core
TONIC_TMA15_R10C1	730.780847145488	1385.036832412523	segmented_cell	cancer_core
TONIC_TMA15_R10C1	582.9845360824743	827.1752577319587	segmented_cell	cancer_border
TONIC_TMA15_R10C1	1530.8398950131234	773.9396325459318	segmented_cell	cancer_core
TONIC_TMA15_R10C1	227.66536964980543	1866.645914396887	segmented_cell	cancer_core
TONIC_TMA15_R10C1	918.2933333333332	506.4933333333333	segmented_cell	cancer_core
TONIC_TMA15_R10C1	393.12025316455697	1362.481012658228	segmented_cell	cancer_core
TONIC_TMA15_R10C1	127.91463414634148	1790.6073170731706	segmented_cell	cancer_core
TONIC_TMA15_R10C1	471.27272727272725	437.9300699300699	segmented_cell	cancer_core
TONIC_TMA15_R10C1	1248.238596491228	87.66666666666667	segmented_cell	cancer_core
TONIC_TMA15_R10C1	311.6834381551363	1756.8658280922432	segmented_cell	cancer_core
TONIC_TMA15_R10C1	637.71875	714.59375	segmented_cell	cancer_core
TONIC_TMA15_R10C1	1259.5281531531532	1331.375	segmented_cell	cancer_core
TONIC_TMA15_R10C1	1444.006811989101	1309.9114441416891	segmented_cell	cancer_border
TONIC_TMA15_R10C1	443.8192307692308	1481.2307692307693	segmented_cell	cancer_core
TONIC_TMA15_R10C1	1121.8407281001137	383.061433447099	segmented_cell	cancer_border
TONIC_TMA15_R10C1	1174.7901390644754	1279.5284450063211	segmented_cell	cancer_core
TONIC_TMA15_R10C1	507.9261744966443	1077.5838926174497	segmented_cell	cancer_core
TONIC_TMA15_R10C1	1762.6177777777775	630.66	segmented_cell	cancer_core
TONIC_TMA15_R10C1	1894.3584656084656	1285.1441798941798	segmented_cell	cancer_core
TONIC_TMA15_R10C1	195.93759071117563	355.05370101596515	segmented_cell	cancer_core
TONIC_TMA15_R10C1	564.1065918653577	416.9354838709677	segmented_cell	cancer_core
TONIC_TMA15_R10C1	1048.028735632184	404.7729885057472	segmented_cell	cancer_border
TONIC_TMA15_R10C1	1793.3908918406073	1144.9032258064517	segmented_cell	cancer_border
TONIC_TMA15_R10C1	415.3020833333333	599.96875	segmented_cell	cancer_core
TONIC_TMA15_R10C1	448.3722772277228	526.3049504950495	segmented_cell	cancer_core
TONIC_TMA15_R10C1	441.783950617284	496.39506172839504	segmented_cell	cancer_core
TONIC_TMA15_R10C1	89.22038567493112	398.8126721763085	segmented_cell	cancer_core
TONIC_TMA15_R10C1	871.1884057971015	138.55072463768116	segmented_cell	cancer_border
TONIC_TMA15_R10C1	1905.5549132947976	1272.5404624277458	segmented_cell	cancer_core
TONIC_TMA15_R10C1	663.0912951167728	57.99363057324841	segmented_cell	cancer_core
TONIC_TMA15_R10C1	603.4733893557423	465.4481792717087	segmented_cell	cancer_core
TONIC_TMA15_R10C1	1530.1389578163771	515.7841191066998	segmented_cell	cancer_core
TONIC_TMA15_R10C1	92.25572139303485	269.5601990049751	segmented_cell	cancer_core
TONIC_TMA15_R10C1	255.2987951807229	526.0289156626505	segmented_cell	cancer_core
TONIC_TMA15_R10C1	251.06201550387595	213.75968992248065	segmented_cell	cancer_core
TONIC_TMA15_R10C1	1752.1138952164008	1712.8428246013668	segmented_cell	cancer_core
TONIC_TMA15_R10C1	1820.639894086496	13.568402471315093	segmented_cell	cancer_core
TONIC_TMA15_R10C1	1096.9407582938388	1422.2345971563982	segmented_cell	cancer_core
TONIC_TMA15_R10C1	916.1470588235294	1360.9264705882354	segmented_cell	cancer_core
TONIC_TMA15_R10C1	268.8536585365854	987.4817073170732	segmented_cell	cancer_core
TONIC_TMA15_R10C1	2030.956090651558	892.8654390934844	segmented_cell	cancer_core
TONIC_TMA15_R10C1	1904.3211169284468	1032.8603839441537	segmented_cell	cancer_core
TONIC_TMA15_R10C1	692.624765478424	1910.4484052532832	segmented_cell	cancer_core
TONIC_TMA15_R10C1	1440.0495867768595	1431.2231404958677	segmented_cell	cancer_core
TONIC_TMA15_R10C1	1104.1304347826087	1994.6798418972328	segmented_cell	cancer_core
TONIC_TMA15_R10C1	1293.9302325581396	847.0813953488372	segmented_cell	cancer_core
TONIC_TMA15_R10C1	1137.0076086956522	971.9119565217392	segmented_cell	cancer_core
TONIC_TMA15_R10C1	22.125984251968504	1626.4251968503936	segmented_cell	cancer_core
TONIC_TMA15_R10C1	1305.5699481865286	1028.642487046632	segmented_cell	cancer_core
TONIC_TMA15_R10C1	2038.902097902098	740.3519813519814	segmented_cell	cancer_core
TONIC_TMA15_R10C1	1842.6189376443417	408.2078521939954	segmented_cell	cancer_core
TONIC_TMA15_R10C1	1602.0093085106382	1462.043882978723	segmented_cell	cancer_core
TONIC_TMA15_R10C1	593.6087866108786	407.3232217573222	segmented_cell	cancer_core
TONIC_TMA15_R10C1	1962.8882235528945	1716.0838323353294	segmented_cell	cancer_core
TONIC_TMA15_R10C1	1412.7092651757189	1095.314696485623	segmented_cell	cancer_core
TONIC_TMA15_R10C1	1599.4306418219462	878.3530020703934	segmented_cell	cancer_core
TONIC_TMA15_R10C1	664.9479768786127	581.8111753371869	segmented_cell	cancer_core
TONIC_TMA15_R10C1	1595.643031784841	1732.2885085574571	segmented_cell	cancer_border
TONIC_TMA15_R10C1	801.8950695322377	1364.203539823009	segmented_cell	cancer_core
TONIC_TMA15_R10C1	821.9024390243902	677.0256739409499	segmented_cell	cancer_core
TONIC_TMA15_R10C1	769.4950495049505	574.7128712871287	segmented_cell	cancer_core
TONIC_TMA15_R10C1	371.0851063829787	863.9908814589666	segmented_cell	cancer_border
TONIC_TMA15_R10C1	841.0	667.7625	segmented_cell	cancer_core
TONIC_TMA15_R10C1	157.0	1297.2552083333333	segmented_cell	cancer_core
TONIC_TMA15_R10C1	1312.9497206703911	658.7486033519554	segmented_cell	cancer_core
TONIC_TMA15_R10C1	136.8060606060606	285.1878787878788	segmented_cell	cancer_core
TONIC_TMA15_R10C1	1981.233532934132	1973.9101796407183	segmented_cell	cancer_core
TONIC_TMA15_R10C1	1987.9158878504672	1630.981308411215	segmented_cell	cancer_core
TONIC_TMA15_R10C1	1661.6630434782608	1306.3514492753625	segmented_cell	cancer_core
TONIC_TMA15_R10C1	1442.1150442477876	1651.5353982300885	segmented_cell	cancer_core
TONIC_TMA15_R10C1	291.69473684210527	636.0947368421052	segmented_cell	cancer_core
TONIC_TMA15_R10C1	953.9655172413792	941.3605015673982	segmented_cell	cancer_core
TONIC_TMA15_R10C1	1625.8285714285714	1055.2857142857142	segmented_cell	cancer_core
TONIC_TMA15_R10C1	1593.9732739420936	1406.790645879733	segmented_cell	cancer_core
TONIC_TMA15_R10C1	1262.3021148036253	1530.0785498489429	segmented_cell	cancer_core
TONIC_TMA15_R10C1	2034.1018633540373	281.272049689441	segmented_cell	cancer_core
TONIC_TMA15_R10C1	454.2881022615536	663.8525073746313	segmented_cell	cancer_core
TONIC_TMA15_R10C1	1552.6869565217391	297.62608695652176	segmented_cell	cancer_core
TONIC_TMA15_R10C1	96.52816901408453	1284.4319248826291	segmented_cell	cancer_core
TONIC_TMA15_R10C1	1122.0625	686.2673611111111	segmented_cell	cancer_core
TONIC_TMA15_R10C1	1237.645161290323	212.7311827956989	segmented_cell	cancer_core
TONIC_TMA15_R10C1	1142.1507731958764	1116.9265463917525	segmented_cell	cancer_core
TONIC_TMA15_R10C1	1482.6223776223776	1790.2797202797203	segmented_cell	cancer_border
TONIC_TMA15_R10C1	263.7494089834516	1809.5059101654847	segmented_cell	cancer_core
TONIC_TMA15_R10C1	878.96	353.476	segmented_cell	cancer_core
TONIC_TMA15_R10C1	1345.4368794326242	867.8127659574468	segmented_cell	cancer_core
TONIC_TMA15_R10C1	707.9939117199391	540.2800608828006	segmented_cell	cancer_core
TONIC_TMA15_R10C1	1420.0573248407643	1458.0382165605097	segmented_cell	cancer_core
TONIC_TMA15_R10C1	1692.3522727272727	419.52840909090907	segmented_cell	cancer_core
TONIC_TMA15_R10C1	1153.8726114649685	761.8407643312102	segmented_cell	cancer_core
TONIC_TMA15_R10C1	1704.0827067669172	977.5488721804512	segmented_cell	cancer_core
TONIC_TMA15_R10C1	1153.4528301886792	1350.2264150943397	segmented_cell	cancer_core
TONIC_TMA15_R10C1	669.1155378486055	1714.5737051792828	segmented_cell	cancer_core
TONIC_TMA15_R10C1	1626.0967741935483	806.6989247311828	segmented_cell	cancer_core
TONIC_TMA15_R10C1	485.837037037037	1240.2488888888888	segmented_cell	cancer_core
TONIC_TMA15_R10C1	1491.550193050193	1927.9749034749036	segmented_cell	cancer_core
TONIC_TMA15_R10C1	1616.6746268656716	1638.2835820895525	segmented_cell	cancer_core
TONIC_TMA15_R10C1	1527.1912442396313	713.0023041474655	segmented_cell	cancer_core
TONIC_TMA15_R10C1	1123.2142857142858	4.5	segmented_cell	cancer_core
TONIC_TMA15_R10C1	2028.263888888889	130.85416666666666	segmented_cell	cancer_core
TONIC_TMA15_R10C1	1126.0494505494505	301.2289377289377	segmented_cell	cancer_border
TONIC_TMA15_R10C1	286.87908496732024	1327.0277777777778	segmented_cell	cancer_core
TONIC_TMA15_R10C1	1797.7242063492065	698.3650793650794	segmented_cell	cancer_core
TONIC_TMA15_R10C1	1147.5969696969696	1658.2121212121212	segmented_cell	cancer_core
TONIC_TMA15_R10C1	1543.275	1010.3944444444444	segmented_cell	cancer_core
TONIC_TMA15_R10C1	727.8636363636364	1431.990909090909	segmented_cell	cancer_core
TONIC_TMA15_R10C1	506.26666666666665	1509.0166666666669	segmented_cell	cancer_core
TONIC_TMA15_R10C1	1524.7781036168133	1357.9579667644184	segmented_cell	cancer_core
TONIC_TMA15_R10C1	511.03636363636366	1459.840909090909	segmented_cell	cancer_core
TONIC_TMA15_R10C1	15.914285714285716	494.1183673469388	segmented_cell	cancer_core
TONIC_TMA15_R10C1	1310.5259433962265	1681.9033018867924	segmented_cell	cancer_core
TONIC_TMA15_R10C1	877.0632258064517	1874.8696774193547	segmented_cell	cancer_core
TONIC_TMA15_R10C1	1958.9761904761904	985.3142857142856	segmented_cell	cancer_core
TONIC_TMA15_R10C1	75.62025316455696	122.43037974683544	segmented_cell	cancer_core
TONIC_TMA15_R10C1	259.40942028985506	1658.12077294686	segmented_cell	cancer_core
TONIC_TMA15_R10C1	971.33423180593	1534.8733153638814	segmented_cell	cancer_core
TONIC_TMA15_R10C1	298.1975683890578	1568.1914893617022	segmented_cell	cancer_core
TONIC_TMA15_R10C1	1625.100529100529	852.7513227513227	segmented_cell	cancer_core
TONIC_TMA15_R10C1	268.6212510711225	593.4601542416452	segmented_cell	cancer_core
TONIC_TMA15_R10C1	1383.1043083900229	1918.1179138321995	segmented_cell	cancer_core
TONIC_TMA15_R10C1	1844.324546952224	1917.3855024711695	segmented_cell	cancer_core
TONIC_TMA15_R10C1	1709.0272108843535	1671.8877551020407	segmented_cell	cancer_core
TONIC_TMA15_R10C1	1509.165625	139.909375	segmented_cell	cancer_core
TONIC_TMA15_R10C1	363.86072423398326	756.7437325905292	segmented_cell	cancer_core
TONIC_TMA15_R10C1	1966.711252653928	1168.4819532908705	segmented_cell	cancer_core
TONIC_TMA15_R10C1	940.821782178218	1788.7079207920792	segmented_cell	cancer_core
TONIC_TMA15_R10C1	511.31159420289856	324.3550724637681	segmented_cell	cancer_core
TONIC_TMA15_R10C1	285.22011385199244	1999.032258064516	segmented_cell	cancer_core
TONIC_TMA15_R10C1	1295.5666666666666	2005.071428571429	segmented_cell	cancer_core
TONIC_TMA15_R10C1	839.374321880651	90.99457504520797	segmented_cell	cancer_border
TONIC_TMA15_R10C1	1958.5187319884728	1733.6368876080692	segmented_cell	cancer_core
TONIC_TMA15_R10C1	1827.5725806451608	1709.6653225806451	segmented_cell	cancer_core
TONIC_TMA15_R10C1	1199.2824919441462	119.28141783029	segmented_cell	cancer_core
TONIC_TMA15_R10C1	2015.6675824175825	125.44505494505496	segmented_cell	cancer_core
TONIC_TMA15_R10C1	1964.8506493506493	683.6212121212121	segmented_cell	cancer_core
TONIC_TMA15_R10C1	1788.3118811881188	1648.3910891089108	segmented_cell	cancer_core
TONIC_TMA15_R10C1	1667.312962962963	165.45185185185184	segmented_cell	cancer_core
TONIC_TMA15_R10C1	1254.336941813261	1559.086603518268	segmented_cell	cancer_core
TONIC_TMA15_R10C1	1348.3771043771044	926.8131313131312	segmented_cell	cancer_core
TONIC_TMA15_R10C1	667.8136645962733	303.9751552795031	segmented_cell	cancer_border
TONIC_TMA15_R10C1	205.08602150537635	1953.7974910394264	segmented_cell	cancer_core
TONIC_TMA15_R10C1	1210.2695214105793	1456.352644836272	segmented_cell	cancer_core
TONIC_TMA15_R10C1	485.4668117519042	583.7497279651795	segmented_cell	cancer_core
TONIC_TMA15_R10C1	496.1797101449275	1686.8159420289855	segmented_cell	cancer_core
TONIC_TMA15_R10C1	1736.5295857988165	511.20118343195264	segmented_cell	cancer_core
TONIC_TMA15_R10C1	393.56677524429966	1636.1693811074915	segmented_cell	cancer_core
TONIC_TMA15_R10C1	507.87699316628704	1795.5353075170842	segmented_cell	cancer_core
TONIC_TMA15_R10C1	1102.7120743034056	658.1857585139319	segmented_cell	cancer_core
TONIC_TMA15_R10C1	1714.7387640449438	1363.2247191011236	segmented_cell	cancer_core
TONIC_TMA15_R10C1	537.8385093167702	902.1925465838508	segmented_cell	stroma_border
TONIC_TMA15_R10C1	1625.7044804575787	1387.8875119161105	segmented_cell	cancer_core
TONIC_TMA15_R10C1	1867.1832061068703	109.76081424936386	segmented_cell	cancer_core
TONIC_TMA15_R10C1	1179.2578125	1458.0869140625	segmented_cell	cancer_core
TONIC_TMA15_R10C1	424.458064516129	1056.3709677419354	segmented_cell	cancer_core
TONIC_TMA15_R10C1	1386.4346895074946	1388.7558886509637	segmented_cell	cancer_border
TONIC_TMA15_R10C1	901.8352490421456	1861.5095785440608	segmented_cell	cancer_core
TONIC_TMA15_R10C1	1781.099838969404	1703.8357487922706	segmented_cell	cancer_core
TONIC_TMA15_R10C1	790.0086206896551	1935.9396551724135	segmented_cell	cancer_core
TONIC_TMA15_R10C1	474.2694235588973	1528.43984962406	segmented_cell	cancer_core
TONIC_TMA15_R10C1	831.2167300380228	1328.0266159695818	segmented_cell	cancer_core
TONIC_TMA15_R10C1	1802.0608974358972	756.0288461538462	segmented_cell	cancer_core
TONIC_TMA15_R10C1	1059.2642335766425	1616.0671532846716	segmented_cell	cancer_core
TONIC_TMA15_R10C1	871.3732590529248	1261.682451253482	segmented_cell	cancer_core
TONIC_TMA15_R10C1	1544.1628352490422	129.47318007662835	segmented_cell	cancer_core
TONIC_TMA15_R10C1	741.2261904761905	1609.1746031746031	segmented_cell	cancer_core
TONIC_TMA15_R10C1	349.9891304347826	1513.7608695652175	segmented_cell	cancer_core
TONIC_TMA15_R10C1	253.44970414201185	866.7899408284023	segmented_cell	cancer_core
TONIC_TMA15_R10C1	1394.421052631579	475.7631578947368	segmented_cell	cancer_core
TONIC_TMA15_R10C1	500.5481049562682	1417.600583090379	segmented_cell	cancer_core
TONIC_TMA15_R10C1	691.1787439613527	19.88405797101449	segmented_cell	cancer_core
TONIC_TMA15_R10C1	257.94880546075086	1297.7986348122868	segmented_cell	cancer_core
TONIC_TMA15_R10C1	31.97142857142857	537.6924369747899	segmented_cell	cancer_core
TONIC_TMA15_R10C1	1775.0219512195122	1074.3585365853658	segmented_cell	cancer_core
TONIC_TMA15_R10C1	1848.2535545023695	178.37440758293835	segmented_cell	cancer_core
TONIC_TMA15_R10C1	366.0102564102564	642.9961538461539	segmented_cell	cancer_core
TONIC_TMA15_R10C1	418.0723684210527	1713.8717105263158	segmented_cell	cancer_core
TONIC_TMA15_R10C1	1166.4432432432432	1538.7567567567569	segmented_cell	cancer_core
TONIC_TMA15_R10C1	855.7003484320558	1096.2752613240418	segmented_cell	cancer_core
TONIC_TMA15_R10C1	1601.8545454545454	1424.430303030303	segmented_cell	cancer_core
TONIC_TMA15_R10C1	1300.708067940552	926.6337579617834	segmented_cell	cancer_core
TONIC_TMA15_R10C1	902.8356643356644	285.5751748251748	segmented_cell	cancer_border
TONIC_TMA15_R10C1	978.4823943661972	636.7007042253521	segmented_cell	cancer_core
TONIC_TMA15_R10C1	1153.7878787878788	9.888257575757576	segmented_cell	cancer_core
TONIC_TMA15_R10C1	742.2466960352423	304.66079295154185	segmented_cell	cancer_core
TONIC_TMA15_R10C1	1400.8469945355191	381.4808743169399	segmented_cell	cancer_core
TONIC_TMA15_R10C1	372.6290801186944	1011.4688427299704	segmented_cell	cancer_core
TONIC_TMA15_R10C1	626.8742857142857	46.57142857142857	segmented_cell	cancer_core
TONIC_TMA15_R10C1	106.53691275167785	917.748322147651	segmented_cell	cancer_core
TONIC_TMA15_R10C1	1120.603448275862	2004.3936781609195	segmented_cell	cancer_core
TONIC_TMA15_R10C1	1298.1962962962964	440.2407407407408	segmented_cell	cancer_core
TONIC_TMA15_R10C1	742.795918367347	654.6530612244898	segmented_cell	cancer_core
TONIC_TMA15_R10C1	1978.2551319648092	854.2697947214076	segmented_cell	cancer_core
TONIC_TMA15_R10C1	1570.4438722966015	1506.271884654995	segmented_cell	cancer_core
TONIC_TMA15_R10C1	374.1188271604938	781.6944444444445	segmented_cell	cancer_border
TONIC_TMA15_R10C1	1295.1739618406284	815.8866442199776	segmented_cell	cancer_core
TONIC_TMA15_R10C1	1686.423162583519	719.6859688195991	segmented_cell	cancer_core
TONIC_TMA15_R10C1	535.5038167938932	1576.012213740458	segmented_cell	cancer_core
TONIC_TMA15_R10C1	841.9595744680851	508.9	segmented_cell	cancer_core
TONIC_TMA15_R10C1	1134.717008797654	1061.341642228739	segmented_cell	cancer_core
TONIC_TMA15_R10C1	635.5530726256983	491.5111731843575	segmented_cell	cancer_core
TONIC_TMA15_R10C1	1783.507614213198	315.0	segmented_cell	cancer_core
TONIC_TMA15_R10C1	1051.598272138229	213.07127429805612	segmented_cell	cancer_border
TONIC_TMA15_R10C1	1508.2003012048192	168.65662650602408	segmented_cell	cancer_core
TONIC_TMA15_R10C1	1760.7881944444443	202.77777777777777	segmented_cell	cancer_core
TONIC_TMA15_R10C1	630.8456221198156	179.6451612903226	segmented_cell	cancer_core
TONIC_TMA15_R10C1	450.66333333333336	1338.1533333333334	segmented_cell	cancer_core
TONIC_TMA15_R10C1	938.219696969697	1433.6969696969695	segmented_cell	cancer_core
TONIC_TMA15_R10C1	1972.3558758314853	1757.920177383592	segmented_cell	cancer_core
TONIC_TMA15_R10C1	906.0986111111112	491.17083333333335	segmented_cell	cancer_core
TONIC_TMA15_R10C1	1121.506696428571	579.6696428571429	segmented_cell	cancer_core
TONIC_TMA15_R10C1	862.5036855036855	871.2923832923833	segmented_cell	cancer_core
TONIC_TMA15_R10C1	731.533014354067	1807.812440191388	segmented_cell	cancer_core
TONIC_TMA15_R10C1	1251.7742663656884	869.8081264108353	segmented_cell	cancer_core
TONIC_TMA15_R10C1	2011.3292978208235	2026.1210653753024	segmented_cell	cancer_core
TONIC_TMA15_R10C1	554.5241379310345	1075.103448275862	segmented_cell	cancer_border
TONIC_TMA15_R10C1	1707.630738522954	1569.4850299401198	segmented_cell	cancer_core
TONIC_TMA15_R10C1	237.35849056603772	429.9245283018868	segmented_cell	cancer_core
TONIC_TMA15_R10C1	1117.651226158038	737.1852861035422	segmented_cell	cancer_core
TONIC_TMA15_R10C1	925.5803571428572	382.6116071428572	segmented_cell	cancer_border
TONIC_TMA15_R10C1	1321.8685714285714	1884.8857142857144	segmented_cell	cancer_core
TONIC_TMA15_R10C1	1424.8977272727273	709.8376623376623	segmented_cell	cancer_core
TONIC_TMA15_R10C1	939.6700819672132	121.22131147540983	segmented_cell	cancer_core
TONIC_TMA15_R10C1	1306.854054054054	168.11891891891892	segmented_cell	cancer_core
TONIC_TMA15_R10C1	1611.1384248210024	185.45584725536992	segmented_cell	cancer_core
TONIC_TMA15_R10C1	622.4167758846658	1329.750982961992	segmented_cell	cancer_core
TONIC_TMA15_R10C1	503.24229074889865	206.7797356828194	segmented_cell	cancer_core
TONIC_TMA15_R10C1	127.58969804618116	143.056838365897	segmented_cell	cancer_core
TONIC_TMA15_R10C1	1520.443008225617	1469.6169212690952	segmented_cell	cancer_core
TONIC_TMA15_R10C1	478.3227722772277	1113.8138613861386	segmented_cell	cancer_core
TONIC_TMA15_R10C1	451.645390070922	1302.3191489361702	segmented_cell	cancer_core
TONIC_TMA15_R10C1	1773.5350877192982	197.48245614035088	segmented_cell	cancer_core
TONIC_TMA15_R10C1	434.9767441860465	92.85271317829458	segmented_cell	cancer_core
TONIC_TMA15_R10C1	1011.5	1570.0	segmented_cell	cancer_core
TONIC_TMA15_R10C1	895.0797101449275	73.1376811594203	segmented_cell	cancer_core
TONIC_TMA15_R10C1	896.6243315508021	748.8649732620321	segmented_cell	cancer_core
TONIC_TMA15_R10C1	5.12280701754386	649.9795321637426	segmented_cell	cancer_core
TONIC_TMA15_R10C1	809.5	1861.3277591973244	segmented_cell	cancer_core
TONIC_TMA15_R10C1	637.1576763485477	1669.2572614107885	segmented_cell	cancer_core
TONIC_TMA15_R10C1	1532.0074074074073	1317.651851851852	segmented_cell	cancer_core
TONIC_TMA15_R10C1	742.6808510638298	590.4906914893617	segmented_cell	cancer_core
TONIC_TMA15_R10C1	1256.5726872246696	1110.4361233480176	segmented_cell	cancer_core
TONIC_TMA15_R10C1	403.392	783.648	segmented_cell	cancer_border
TONIC_TMA15_R10C1	1852.227166276347	695.2259953161592	segmented_cell	cancer_border
TONIC_TMA15_R10C1	1799.585858585859	1980.49898989899	segmented_cell	cancer_border
TONIC_TMA15_R10C1	1059.8486707566462	455.62372188139057	segmented_cell	cancer_border
TONIC_TMA15_R10C1	640.9032258064516	1965.032258064516	segmented_cell	cancer_core
TONIC_TMA15_R10C1	1811.095541401274	1339.216560509554	segmented_cell	stroma_border
TONIC_TMA15_R10C1	623.6891679748823	1916.913657770801	segmented_cell	cancer_core
TONIC_TMA15_R10C1	1542.7955974842766	169.43710691823898	segmented_cell	cancer_core
TONIC_TMA15_R10C1	234.13455657492355	1256.1467889908256	segmented_cell	cancer_core
TONIC_TMA15_R10C1	624.3577981651376	1987.1467889908256	segmented_cell	cancer_core
TONIC_TMA15_R10C1	686.0711538461538	881.651923076923	segmented_cell	cancer_core
TONIC_TMA15_R10C1	163.71698113207546	1832.2641509433963	segmented_cell	cancer_core
TONIC_TMA15_R10C1	899.4117647058823	53.66013071895425	segmented_cell	cancer_core
TONIC_TMA15_R10C1	322.1542857142857	358.60571428571427	segmented_cell	cancer_core
TONIC_TMA15_R10C1	2035.491304347826	1000.15	segmented_cell	cancer_core
TONIC_TMA15_R10C1	941.5575916230366	45.382198952879584	segmented_cell	cancer_core
TONIC_TMA15_R10C1	746.2111553784861	1303.3266932270917	segmented_cell	cancer_core
TONIC_TMA15_R10C1	295.7306397306397	525.1195286195286	segmented_cell	cancer_core
TONIC_TMA15_R10C1	863.2204724409448	1209.1181102362204	segmented_cell	cancer_core
TONIC_TMA15_R10C1	1555.3399301513389	1134.7578579743888	segmented_cell	cancer_core
TONIC_TMA15_R10C1	414.5719557195572	304.55719557195573	segmented_cell	cancer_core
TONIC_TMA15_R10C1	812.4835924006909	637.0224525043178	segmented_cell	cancer_core
TONIC_TMA15_R10C1	1172.0819672131147	1562.5601092896177	segmented_cell	cancer_core
TONIC_TMA15_R10C1	430.8050065876153	2036.1343873517787	segmented_cell	cancer_core
TONIC_TMA15_R10C1	1879.8446215139445	2001.454183266932	segmented_cell	cancer_core
TONIC_TMA15_R10C1	1877.864	1928.2784	segmented_cell	cancer_core
TONIC_TMA15_R10C1	1932.7280701754387	1900.122807017544	segmented_cell	cancer_core
TONIC_TMA15_R10C1	1601.8077803203662	973.4279176201374	segmented_cell	cancer_core
TONIC_TMA15_R10C1	2020.6073943661968	686.25	segmented_cell	cancer_core
TONIC_TMA15_R10C1	1084.22333000997	1177.0717846460618	segmented_cell	cancer_core
TONIC_TMA15_R10C1	1393.309523809524	768.1380952380953	segmented_cell	cancer_core
TONIC_TMA15_R10C1	241.7032967032967	1582.8553113553114	segmented_cell	cancer_core
TONIC_TMA15_R10C1	844.3720930232558	2043.9883720930231	segmented_cell	cancer_core
TONIC_TMA15_R10C1	9.240400667779634	191.58096828046743	segmented_cell	cancer_core
TONIC_TMA15_R10C1	58.26174496644296	539.3221476510067	segmented_cell	cancer_core
TONIC_TMA15_R10C1	1354.0511182108626	1423.720447284345	segmented_cell	cancer_core
TONIC_TMA15_R10C1	1410.1136363636365	1151.5162337662337	segmented_cell	cancer_core
TONIC_TMA15_R10C1	394.1764705882353	1797.9558823529412	segmented_cell	cancer_core
TONIC_TMA15_R10C1	591.3358974358974	1635.4179487179488	segmented_cell	cancer_core
TONIC_TMA15_R10C1	345.30169491525425	168.00677966101694	segmented_cell	cancer_core
TONIC_TMA15_R10C1	487.41379310344826	970.3189655172414	segmented_cell	stroma_border
TONIC_TMA15_R10C1	1286.1251798561152	967.4705035971224	segmented_cell	cancer_core
TONIC_TMA15_R10C1	651.7321016166281	910.5381062355658	segmented_cell	cancer_core
TONIC_TMA15_R10C1	1699.137640449438	1536.005617977528	segmented_cell	cancer_core
TONIC_TMA15_R10C1	426.64367816091954	1854.2528735632184	segmented_cell	cancer_core
TONIC_TMA15_R10C1	1944.919621749409	997.0070921985816	segmented_cell	cancer_core
TONIC_TMA15_R10C1	1743.4534686971235	1476.9137055837564	segmented_cell	cancer_core
TONIC_TMA15_R10C1	920.6195826645264	1088.6436597110755	segmented_cell	cancer_core
TONIC_TMA15_R10C1	525.8668730650155	557.5139318885449	segmented_cell	cancer_core
TONIC_TMA15_R10C1	429.44525547445255	709.698296836983	segmented_cell	cancer_core
TONIC_TMA15_R10C1	1982.8266384778008	1327.1363636363635	segmented_cell	cancer_core
TONIC_TMA15_R10C1	288.75645756457567	1370.1660516605166	segmented_cell	cancer_core
TONIC_TMA15_R10C1	26.446280991735534	766.7190082644628	segmented_cell	cancer_core
TONIC_TMA15_R10C1	144.4600938967136	1447.3544600938967	segmented_cell	cancer_core
TONIC_TMA15_R10C1	979.9218328840972	1777.7735849056603	segmented_cell	cancer_core
TONIC_TMA15_R10C1	1824.129943502825	261.89406779661016	segmented_cell	cancer_core
TONIC_TMA15_R10C1	600.9519230769231	78.47836538461539	segmented_cell	cancer_border
TONIC_TMA15_R10C1	1349.8474576271187	1959.9612590799031	segmented_cell	cancer_core
TONIC_TMA15_R10C1	716.1069182389937	961.1698113207548	segmented_cell	cancer_core
TONIC_TMA15_R10C1	361.7912087912088	1221.142857142857	segmented_cell	cancer_core
TONIC_TMA15_R10C1	262.8590308370044	884.6189427312776	segmented_cell	cancer_core
TONIC_TMA15_R10C1	823.0573888091822	1772.4461979913915	segmented_cell	cancer_core
TONIC_TMA15_R10C1	1238.9836888331242	1361.702634880803	segmented_cell	cancer_core
TONIC_TMA15_R10C1	1900.8346456692916	55.7007874015748	segmented_cell	cancer_core
TONIC_TMA15_R10C1	779.2857142857143	454.4321428571429	segmented_cell	stroma_border
TONIC_TMA15_R10C1	232.391975308642	1978.287037037037	segmented_cell	cancer_core
TONIC_TMA15_R10C1	1845.108655616943	1316.6537753222835	segmented_cell	stroma_border
TONIC_TMA15_R10C1	1218.9908536585365	1178.9542682926829	segmented_cell	cancer_core
TONIC_TMA15_R10C1	1062.522633744856	1755.559670781893	segmented_cell	cancer_core
TONIC_TMA15_R10C1	838.5064267352185	188.7223650385604	segmented_cell	cancer_core
TONIC_TMA15_R10C1	687.8004032258065	1202.719758064516	segmented_cell	cancer_core
TONIC_TMA15_R10C1	1764.8810068649886	368.5263157894737	segmented_cell	cancer_core
TONIC_TMA15_R10C1	989.5180722891566	835.9799196787149	segmented_cell	cancer_core
TONIC_TMA15_R10C1	893.7207207207207	1765.027027027027	segmented_cell	cancer_core
TONIC_TMA15_R10C1	443.9247648902821	1495.5611285266457	segmented_cell	cancer_core
TONIC_TMA15_R10C1	232.44761904761904	1833.0340136054424	segmented_cell	cancer_core
TONIC_TMA15_R10C1	1465.4141689373298	979.9032697547684	segmented_cell	cancer_core
TONIC_TMA15_R10C1	1192.822429906542	69.20560747663552	segmented_cell	cancer_core
TONIC_TMA15_R10C1	1716.6265060240964	740.9322289156627	segmented_cell	cancer_core
TONIC_TMA15_R10C1	1052.512249443207	892.0022271714922	segmented_cell	cancer_core
TONIC_TMA15_R10C1	339.4493670886076	977.5253164556962	segmented_cell	cancer_border
TONIC_TMA15_R10C1	1122.4433962264152	880.7334905660377	segmented_cell	cancer_core
TONIC_TMA15_R10C1	864.3159463487332	766.9687034277198	segmented_cell	cancer_core
TONIC_TMA15_R10C1	1820.416326530612	895.3632653061225	segmented_cell	cancer_core
TONIC_TMA15_R10C1	1191.4396355353076	1136.617312072893	segmented_cell	cancer_core
TONIC_TMA15_R10C1	184.9706275033378	851.6515353805073	segmented_cell	cancer_core
TONIC_TMA15_R10C1	1496.9848484848485	1757.246753246753	segmented_cell	cancer_border
TONIC_TMA15_R10C1	1117.580357142857	710.8392857142857	segmented_cell	cancer_core
TONIC_TMA15_R10C1	66.27669902912622	1067.0849514563106	segmented_cell	cancer_core
TONIC_TMA15_R10C1	2035.391304347826	228.36024844720495	segmented_cell	cancer_core
TONIC_TMA15_R10C1	1139.7228260869565	876.8260869565217	segmented_cell	cancer_core
TONIC_TMA15_R10C1	1463.381679389313	1225.9770992366412	segmented_cell	cancer_core
TONIC_TMA15_R10C1	1566.1494252873565	407.0379310344828	segmented_cell	cancer_core
TONIC_TMA15_R10C1	1770.717791411043	1673.1411042944785	segmented_cell	cancer_core
TONIC_TMA15_R10C1	245.16458333333333	1463.7520833333333	segmented_cell	cancer_core
TONIC_TMA15_R10C1	440.94670846394985	930.5987460815048	segmented_cell	stroma_core
TONIC_TMA15_R10C1	788.7878787878788	1411.448484848485	segmented_cell	cancer_core
TONIC_TMA15_R10C1	1713.9443099273608	1332.8910411622276	segmented_cell	cancer_core
TONIC_TMA15_R10C1	189.524115755627	247.60450160771703	segmented_cell	cancer_core
TONIC_TMA15_R10C1	1687.2623456790122	61.26851851851852	segmented_cell	cancer_core
TONIC_TMA15_R10C1	1835.571428571429	594.8072562358277	segmented_cell	cancer_core
TONIC_TMA15_R10C1	1367.848888888889	115.60888888888888	segmented_cell	cancer_core
TONIC_TMA15_R10C1	898.0403225806451	1304.782258064516	segmented_cell	cancer_core
TONIC_TMA15_R10C1	754.2254196642685	616.1750599520384	segmented_cell	cancer_core
TONIC_TMA15_R10C1	1367.443076923077	735.7307692307693	segmented_cell	cancer_core
TONIC_TMA15_R10C1	764.0472972972973	1816.912162162162	segmented_cell	cancer_core
TONIC_TMA15_R10C1	1912.1712962962963	477.7013888888889	segmented_cell	cancer_core
TONIC_TMA15_R10C1	696.6078431372549	74.97254901960784	segmented_cell	cancer_core
TONIC_TMA15_R10C1	855.6824925816023	715.9080118694362	segmented_cell	cancer_core
TONIC_TMA15_R10C1	941.0919395465996	307.867758186398	segmented_cell	cancer_border
TONIC_TMA15_R10C1	612.3068783068783	1658.6851851851852	segmented_cell	cancer_core
TONIC_TMA15_R10C1	135.4860681114551	1812.3808049535603	segmented_cell	cancer_core
TONIC_TMA15_R10C1	581.2232620320856	252.2927807486631	segmented_cell	cancer_core
TONIC_TMA15_R10C1	682.8878676470588	150.4485294117647	segmented_cell	cancer_core
TONIC_TMA15_R10C1	1691.351598173516	877.804794520548	segmented_cell	cancer_core
TONIC_TMA15_R10C1	51.09274193548387	1663.514112903226	segmented_cell	cancer_core
TONIC_TMA15_R10C1	875.9400218102509	217.25627044711013	segmented_cell	cancer_core
TONIC_TMA15_R10C1	199.35284280936452	515.5183946488295	segmented_cell	cancer_core
TONIC_TMA15_R10C1	562.2995780590717	1790.5949367088608	segmented_cell	cancer_core
TONIC_TMA15_R10C1	1727.314606741573	656.0842696629213	segmented_cell	cancer_core
TONIC_TMA15_R10C1	1489.968992248062	1671.077519379845	segmented_cell	cancer_core
TONIC_TMA15_R10C1	2039.72027972028	76.66783216783217	segmented_cell	cancer_core
TONIC_TMA15_R10C1	763.8227848101266	2000.481012658228	segmented_cell	cancer_core
TONIC_TMA15_R10C1	646.5473684210526	1545.1515789473683	segmented_cell	cancer_core
TONIC_TMA15_R10C1	362.9709090909091	915.4363636363636	segmented_cell	stroma_border
TONIC_TMA15_R10C1	1975.8560794044663	1239.2307692307693	segmented_cell	cancer_core
TONIC_TMA15_R10C1	1475.16592920354	1293.1316371681417	segmented_cell	cancer_core
TONIC_TMA15_R10C1	1694.3520599250935	1713.411985018727	segmented_cell	cancer_core
TONIC_TMA15_R10C1	1690.0421792618629	1148.3321616871706	segmented_cell	cancer_core
TONIC_TMA15_R10C1	690.1821631878557	570.5407969639468	segmented_cell	cancer_core
TONIC_TMA15_R10C1	1887.7755102040817	2014.571428571429	segmented_cell	cancer_core
TONIC_TMA15_R10C1	887.8747099767982	454.6345707656613	segmented_cell	cancer_core
TONIC_TMA15_R10C1	1176.1223241590214	914.9938837920488	segmented_cell	cancer_core
TONIC_TMA15_R10C1	1061.052795031056	812.027950310559	segmented_cell	cancer_core
TONIC_TMA15_R10C1	801.8812154696133	801.8370165745856	segmented_cell	cancer_core
TONIC_TMA15_R10C1	36.44186046511628	700.5581395348837	segmented_cell	cancer_core
TONIC_TMA15_R10C1	484.3145539906103	642.9530516431925	segmented_cell	cancer_core
TONIC_TMA15_R10C1	951.594674556213	810.2781065088758	segmented_cell	cancer_core
TONIC_TMA15_R10C1	615.254970760234	1950.781286549708	segmented_cell	cancer_core
TONIC_TMA15_R10C1	1059.5404896421846	1379.19209039548	segmented_cell	cancer_core
TONIC_TMA15_R10C1	1679.832495812395	784.894472361809	segmented_cell	cancer_core
TONIC_TMA15_R10C1	576.03125	54.575	segmented_cell	cancer_border
TONIC_TMA15_R10C1	1003.7085020242916	93.23886639676114	segmented_cell	cancer_core
TONIC_TMA15_R10C1	1332.2262443438915	1850.6877828054296	segmented_cell	cancer_core
TONIC_TMA15_R10C1	421.72477064220186	1246.8073394495414	segmented_cell	cancer_core
TONIC_TMA15_R10C1	737.4807121661721	490.3382789317507	segmented_cell	cancer_border
TONIC_TMA15_R10C1	1271.1144278606964	2042.1492537313436	segmented_cell	cancer_core
TONIC_TMA15_R10C1	541.3112582781457	514.476821192053	segmented_cell	cancer_core
TONIC_TMA15_R10C1	1577.4037328094305	459.4125736738703	segmented_cell	cancer_core
TONIC_TMA15_R10C1	106.33628318584071	383.2530973451328	segmented_cell	cancer_core
TONIC_TMA15_R10C1	808.6655405405405	1629.8344594594594	segmented_cell	cancer_core
TONIC_TMA15_R10C1	1930.3477218225416	1142.3717026378897	segmented_cell	cancer_core
TONIC_TMA15_R10C1	300.54185022026434	122.47136563876651	segmented_cell	cancer_core
TONIC_TMA15_R10C1	1052.7887931034484	1743.521551724138	segmented_cell	cancer_core
TONIC_TMA15_R10C1	1907.5392156862745	133.21813725490196	segmented_cell	cancer_core
TONIC_TMA15_R10C1	869.762114537445	712.3920704845815	segmented_cell	cancer_core
TONIC_TMA15_R10C1	2042.845744680851	168.9468085106383	segmented_cell	cancer_core
TONIC_TMA15_R10C1	898.230946882217	564.7990762124712	segmented_cell	cancer_core
TONIC_TMA15_R10C1	1509.6909090909091	1334.8545454545454	segmented_cell	cancer_core
TONIC_TMA15_R10C1	1777.8294701986756	1366.4056291390727	segmented_cell	cancer_border
TONIC_TMA15_R10C1	908.8976744186048	1697.7441860465117	segmented_cell	cancer_core
TONIC_TMA15_R10C1	382.274647887324	215.98356807511735	segmented_cell	cancer_core
TONIC_TMA15_R10C1	523.2618343195267	1196.3431952662722	segmented_cell	cancer_core
TONIC_TMA15_R10C1	358.6275510204082	183.49489795918367	segmented_cell	cancer_core
TONIC_TMA15_R10C1	1388.691011235955	946.0280898876404	segmented_cell	cancer_core
TONIC_TMA15_R10C1	1289.6580459770114	492.5545977011494	segmented_cell	cancer_core
TONIC_TMA15_R10C1	173.10320284697508	877.5213523131673	segmented_cell	cancer_core
TONIC_TMA15_R10C1	1411.7557603686637	529.8387096774194	segmented_cell	cancer_core
TONIC_TMA15_R10C1	1221.3887973640856	747.7380560131795	segmented_cell	cancer_core
TONIC_TMA15_R10C1	1819.511304347826	845.6921739130435	segmented_cell	cancer_core
TONIC_TMA15_R10C1	509.364238410596	1350.2781456953642	segmented_cell	cancer_core
TONIC_TMA15_R10C1	1515.7768595041323	915.099173553719	segmented_cell	cancer_core
TONIC_TMA15_R10C1	1275.879858657244	346.9505300353357	segmented_cell	cancer_core
TONIC_TMA15_R10C1	1790.5208333333333	1123.8375	segmented_cell	cancer_core
TONIC_TMA15_R10C1	868.5425101214574	1463.8906882591093	segmented_cell	cancer_core
TONIC_TMA15_R10C1	1478.5807504078302	1815.84176182708	segmented_cell	cancer_border
TONIC_TMA15_R10C1	1882.4117647058824	1632.9899569583931	segmented_cell	cancer_core
TONIC_TMA15_R10C1	1563.1693121693122	1979.968253968254	segmented_cell	cancer_border
TONIC_TMA15_R10C1	963.1068702290077	92.5470737913486	segmented_cell	cancer_core
TONIC_TMA15_R10C1	1499.4497991967871	1458.55421686747	segmented_cell	cancer_core
TONIC_TMA15_R10C1	1975.4623217922608	364.28309572301424	segmented_cell	cancer_core
TONIC_TMA15_R10C1	1287.1336206896551	1172.6422413793102	segmented_cell	cancer_core
TONIC_TMA15_R10C1	1377.6042428675933	1781.480614484272	segmented_cell	cancer_core
TONIC_TMA15_R10C1	1544.764397905759	188.91884816753927	segmented_cell	cancer_core
TONIC_TMA15_R10C1	773.6860068259385	1781.1535836177477	segmented_cell	cancer_core
TONIC_TMA15_R10C1	1029.783464566929	1518.721784776903	segmented_cell	cancer_core
TONIC_TMA15_R10C1	922.371196754564	1804.523326572008	segmented_cell	cancer_core
TONIC_TMA15_R10C1	471.264367816092	1578.3333333333333	segmented_cell	cancer_core
TONIC_TMA15_R10C1	994.029304029304	1739.6043956043957	segmented_cell	cancer_core
TONIC_TMA15_R10C1	339.8375	1126.575	segmented_cell	cancer_core
TONIC_TMA15_R10C1	1263.749373433584	1846.3233082706768	segmented_cell	cancer_core
TONIC_TMA15_R10C1	1252.5681818181818	1596.5681818181818	segmented_cell	cancer_core
TONIC_TMA15_R10C1	1477.361581920904	191.72316384180792	segmented_cell	cancer_core
TONIC_TMA15_R10C1	939.9571428571428	1017.0428571428572	segmented_cell	cancer_core
TONIC_TMA15_R10C1	1647.388429752066	743.8636363636364	segmented_cell	cancer_core
TONIC_TMA15_R10C1	746.2167832167833	825.5996503496503	segmented_cell	cancer_core
TONIC_TMA15_R10C1	1473.0066476733143	225.7730294396961	segmented_cell	cancer_core
TONIC_TMA15_R10C1	1711.1283292978208	685.7675544794189	segmented_cell	cancer_core
TONIC_TMA15_R10C1	746.3784722222222	1584.414351851852	segmented_cell	cancer_core
TONIC_TMA15_R10C1	200.35172413793103	575.9362068965518	segmented_cell	cancer_core
TONIC_TMA15_R10C1	1170.83024691358	378.7314814814815	segmented_cell	cancer_core
TONIC_TMA15_R10C1	1334.7834036568213	1366.139240506329	segmented_cell	cancer_border
TONIC_TMA15_R10C1	1170.5274390243903	1716.2134146341464	segmented_cell	cancer_core
TONIC_TMA15_R10C1	1325.3401015228426	1947.5516074450084	segmented_cell	cancer_core
TONIC_TMA15_R10C1	1302.8216783216783	1455.3776223776224	segmented_cell	cancer_core
TONIC_TMA15_R10C1	1128.1744680851064	1094.8297872340424	segmented_cell	cancer_core
TONIC_TMA15_R10C1	2022.8125	939.9791666666666	segmented_cell	cancer_core
TONIC_TMA15_R10C1	1828.2063492063487	529.6412698412698	segmented_cell	cancer_core
TONIC_TMA15_R10C1	1263.374193548387	1767.8903225806453	segmented_cell	cancer_core
TONIC_TMA15_R10C1	1311.3934942287513	1973.5362014690447	segmented_cell	cancer_core
TONIC_TMA15_R10C1	682.4819277108434	1221.379518072289	segmented_cell	cancer_core
TONIC_TMA15_R10C1	787.4535256410256	933.5496794871794	segmented_cell	cancer_core
TONIC_TMA15_R10C1	1083.6456140350876	515.1280701754386	segmented_cell	cancer_core
TONIC_TMA15_R10C1	193.51056910569105	1828.2552845528453	segmented_cell	cancer_core
TONIC_TMA15_R10C1	1826.6727642276423	733.2256097560976	segmented_cell	cancer_core
TONIC_TMA15_R10C1	406.9178082191781	406.71232876712327	segmented_cell	cancer_core
TONIC_TMA15_R10C1	1526.54475308642	218.42592592592592	segmented_cell	cancer_core
TONIC_TMA15_R10C1	719.2704081632653	946.9948979591836	segmented_cell	cancer_core
TONIC_TMA15_R10C1	122.30798479087451	1761.6939163498098	segmented_cell	cancer_core
TONIC_TMA15_R10C1	1479.980417754569	1973.5169712793731	segmented_cell	cancer_core
TONIC_TMA15_R10C1	1925.7076167076168	120.3980343980344	segmented_cell	cancer_core
TONIC_TMA15_R10C1	687.0311526479751	1392.1433021806854	segmented_cell	cancer_core
TONIC_TMA15_R10C1	409.2567567567568	1018.7297297297296	segmented_cell	cancer_border
TONIC_TMA15_R10C1	1921.4986945169712	197.25848563968668	segmented_cell	cancer_core
TONIC_TMA15_R10C1	1678.088888888889	2.888888888888889	segmented_cell	cancer_core
TONIC_TMA15_R10C1	210.07159177456208	1583.88575780655	segmented_cell	cancer_core
TONIC_TMA15_R10C1	2041.5993690851733	610.1482649842271	segmented_cell	cancer_core
TONIC_TMA15_R10C1	1789.9736842105262	1902.684210526316	segmented_cell	cancer_border
TONIC_TMA15_R10C1	1440.6066838046272	366.0719794344473	segmented_cell	cancer_core
TONIC_TMA15_R10C1	1073.3686006825938	2029.7201365187716	segmented_cell	cancer_core
TONIC_TMA15_R10C1	79.70879120879121	68.30494505494505	segmented_cell	cancer_core
TONIC_TMA15_R10C1	569.5866141732283	1630.7047244094488	segmented_cell	cancer_core
TONIC_TMA15_R10C1	680.6692015209126	960.2148288973384	segmented_cell	cancer_core
TONIC_TMA15_R10C1	998.334351145038	1085.4656488549615	segmented_cell	cancer_core
TONIC_TMA15_R10C1	501.99285714285713	1837.1	segmented_cell	cancer_core
TONIC_TMA15_R10C1	1716.3108108108108	423.524024024024	segmented_cell	cancer_core
TONIC_TMA15_R10C1	723.6503496503497	321.95337995338	segmented_cell	cancer_core
TONIC_TMA15_R10C1	1331.752625437573	720.9778296382731	segmented_cell	cancer_core
TONIC_TMA15_R10C1	561.6134969325153	1518.579754601227	segmented_cell	cancer_core
TONIC_TMA15_R10C1	1013.2809430255404	314.475442043222	segmented_cell	stroma_border
TONIC_TMA15_R10C1	488.8950819672131	1591.4065573770492	segmented_cell	cancer_core
TONIC_TMA15_R10C1	787.3795093795094	1872.4372294372292	segmented_cell	cancer_core
TONIC_TMA15_R10C1	1354.7247557003257	1076.9527687296418	segmented_cell	cancer_core
TONIC_TMA15_R10C1	61.89364844903988	824.1979320531758	segmented_cell	cancer_core
TONIC_TMA15_R10C1	1219.400742115028	1275.287569573284	segmented_cell	cancer_core
TONIC_TMA15_R10C1	866.648604269294	1159.0656814449917	segmented_cell	cancer_core
TONIC_TMA15_R10C1	1058.044052863436	661.0132158590309	segmented_cell	cancer_core
TONIC_TMA15_R10C1	1960.1296296296296	1066.550925925926	segmented_cell	cancer_core
TONIC_TMA15_R10C1	1211.0	1563.3896103896104	segmented_cell	cancer_core
TONIC_TMA15_R10C1	516.8271186440678	1489.0033898305085	segmented_cell	cancer_core
TONIC_TMA15_R10C1	758.3195020746888	286.98340248962654	segmented_cell	cancer_core
TONIC_TMA15_R10C1	1753.9685534591194	784.2767295597484	segmented_cell	cancer_core
TONIC_TMA15_R10C1	1694.421926910299	1026.3588039867109	segmented_cell	cancer_core
TONIC_TMA15_R10C1	1850.5600933488915	998.5040840140024	segmented_cell	cancer_core
TONIC_TMA15_R10C1	423.8967065868263	1736.0973053892214	segmented_cell	cancer_core
TONIC_TMA15_R10C1	458.42745098039217	1387.7725490196078	segmented_cell	cancer_core
TONIC_TMA15_R10C1	339.34697217675944	1187.2618657937808	segmented_cell	cancer_core
TONIC_TMA15_R10C1	1516.1859649122807	1208.7228070175438	segmented_cell	cancer_core
TONIC_TMA15_R10C1	1514.7857142857142	320.5	segmented_cell	cancer_core
TONIC_TMA15_R10C1	909.0882352941176	791.0	segmented_cell	cancer_core
TONIC_TMA15_R10C1	1037.6910569105692	656.8634146341464	segmented_cell	cancer_core
TONIC_TMA15_R10C1	1260.9495798319329	1682.3557422969188	segmented_cell	cancer_core
TONIC_TMA15_R10C1	819.3686786296901	1120.0179445350734	segmented_cell	cancer_core
TONIC_TMA15_R10C1	1111.025920873124	930.5197817189631	segmented_cell	cancer_core
TONIC_TMA15_R10C1	1506.717032967033	670.8681318681319	segmented_cell	cancer_core
TONIC_TMA15_R10C1	1871.9623287671236	1833.1780821917807	segmented_cell	cancer_core
TONIC_TMA15_R10C1	189.29830508474572	1403.3084745762712	segmented_cell	cancer_core
TONIC_TMA15_R10C1	885.1263940520446	1227.5278810408922	segmented_cell	cancer_core
TONIC_TMA15_R10C1	1821.4615384615383	1983.991452991453	segmented_cell	cancer_border
TONIC_TMA15_R10C1	992.5146443514644	258.255230125523	segmented_cell	cancer_border
TONIC_TMA15_R10C1	1747.6265060240964	120.81755593803788	segmented_cell	cancer_core
TONIC_TMA15_R10C1	1010.0292887029289	474.4225941422594	segmented_cell	cancer_border
TONIC_TMA15_R10C1	486.87414500684	193.6073871409029	segmented_cell	cancer_core
TONIC_TMA15_R10C1	1338.0728476821191	46.78476821192053	segmented_cell	cancer_core
TONIC_TMA15_R10C1	359.2630410654828	1936.3940066592677	segmented_cell	cancer_core
TONIC_TMA15_R10C1	932.0170454545456	1549.4431818181818	segmented_cell	cancer_core
TONIC_TMA15_R10C1	1679.7135135135136	1992.464864864865	segmented_cell	stroma_border
TONIC_TMA15_R10C1	1064.1163636363635	505.2327272727273	segmented_cell	cancer_core
TONIC_TMA15_R10C1	40.50537634408602	568.9856630824373	segmented_cell	cancer_core
TONIC_TMA15_R10C1	975.5226130653266	1489.4522613065326	segmented_cell	cancer_core
TONIC_TMA15_R10C1	777.2058823529412	1684.071428571429	segmented_cell	cancer_core
TONIC_TMA15_R10C1	1879.1898148148148	256.744212962963	segmented_cell	cancer_core
TONIC_TMA15_R10C1	1596.32	745.3422222222222	segmented_cell	cancer_core
TONIC_TMA15_R10C1	973.7952522255192	741.5519287833828	segmented_cell	cancer_core
TONIC_TMA15_R10C1	569.0334928229665	548.9824561403509	segmented_cell	cancer_core
TONIC_TMA15_R10C1	1714.8736059479554	1027.8736059479554	segmented_cell	cancer_core
TONIC_TMA15_R10C1	1702.2835820895525	1900.2425373134329	segmented_cell	stroma_border
TONIC_TMA15_R10C1	1034.808586762075	525.5831842576029	segmented_cell	cancer_core
TONIC_TMA15_R10C1	171.28127853881278	1930.345205479452	segmented_cell	cancer_core
TONIC_TMA15_R10C1	145.65347885402457	1340.2810368349249	segmented_cell	cancer_core
TONIC_TMA15_R10C1	235.3507462686567	766.1604477611941	segmented_cell	cancer_core
TONIC_TMA15_R10C1	713.3501945525292	849.5758754863813	segmented_cell	cancer_core
TONIC_TMA15_R10C1	1293.592356687898	1609.4968152866245	segmented_cell	cancer_core
TONIC_TMA15_R10C1	1170.1145833333333	957.7152777777778	segmented_cell	cancer_core
TONIC_TMA15_R10C1	1899.688311688312	1865.3532467532468	segmented_cell	cancer_core
TONIC_TMA15_R10C1	1637.1935483870968	1231.888888888889	segmented_cell	cancer_core
TONIC_TMA15_R10C1	1786.6153846153843	1882.3461538461536	segmented_cell	cancer_core
TONIC_TMA15_R10C1	798.6314325452016	438.4450625869263	segmented_cell	cancer_border
TONIC_TMA15_R10C1	739.9111111111112	426.24444444444447	segmented_cell	cancer_border
TONIC_TMA15_R10C1	460.1995884773663	166.99794238683128	segmented_cell	cancer_core
TONIC_TMA15_R10C1	1305.215976331361	144.8905325443787	segmented_cell	cancer_core
TONIC_TMA15_R10C1	718.9818181818182	498.9272727272728	segmented_cell	cancer_border
TONIC_TMA15_R10C1	1310.7175824175824	1322.8692307692309	segmented_cell	cancer_border
TONIC_TMA15_R10C1	1015.9289940828404	165.9775147928994	segmented_cell	cancer_core
TONIC_TMA15_R10C1	2034.373482726424	1881.202614379085	segmented_cell	cancer_core
TONIC_TMA15_R10C1	1831.6976744186047	355.84355179704016	segmented_cell	cancer_core
TONIC_TMA15_R10C1	908.408256880734	666.0183486238532	segmented_cell	cancer_core
TONIC_TMA15_R10C1	1273.6078431372548	1559.9607843137255	segmented_cell	cancer_core
TONIC_TMA15_R10C1	1578.3871866295265	174.76601671309191	segmented_cell	cancer_core
TONIC_TMA15_R10C1	242.48356807511735	730.8075117370892	segmented_cell	cancer_core
TONIC_TMA15_R10C1	860.8064516129032	1923.5284178187403	segmented_cell	cancer_core
TONIC_TMA15_R10C1	1218.1166380789025	963.0583190394512	segmented_cell	cancer_core
TONIC_TMA15_R10C1	527.5454545454545	1478.185950413223	segmented_cell	cancer_core
TONIC_TMA15_R10C1	771.2450980392157	1595.936274509804	segmented_cell	cancer_core
TONIC_TMA15_R10C1	622.8045602605863	148.1840390879479	segmented_cell	cancer_core
TONIC_TMA15_R10C1	278.56962025316454	449.24050632911394	segmented_cell	cancer_core
TONIC_TMA15_R10C1	13.126712328767123	1689.5667808219175	segmented_cell	cancer_core
TONIC_TMA15_R10C1	1789.3270440251572	1266.3459119496856	segmented_cell	cancer_border
TONIC_TMA15_R10C1	132.0310734463277	215.6073446327684	segmented_cell	cancer_core
TONIC_TMA15_R10C1	773.3424657534247	1830.4520547945208	segmented_cell	cancer_core
TONIC_TMA15_R10C1	529.7	761.4645833333333	segmented_cell	cancer_core
TONIC_TMA15_R10C1	261.5323033707865	1893.3651685393256	segmented_cell	cancer_core
TONIC_TMA15_R10C1	876.887323943662	1433.5613682092555	segmented_cell	cancer_core
TONIC_TMA15_R10C1	1762.2719465648854	601.4541984732824	segmented_cell	cancer_core
TONIC_TMA15_R10C1	1296.672619047619	244.4404761904762	segmented_cell	cancer_core
TONIC_TMA15_R10C1	1946.1310344827589	1780.4724137931034	segmented_cell	cancer_core
TONIC_TMA15_R10C1	498.8497807017544	1767.640350877193	segmented_cell	cancer_core
TONIC_TMA15_R10C1	699.864705882353	482.6764705882353	segmented_cell	cancer_border
TONIC_TMA15_R10C1	1139.814360770578	512.7425569176883	segmented_cell	cancer_core
TONIC_TMA15_R10C1	2036.3181189488243	1250.4591977869986	segmented_cell	cancer_core
TONIC_TMA15_R10C1	667.5428571428571	414.1190476190476	segmented_cell	cancer_border
TONIC_TMA15_R10C1	1047.5675675675675	1524.6351351351352	segmented_cell	cancer_core
TONIC_TMA15_R10C1	1121.134357005758	193.6295585412668	segmented_cell	cancer_core
TONIC_TMA15_R10C1	1004.873015873016	617.5608465608466	segmented_cell	cancer_core
TONIC_TMA15_R10C1	444.99325463743673	1091.529510961214	segmented_cell	cancer_core
TONIC_TMA15_R10C1	1240.9251700680272	323.4251700680272	segmented_cell	cancer_core
TONIC_TMA15_R10C1	1611.5692771084337	793.7861445783133	segmented_cell	cancer_core
TONIC_TMA15_R10C1	198.57142857142856	1007.2285714285714	segmented_cell	cancer_core
TONIC_TMA15_R10C1	513.4302600472813	1824.39243498818	segmented_cell	cancer_core
TONIC_TMA15_R10C1	173.5394190871369	388.7634854771785	segmented_cell	cancer_core
TONIC_TMA15_R10C1	777.6372549019608	1668.7843137254902	segmented_cell	cancer_core
TONIC_TMA15_R10C1	1846.2131147540983	1475.013661202186	segmented_cell	cancer_core
TONIC_TMA15_R10C1	1153.4244186046512	1034.6627906976744	segmented_cell	cancer_core
TONIC_TMA15_R10C1	1279.946428571429	33.50892857142857	segmented_cell	cancer_core
TONIC_TMA15_R10C1	299.1140552995392	429.7062211981567	segmented_cell	cancer_core
TONIC_TMA15_R10C1	741.9224137931035	1504.25	segmented_cell	cancer_core
TONIC_TMA15_R10C1	286.899416909621	548.8862973760932	segmented_cell	cancer_core
TONIC_TMA15_R10C1	2043.8365384615383	1522.8076923076924	segmented_cell	cancer_core
TONIC_TMA15_R10C1	615.4854368932039	901.0679611650486	segmented_cell	cancer_core
TONIC_TMA15_R10C1	1951.802681992337	1018.1130268199232	segmented_cell	cancer_core
TONIC_TMA15_R10C1	1786.9065155807366	10.286118980169972	segmented_cell	cancer_core
TONIC_TMA15_R10C1	566.4221748400853	828.5522388059702	segmented_cell	cancer_border
TONIC_TMA15_R10C1	1782.2297297297298	968.027027027027	segmented_cell	cancer_core
TONIC_TMA15_R10C1	1222.8207547169811	14.572327044025156	segmented_cell	cancer_core
TONIC_TMA15_R10C1	2018.177966101695	976.8912429378532	segmented_cell	cancer_core
TONIC_TMA15_R10C1	1019.2275	883.525	segmented_cell	cancer_core
TONIC_TMA15_R10C1	1315.3987603305786	382.9669421487603	segmented_cell	cancer_core
TONIC_TMA15_R10C1	202.0361010830325	1744.2346570397112	segmented_cell	cancer_core
TONIC_TMA15_R10C1	144.13247863247864	1038.3390313390314	segmented_cell	cancer_core
TONIC_TMA15_R10C1	881.8725761772853	15.858725761772853	segmented_cell	cancer_core
TONIC_TMA15_R10C1	684.8526970954357	1563.4315352697097	segmented_cell	cancer_core
TONIC_TMA15_R10C1	522.0	235.64150943396223	segmented_cell	cancer_core
TONIC_TMA15_R10C1	244.57692307692307	613.6307692307693	segmented_cell	cancer_core
TONIC_TMA15_R10C1	1702.3619302949062	1797.6058981233243	segmented_cell	cancer_core
TONIC_TMA15_R10C1	1462.1184668989547	1445.595818815331	segmented_cell	cancer_core
TONIC_TMA15_R10C1	366.9759188846641	1175.2712294043092	segmented_cell	cancer_core
TONIC_TMA15_R10C1	1779.523156089194	573.6174957118353	segmented_cell	cancer_core
TONIC_TMA15_R10C1	1559.865060240964	1746.2265060240964	segmented_cell	cancer_border
TONIC_TMA15_R10C1	668.0700218818381	278.1181619256017	segmented_cell	cancer_border
TONIC_TMA15_R10C1	417.9608938547486	1035.0837988826815	segmented_cell	cancer_core
TONIC_TMA15_R10C1	1073.622009569378	8.291866028708133	segmented_cell	cancer_core
TONIC_TMA15_R10C1	482.60267857142856	508.2723214285714	segmented_cell	cancer_core
TONIC_TMA15_R10C1	1186.5335753176043	620.7259528130671	segmented_cell	cancer_core
TONIC_TMA15_R10C1	505.68055555555554	1101.800925925926	segmented_cell	cancer_core
TONIC_TMA15_R10C1	1564.9402985074628	566.334328358209	segmented_cell	cancer_core
TONIC_TMA15_R10C1	1173.4170305676855	849.0021834061135	segmented_cell	cancer_core
TONIC_TMA15_R10C1	1295.5378486055777	1164.7211155378486	segmented_cell	cancer_core
TONIC_TMA15_R10C1	1860.584713375796	585.4751592356688	segmented_cell	cancer_core
TONIC_TMA15_R10C1	1494.0503412969283	748.6382252559727	segmented_cell	cancer_core
TONIC_TMA15_R10C1	818.0898123324397	198.28686327077747	segmented_cell	cancer_core
TONIC_TMA15_R10C1	236.8385093167702	1112.7184265010353	segmented_cell	cancer_core
TONIC_TMA15_R10C1	384.6039603960396	1325.009900990099	segmented_cell	cancer_core
TONIC_TMA15_R10C1	1713.1679389312976	1254.8645038167938	segmented_cell	cancer_core
TONIC_TMA15_R10C1	94.99724517906336	1721.7961432506886	segmented_cell	cancer_core
TONIC_TMA15_R10C1	1547.0494880546075	515.0034129692833	segmented_cell	cancer_core
TONIC_TMA15_R10C1	1935.626598465473	98.52941176470588	segmented_cell	cancer_core
TONIC_TMA15_R10C1	508.2983050847458	1615.728813559322	segmented_cell	cancer_core
TONIC_TMA15_R10C1	640.6590257879656	74.12893982808023	segmented_cell	cancer_core
TONIC_TMA15_R10C1	1632.112745098039	823.5784313725491	segmented_cell	cancer_core
TONIC_TMA15_R10C1	598.9447236180905	1805.0226130653264	segmented_cell	cancer_core
TONIC_TMA15_R10C1	977.7874396135264	1663.536231884058	segmented_cell	cancer_core
TONIC_TMA15_R10C1	329.07	1058.23	segmented_cell	cancer_core
TONIC_TMA15_R10C1	1298.734649122807	207.65350877192984	segmented_cell	cancer_core
TONIC_TMA15_R10C1	360.5830115830116	1061.2664092664093	segmented_cell	cancer_core
TONIC_TMA15_R10C1	481.946261682243	1632.857476635514	segmented_cell	cancer_core
TONIC_TMA15_R10C1	1502.259493670886	1163.8481012658228	segmented_cell	cancer_core
TONIC_TMA15_R10C1	550.025069637883	908.4679665738162	segmented_cell	stroma_border
TONIC_TMA15_R10C1	185.40941176470588	329.44941176470587	segmented_cell	cancer_core
TONIC_TMA15_R10C1	1656.2765151515152	905.7045454545456	segmented_cell	cancer_core
TONIC_TMA15_R10C1	670.1465517241379	235.61637931034485	segmented_cell	cancer_core
TONIC_TMA15_R10C1	1938.5238095238096	1265.2568922305763	segmented_cell	cancer_core
TONIC_TMA15_R10C1	120.60039761431412	906.7455268389662	segmented_cell	cancer_core
TONIC_TMA15_R10C1	1944.549668874172	37.658940397351	segmented_cell	cancer_core
TONIC_TMA15_R10C1	1375.223300970874	2039.029126213592	segmented_cell	cancer_core
TONIC_TMA15_R10C1	1346.638888888889	4.902777777777778	segmented_cell	cancer_core
TONIC_TMA15_R10C1	145.6828282828283	501.6909090909091	segmented_cell	cancer_core
TONIC_TMA15_R10C1	437.1111111111111	534.8518518518518	segmented_cell	cancer_core
TONIC_TMA15_R10C1	19.85766423357664	1487.3695255474452	segmented_cell	cancer_core
TONIC_TMA15_R10C1	1395.9060606060607	526.5090909090909	segmented_cell	cancer_core
TONIC_TMA15_R10C1	387.67676767676767	1739.111111111111	segmented_cell	cancer_core
TONIC_TMA15_R10C1	1306.2391304347825	1995.934782608696	segmented_cell	cancer_core
TONIC_TMA15_R10C1	1272.9	1994.6465116279069	segmented_cell	cancer_core
TONIC_TMA15_R10C1	111.8508064516129	1706.163306451613	segmented_cell	cancer_core
TONIC_TMA15_R10C1	1503.6708860759493	1360.1962025316457	segmented_cell	cancer_core
TONIC_TMA15_R10C1	220.00816802800463	720.5274212368728	segmented_cell	cancer_core
TONIC_TMA15_R10C1	161.875	1577.6942771084337	segmented_cell	cancer_core
TONIC_TMA15_R10C1	766.2196007259528	1564.19056261343	segmented_cell	cancer_core
TONIC_TMA15_R10C1	883.6592592592592	423.4888888888889	segmented_cell	cancer_core
TONIC_TMA15_R10C1	1837.135635018496	915.469790382244	segmented_cell	cancer_core
TONIC_TMA15_R10C1	46.903640256959314	637.5139186295503	segmented_cell	cancer_core
TONIC_TMA15_R10C1	1734.8363636363636	495.6805194805195	segmented_cell	cancer_core
TONIC_TMA15_R10C1	817.7463976945245	768.0345821325649	segmented_cell	cancer_core
TONIC_TMA15_R10C1	699.8661016949153	1435.822033898305	segmented_cell	cancer_core
TONIC_TMA15_R10C1	330.4011627906977	10.031976744186046	segmented_cell	cancer_core
TONIC_TMA15_R10C1	650.5546218487395	1365.6764705882354	segmented_cell	cancer_core
TONIC_TMA15_R10C1	1090.8445378151262	1545.7226890756303	segmented_cell	cancer_core
TONIC_TMA15_R10C1	1012.4545454545456	455.47474747474746	segmented_cell	stroma_border
TONIC_TMA15_R10C1	300.72093023255815	1867.3255813953488	segmented_cell	cancer_core
TONIC_TMA15_R10C1	1340.1074249605056	843.9857819905213	segmented_cell	cancer_core
TONIC_TMA15_R10C1	341.70702179176754	1097.9176755447943	segmented_cell	cancer_core
TONIC_TMA15_R10C1	842.0054495912807	919.574931880109	segmented_cell	cancer_core
TONIC_TMA15_R10C1	1984.3065693430656	1354.9172749391728	segmented_cell	cancer_core
TONIC_TMA15_R10C1	1144.4016064257028	661.289156626506	segmented_cell	cancer_core
TONIC_TMA15_R10C1	557.8427947598253	1850.340611353712	segmented_cell	cancer_core
TONIC_TMA15_R10C1	1158.4064885496184	611.5572519083969	segmented_cell	cancer_core
TONIC_TMA15_R10C1	801.0418326693227	378.22709163346616	segmented_cell	cancer_core
TONIC_TMA15_R10C1	875.8548387096774	967.543010752688	segmented_cell	cancer_core
TONIC_TMA15_R10C1	748.0511247443762	1524.161554192229	segmented_cell	cancer_core
TONIC_TMA15_R10C1	1368.2893401015228	304.79187817258884	segmented_cell	cancer_core
TONIC_TMA15_R10C1	1240.9840989399293	1830.1342756183749	segmented_cell	cancer_core
TONIC_TMA15_R10C1	1450.0441898527006	1521.998363338789	segmented_cell	cancer_core
TONIC_TMA15_R10C1	1365.18410041841	1622.1443514644352	segmented_cell	cancer_core
TONIC_TMA15_R10C1	290.304932735426	1878.213004484305	segmented_cell	cancer_core
TONIC_TMA15_R10C1	383.3830508474576	619.7169491525424	segmented_cell	cancer_core
TONIC_TMA15_R10C1	1001.8932926829268	329.7621951219512	segmented_cell	stroma_border
TONIC_TMA15_R10C1	1019.9474285714284	1296.7897142857144	segmented_cell	cancer_core
TONIC_TMA15_R10C1	1052.691756272401	1092.3539426523298	segmented_cell	cancer_core
TONIC_TMA15_R10C1	132.8710644677661	994.9910044977512	segmented_cell	cancer_core
TONIC_TMA15_R10C1	1605.9311377245508	1499.366766467066	segmented_cell	cancer_core
TONIC_TMA15_R10C1	640.5629820051414	873.5784061696658	segmented_cell	cancer_core
TONIC_TMA15_R10C1	934.552	1201.438	segmented_cell	cancer_core
TONIC_TMA15_R10C1	524.3803571428572	1692.4660714285717	segmented_cell	cancer_core
TONIC_TMA15_R10C1	281.53087885985747	1024.0095011876483	segmented_cell	cancer_core
TONIC_TMA15_R10C1	253.05678233438485	504.0283911671924	segmented_cell	cancer_core
TONIC_TMA15_R10C1	1293.005154639175	134.32474226804123	segmented_cell	cancer_core
TONIC_TMA15_R10C1	1659.8716981132077	1475.788679245283	segmented_cell	cancer_core
TONIC_TMA15_R10C1	29.285714285714285	1765.8163265306123	segmented_cell	cancer_core
TONIC_TMA15_R10C1	359.25	1433.2027027027027	segmented_cell	cancer_core
TONIC_TMA15_R10C1	98.45411392405065	526.626582278481	segmented_cell	cancer_core
TONIC_TMA15_R10C1	259.3898858075041	257.0619902120718	segmented_cell	cancer_core
TONIC_TMA15_R10C1	1498.9642857142858	1567.053571428571	segmented_cell	cancer_core
TONIC_TMA15_R10C1	1971.5585106382975	553.9255319148937	segmented_cell	cancer_core
TONIC_TMA15_R10C1	1672.6429840142096	456.158081705151	segmented_cell	cancer_core
TONIC_TMA15_R10C1	1154.1891891891892	680.0216216216216	segmented_cell	cancer_core
TONIC_TMA15_R10C1	6.428030303030303	974.8484848484848	segmented_cell	cancer_core
TONIC_TMA15_R10C1	668.0322580645161	819.3548387096774	segmented_cell	cancer_border
TONIC_TMA15_R10C1	1161.578167115903	741.9824797843665	segmented_cell	cancer_core
TONIC_TMA15_R10C1	1641.8873873873874	636.018018018018	segmented_cell	cancer_core
TONIC_TMA15_R10C1	660.4102564102565	189.970695970696	segmented_cell	cancer_core
TONIC_TMA15_R10C1	1833.282527881041	1802.4684014869888	segmented_cell	cancer_core
TONIC_TMA15_R10C1	1359.4608294930877	208.66820276497697	segmented_cell	cancer_core
TONIC_TMA15_R10C1	285.14385614385617	207.27172827172828	segmented_cell	cancer_core
TONIC_TMA15_R10C1	1277.6619318181818	861.5383522727273	segmented_cell	cancer_core
TONIC_TMA15_R10C1	715.2790697674419	1365.2691029900332	segmented_cell	cancer_core
TONIC_TMA15_R10C1	1465.988950276243	934.9696132596686	segmented_cell	cancer_core
TONIC_TMA15_R10C1	90.69964664310956	901.7773851590106	segmented_cell	cancer_core
TONIC_TMA15_R10C1	1546.418181818182	1230.3636363636365	segmented_cell	cancer_core
TONIC_TMA15_R10C1	783.6651835372636	506.1301446051168	segmented_cell	cancer_border
TONIC_TMA15_R10C1	206.57534246575344	1684.1293759512937	segmented_cell	cancer_core
TONIC_TMA15_R10C1	55.0572625698324	609.1494413407821	segmented_cell	cancer_core
TONIC_TMA15_R10C1	48.10144927536232	1811.9492753623188	segmented_cell	cancer_core
TONIC_TMA15_R10C1	1887.300578034682	128.71676300578034	segmented_cell	cancer_core
TONIC_TMA15_R10C1	1650.1548223350253	176.76142131979697	segmented_cell	cancer_core
TONIC_TMA15_R10C1	1404.3686327077749	492.1112600536193	segmented_cell	cancer_core
TONIC_TMA15_R10C1	1830.172862453532	1770.4842007434945	segmented_cell	cancer_core
TONIC_TMA15_R10C1	1317.2686567164178	1651.6641791044776	segmented_cell	cancer_core
TONIC_TMA15_R10C1	491.23443579766536	1865.3784046692608	segmented_cell	cancer_core
TONIC_TMA15_R10C1	1386.4886191198786	629.6767830045524	segmented_cell	cancer_core
TONIC_TMA15_R10C1	839.6173913043478	543.0573913043478	segmented_cell	cancer_core
TONIC_TMA15_R10C1	1081.6033333333332	197.20333333333332	segmented_cell	cancer_border
TONIC_TMA15_R10C1	1051.58	2018.11	segmented_cell	cancer_core
TONIC_TMA15_R10C1	91.13907284768212	1441.4701986754967	segmented_cell	cancer_core
TONIC_TMA15_R10C1	485.5305719921105	157.11242603550295	segmented_cell	cancer_core
TONIC_TMA15_R10C1	2018.8673139158573	1974.63430420712	segmented_cell	cancer_core
TONIC_TMA15_R10C1	1105.4772727272727	1708.719696969697	segmented_cell	cancer_core
TONIC_TMA15_R10C1	404.3903846153846	1843.501923076923	segmented_cell	cancer_core
TONIC_TMA15_R10C1	1296.2307692307693	514.5512820512821	segmented_cell	cancer_border
TONIC_TMA15_R10C1	539.5732217573221	1914.242677824268	segmented_cell	cancer_core
TONIC_TMA15_R10C1	462.6051502145923	1138.2103004291846	segmented_cell	cancer_core
TONIC_TMA15_R10C1	1080.060975609756	1605.2073170731708	segmented_cell	cancer_core
TONIC_TMA15_R10C1	566.1051136363636	585.6278409090909	segmented_cell	cancer_core
TONIC_TMA15_R10C1	1646.2818181818182	1791.2227272727273	segmented_cell	cancer_border
TONIC_TMA15_R10C1	1390.656618610747	1965.1874180865009	segmented_cell	cancer_core
TONIC_TMA15_R10C1	1576.3900293255133	500.9266862170088	segmented_cell	cancer_core
TONIC_TMA15_R10C1	682.08	1427.1	segmented_cell	cancer_core
TONIC_TMA15_R10C1	609.0485875706215	1014.5502824858758	segmented_cell	cancer_border
TONIC_TMA15_R10C1	1296.52802359882	2041.144542772861	segmented_cell	cancer_core
TONIC_TMA15_R10C1	1693.284593437946	1838.2924393723251	segmented_cell	cancer_border
TONIC_TMA15_R10C1	1478.7820867959372	1523.6602031394275	segmented_cell	cancer_core
TONIC_TMA15_R10C1	968.1372282608696	1403.0828804347825	segmented_cell	cancer_core
TONIC_TMA15_R10C1	1796.7171314741036	143.06374501992033	segmented_cell	cancer_core
TONIC_TMA15_R10C1	1203.1146161934803	1680.358569926393	segmented_cell	cancer_core
TONIC_TMA15_R10C1	8.31015037593985	290.28195488721803	segmented_cell	cancer_core
TONIC_TMA15_R10C1	745.9125	1194.517857142857	segmented_cell	cancer_core
TONIC_TMA15_R10C1	278.316	335.976	segmented_cell	cancer_core
TONIC_TMA15_R10C1	167.5	1182.44	segmented_cell	cancer_core
TONIC_TMA15_R10C1	1510.409090909091	504.0815047021944	segmented_cell	cancer_core
TONIC_TMA15_R10C1	402.2881040892193	471.9795539033457	segmented_cell	cancer_core
TONIC_TMA15_R10C1	235.0054644808743	984.103825136612	segmented_cell	cancer_core
TONIC_TMA15_R10C1	1330.1208791208792	663.7005494505495	segmented_cell	cancer_core
TONIC_TMA15_R10C1	1615.3241379310346	309.6114942528736	segmented_cell	cancer_core
TONIC_TMA15_R10C1	648.1163954943679	1385.7784730913645	segmented_cell	cancer_core
TONIC_TMA15_R10C1	1069.4906832298136	1119.9006211180124	segmented_cell	cancer_core
TONIC_TMA15_R10C1	11.925581395348836	1669.186046511628	segmented_cell	cancer_core
TONIC_TMA15_R10C1	633.8645833333334	1483.9645833333334	segmented_cell	cancer_core
TONIC_TMA15_R10C1	958.7896341463414	2032.1158536585365	segmented_cell	cancer_core
TONIC_TMA15_R10C1	1933.2533632286995	1362.9304932735429	segmented_cell	cancer_core
TONIC_TMA15_R10C1	1769.2764857881136	1550.1925064599484	segmented_cell	cancer_core
TONIC_TMA15_R10C1	1149.54730713246	112.4556040756914	segmented_cell	cancer_core
TONIC_TMA15_R10C1	1081.3089430894308	580.5284552845528	segmented_cell	cancer_core
TONIC_TMA15_R10C1	1571.0981067125645	598.9466437177281	segmented_cell	cancer_core
TONIC_TMA15_R10C1	783.4631578947368	1973.7013157894737	segmented_cell	cancer_core
TONIC_TMA15_R10C1	1680.7073170731708	914.829268292683	segmented_cell	cancer_core
TONIC_TMA15_R10C1	1943.4422310756968	1964.4820717131477	segmented_cell	cancer_core
TONIC_TMA15_R10C1	1794.7781350482314	1569.849946409432	segmented_cell	cancer_core
TONIC_TMA15_R10C1	615.3818181818182	106.15244755244755	segmented_cell	cancer_border
TONIC_TMA15_R10C1	1577.8797687861272	747.671676300578	segmented_cell	cancer_core
TONIC_TMA15_R10C1	346.80958721704394	581.2982689747004	segmented_cell	cancer_core
TONIC_TMA15_R10C1	1430.5825471698113	1854.1037735849056	segmented_cell	cancer_core
TONIC_TMA15_R10C1	761.8177240684794	138.46122860020142	segmented_cell	cancer_core
TONIC_TMA15_R10C1	296.37301587301585	1473.809523809524	segmented_cell	cancer_core
TONIC_TMA15_R10C1	1889.3854748603355	840.9608938547486	segmented_cell	cancer_core
TONIC_TMA15_R10C1	1332.7914438502671	2015.807486631016	segmented_cell	cancer_core
TONIC_TMA15_R10C1	703.2860169491526	270.04025423728814	segmented_cell	cancer_core
TONIC_TMA15_R10C1	1416.6125	253.2458333333333	segmented_cell	cancer_core
TONIC_TMA15_R10C1	604.3932584269663	1905.8426966292132	segmented_cell	cancer_core
TONIC_TMA15_R10C1	1280.292243767313	233.6246537396122	segmented_cell	cancer_core
TONIC_TMA15_R10C1	988.6766467065868	982.0778443113772	segmented_cell	cancer_core
TONIC_TMA15_R10C1	1643.3664122137404	577.0076335877862	segmented_cell	cancer_core
TONIC_TMA15_R10C1	113.89507154213037	177.82193958664547	segmented_cell	cancer_core
TONIC_TMA15_R10C1	630.7813455657492	1262.1299694189602	segmented_cell	cancer_core
TONIC_TMA15_R10C1	824.484	1461.456	segmented_cell	cancer_core
TONIC_TMA15_R10C1	2027.718699186992	101.90081300813009	segmented_cell	cancer_core
TONIC_TMA15_R10C1	285.6338672768879	741.2379862700229	segmented_cell	cancer_core
TONIC_TMA15_R10C1	1843.1094017094017	1081.3452991452991	segmented_cell	cancer_core
TONIC_TMA15_R10C1	1687.2546374367623	1680.2091062394604	segmented_cell	cancer_core
TONIC_TMA15_R10C1	1088.0795454545455	312.60227272727275	segmented_cell	cancer_border
TONIC_TMA15_R10C1	133.78467153284672	1866.616788321168	segmented_cell	cancer_core
TONIC_TMA15_R10C1	26.6010296010296	117.014157014157	segmented_cell	cancer_core
TONIC_TMA15_R10C1	371.6666666666667	1596.5801199657242	segmented_cell	cancer_core
TONIC_TMA15_R10C1	618.9163346613545	393.0338645418327	segmented_cell	cancer_core
TONIC_TMA15_R10C1	1724.5376712328766	103.7054794520548	segmented_cell	cancer_core
TONIC_TMA15_R10C1	940.05047318612	834.192429022082	segmented_cell	cancer_core
TONIC_TMA15_R10C1	503.5567765567766	73.5091575091575	segmented_cell	cancer_core
TONIC_TMA15_R10C1	316.8860353130016	1819.1797752808989	segmented_cell	cancer_core
TONIC_TMA15_R10C1	1594.458064516129	2029.4451612903224	segmented_cell	cancer_border
TONIC_TMA15_R10C1	151.09929078014184	1553.049645390071	segmented_cell	cancer_core
TONIC_TMA15_R10C1	1257.5873786407767	1976.873786407767	segmented_cell	cancer_core
TONIC_TMA15_R10C1	936.2702702702704	1037.5422297297298	segmented_cell	cancer_core
TONIC_TMA15_R10C1	88.5653409090909	1938.7954545454545	segmented_cell	cancer_core
TONIC_TMA15_R10C1	1225.4173913043478	272.7594202898551	segmented_cell	cancer_core
TONIC_TMA15_R10C1	1011.5967741935484	241.69815668202764	segmented_cell	cancer_border
TONIC_TMA15_R10C1	202.5228426395939	1179.01269035533	segmented_cell	cancer_core
TONIC_TMA15_R10C1	1911.9431818181815	495.4318181818182	segmented_cell	cancer_core
TONIC_TMA15_R10C1	1311.07326007326	2025.7692307692307	segmented_cell	cancer_core
TONIC_TMA15_R10C1	1888.3530106257376	445.5926800472255	segmented_cell	cancer_core
TONIC_TMA15_R10C1	1927.1109154929577	383.7112676056338	segmented_cell	cancer_core
TONIC_TMA15_R10C1	1967.0979591836733	1984.726530612245	segmented_cell	cancer_core
TONIC_TMA15_R10C1	168.36776859504133	1330.7685950413222	segmented_cell	cancer_core
TONIC_TMA15_R10C1	1306.877659574468	964.9946808510638	segmented_cell	cancer_core
TONIC_TMA15_R10C1	1895.0795847750865	77.80622837370242	segmented_cell	cancer_core
TONIC_TMA15_R10C1	301.91680532445923	352.50415973377704	segmented_cell	cancer_core
TONIC_TMA15_R10C1	1258.203513909224	913.683748169839	segmented_cell	cancer_core
TONIC_TMA15_R10C1	750.378125	1104.878125	segmented_cell	cancer_core
TONIC_TMA15_R10C1	1703.9728682170542	1226.240310077519	segmented_cell	cancer_core
TONIC_TMA15_R10C1	193.6372950819672	1535.079918032787	segmented_cell	cancer_core
TONIC_TMA15_R10C1	733.6032448377581	19.634218289085545	segmented_cell	cancer_core
TONIC_TMA15_R10C1	1184.0227272727273	1385.3636363636365	segmented_cell	cancer_core
TONIC_TMA15_R10C1	640.8315217391304	1342.25	segmented_cell	cancer_core
TONIC_TMA15_R10C1	9.801261829652995	1090.5725552050474	segmented_cell	cancer_core
TONIC_TMA15_R10C1	688.0953947368421	813.4638157894736	segmented_cell	cancer_core
TONIC_TMA15_R10C1	1208.5234521575985	1899.253283302064	segmented_cell	cancer_core
TONIC_TMA15_R10C1	461.1388415672913	1783.3177172061328	segmented_cell	cancer_core
TONIC_TMA15_R10C1	467.9329268292683	181.9410569105691	segmented_cell	cancer_core
TONIC_TMA15_R10C1	648.7804054054054	963.9679054054054	segmented_cell	cancer_core
TONIC_TMA15_R10C1	19.60766423357664	254.22080291970804	segmented_cell	cancer_core
TONIC_TMA15_R10C1	1226.9134615384614	1211.9711538461538	segmented_cell	cancer_core
TONIC_TMA15_R10C1	965.457627118644	231.05084745762716	segmented_cell	cancer_border
TONIC_TMA15_R10C1	1929.4864864864865	995.972972972973	segmented_cell	cancer_core
TONIC_TMA15_R10C1	872.5811623246493	1608.254509018036	segmented_cell	cancer_core
TONIC_TMA15_R10C1	2026.734345351044	388.30170777988616	segmented_cell	cancer_core
TONIC_TMA15_R10C1	1087.6359338061466	839.4267139479905	segmented_cell	cancer_core
TONIC_TMA15_R10C1	920.8659217877096	127.27932960893855	segmented_cell	cancer_border
TONIC_TMA15_R10C1	6.177049180327868	997.472131147541	segmented_cell	cancer_core
TONIC_TMA15_R10C1	1475.5675675675675	721.447072072072	segmented_cell	cancer_core
TONIC_TMA15_R10C1	1363.3492063492065	1560.851851851852	segmented_cell	cancer_core
TONIC_TMA15_R10C1	1887.1726990692864	1311.9007238883144	segmented_cell	cancer_border
TONIC_TMA15_R10C1	293.2970123022847	1102.8857644991213	segmented_cell	cancer_core
TONIC_TMA15_R10C1	46.39306358381503	737.6493256262042	segmented_cell	cancer_core
TONIC_TMA15_R10C1	1463.01860920666	1253.8217433888344	segmented_cell	cancer_core
TONIC_TMA15_R10C1	1981.6871287128715	343.0158415841584	segmented_cell	cancer_core
TONIC_TMA15_R10C1	1172.841778697001	1213.0599793174767	segmented_cell	cancer_core
TONIC_TMA15_R10C1	1818.8511904761904	1918.5416666666667	segmented_cell	cancer_core
TONIC_TMA15_R10C1	1031.985559566787	69.51985559566786	segmented_cell	cancer_core
TONIC_TMA15_R10C1	1182.2923076923078	327.77076923076925	segmented_cell	cancer_core
TONIC_TMA15_R10C1	258.36103896103896	417.7415584415584	segmented_cell	cancer_core
TONIC_TMA15_R10C1	1613.6083743842364	588.4630541871921	segmented_cell	cancer_core
TONIC_TMA15_R10C1	1406.1075757575757	601.5121212121212	segmented_cell	cancer_core
TONIC_TMA15_R10C1	1425.8161434977578	1173.0560538116592	segmented_cell	cancer_core
TONIC_TMA15_R10C1	1875.6390532544376	2024.1656804733727	segmented_cell	cancer_core
TONIC_TMA15_R10C1	730.6244239631336	619.8963133640553	segmented_cell	cancer_core
TONIC_TMA15_R10C1	733.448742746615	1487.2553191489362	segmented_cell	cancer_core
TONIC_TMA15_R10C1	832.170626349892	565.4362850971922	segmented_cell	cancer_core
TONIC_TMA15_R10C1	1665.0084033613446	1629.8960084033613	segmented_cell	cancer_core
TONIC_TMA15_R10C1	1047.0442307692308	187.30769230769232	segmented_cell	cancer_core
TONIC_TMA15_R10C1	1877.9182242990653	1649.6869158878503	segmented_cell	cancer_core
TONIC_TMA15_R10C1	492.0	4.862068965517241	segmented_cell	cancer_core
TONIC_TMA15_R10C1	411.07423580786025	744.3100436681223	segmented_cell	cancer_border
TONIC_TMA15_R10C1	1812.13	1898.85	segmented_cell	cancer_core
TONIC_TMA15_R10C1	994.3373493975904	1880.883534136546	segmented_cell	cancer_core
TONIC_TMA15_R10C1	1977.6329966329963	490.41582491582494	segmented_cell	cancer_core
TONIC_TMA15_R10C1	1643.274678111588	558.3927038626609	segmented_cell	cancer_core
TONIC_TMA15_R10C1	1251.123595505618	2011.97191011236	segmented_cell	cancer_core
TONIC_TMA15_R10C1	221.51060606060605	239.1469696969697	segmented_cell	cancer_core
TONIC_TMA15_R10C1	1594.5381231671554	1115.3313782991202	segmented_cell	cancer_core
TONIC_TMA15_R10C1	575.5813559322033	703.8762711864407	segmented_cell	cancer_core
TONIC_TMA15_R10C1	670.130376344086	1313.095430107527	segmented_cell	cancer_core
TONIC_TMA15_R10C1	632.5566037735849	1445.4501347708897	segmented_cell	cancer_core
TONIC_TMA15_R10C1	1324.2757009345794	117.98130841121495	segmented_cell	cancer_core
TONIC_TMA15_R10C1	1105.2875399361023	907.2140575079871	segmented_cell	cancer_core
TONIC_TMA15_R10C1	2033.3145933014357	2031.0897129186603	segmented_cell	cancer_core
TONIC_TMA15_R10C1	1045.9881656804737	1190.5384615384614	segmented_cell	cancer_core
TONIC_TMA15_R10C1	1608.5697115384614	1816.6826923076924	segmented_cell	cancer_border
TONIC_TMA15_R10C1	841.2809917355372	20.198347107438018	segmented_cell	cancer_core
TONIC_TMA15_R10C1	993.6467817896388	1357.1836734693877	segmented_cell	cancer_core
TONIC_TMA15_R10C1	1049.37	2042.16	segmented_cell	cancer_core
TONIC_TMA15_R10C1	395.4065420560748	1016.9205607476636	segmented_cell	cancer_core
TONIC_TMA15_R10C1	1054.0347826086957	302.2826086956522	segmented_cell	stroma_border
TONIC_TMA15_R10C1	1619.6839378238342	205.69689119170985	segmented_cell	cancer_core
TONIC_TMA15_R10C1	395.1988023952096	448.8682634730539	segmented_cell	cancer_core
TONIC_TMA15_R10C1	1412.5748865355522	1559.6338880484116	segmented_cell	cancer_core
TONIC_TMA15_R10C1	1041.0652173913045	1471.0	segmented_cell	cancer_core
TONIC_TMA15_R10C1	905.2253968253968	1578.3809523809523	segmented_cell	cancer_core
TONIC_TMA15_R10C1	20.414454277286136	1554.9896755162242	segmented_cell	cancer_core
TONIC_TMA15_R10C1	400.2134831460674	113.40074906367042	segmented_cell	cancer_core
TONIC_TMA15_R10C1	137.19221105527637	882.0125628140704	segmented_cell	cancer_core
TONIC_TMA15_R10C1	2043.9633027522937	813.0917431192661	segmented_cell	cancer_core
TONIC_TMA15_R10C1	619.7171717171717	1455.767676767677	segmented_cell	cancer_core
TONIC_TMA15_R10C1	953.2142857142856	1798.1626984126983	segmented_cell	cancer_core
TONIC_TMA15_R10C1	825.0558069381599	1910.628959276018	segmented_cell	cancer_core
TONIC_TMA15_R10C1	1868.3057471264367	513.0114942528736	segmented_cell	cancer_core
TONIC_TMA15_R10C1	694.7005347593583	1800.4402852049911	segmented_cell	cancer_core
TONIC_TMA15_R10C1	281.4989648033126	367.4534161490684	segmented_cell	cancer_core
TONIC_TMA15_R10C1	445.48125	26.659375	segmented_cell	cancer_core
TONIC_TMA15_R10C1	820.8074074074074	52.51851851851852	segmented_cell	cancer_border
TONIC_TMA15_R10C1	1462.142857142857	1737.9469387755105	segmented_cell	cancer_border
TONIC_TMA15_R10C1	1885.9119638826185	862.9864559819413	segmented_cell	cancer_core
TONIC_TMA15_R10C1	795.3241379310344	1624.3310344827587	segmented_cell	cancer_core
TONIC_TMA15_R10C1	628.72760511883	1751.8226691042048	segmented_cell	cancer_core
TONIC_TMA15_R10C1	905.8826086956522	197.10652173913044	segmented_cell	cancer_core
TONIC_TMA15_R10C1	1508.301498127341	53.45318352059925	segmented_cell	cancer_core
TONIC_TMA15_R10C1	1445.2439807383628	1834.134831460674	segmented_cell	cancer_core
TONIC_TMA15_R10C1	1824.233926128591	1492.001367989056	segmented_cell	cancer_core
TONIC_TMA15_R10C1	1144.607594936709	1513.9493670886077	segmented_cell	cancer_core
TONIC_TMA15_R10C1	1407.5025906735752	292.0362694300518	segmented_cell	cancer_core
TONIC_TMA15_R10C1	1086.0010214504596	1315.0715015321755	segmented_cell	cancer_core
TONIC_TMA15_R10C1	1745.076335877863	590.0992366412214	segmented_cell	cancer_core
TONIC_TMA15_R10C1	1971.465460526316	70.59868421052632	segmented_cell	cancer_core
TONIC_TMA15_R10C1	460.28333333333336	1933.4888888888888	segmented_cell	cancer_core
TONIC_TMA15_R10C1	913.0288461538462	635.0961538461538	segmented_cell	cancer_core
TONIC_TMA15_R10C1	651.0410628019324	854.6135265700483	segmented_cell	cancer_core
TONIC_TMA15_R10C1	1061.2144522144522	1701.1818181818182	segmented_cell	cancer_core
TONIC_TMA15_R10C1	590.9657534246576	200.4520547945205	segmented_cell	cancer_core
TONIC_TMA15_R10C1	1967.4067278287464	266.0163098878695	segmented_cell	cancer_core
TONIC_TMA15_R10C1	1162.486068111455	629.7151702786377	segmented_cell	cancer_core
TONIC_TMA15_R10C1	467.3529411764706	1194.4823529411765	segmented_cell	cancer_core
TONIC_TMA15_R10C1	308.1837837837838	953.6432432432432	segmented_cell	cancer_border
TONIC_TMA15_R10C1	900.873857404022	1628.9378427787933	segmented_cell	cancer_core
TONIC_TMA15_R10C1	1897.888198757764	2003.7080745341616	segmented_cell	cancer_core
TONIC_TMA15_R10C1	805.8020134228188	1305.3758389261743	segmented_cell	cancer_core
TONIC_TMA15_R10C1	524.921875	333.08125	segmented_cell	cancer_core
TONIC_TMA15_R10C1	1253.762264150943	970.2603773584906	segmented_cell	cancer_core
TONIC_TMA15_R10C1	145.97040816326532	1133.0867346938776	segmented_cell	cancer_core
TONIC_TMA15_R10C1	2036.295	459.37666666666667	segmented_cell	cancer_core
TONIC_TMA15_R10C1	772.3173076923077	1140.4423076923076	segmented_cell	cancer_core
TONIC_TMA15_R10C1	649.1497005988024	237.91616766467067	segmented_cell	cancer_core
TONIC_TMA15_R10C1	389.98476454293626	996.6620498614958	segmented_cell	cancer_border
TONIC_TMA15_R10C1	1971.4510460251047	163.8284518828452	segmented_cell	cancer_core
TONIC_TMA15_R10C1	840.8314176245211	1200.3639846743297	segmented_cell	cancer_core
TONIC_TMA15_R10C1	1247.4892307692307	189.96	segmented_cell	cancer_core
TONIC_TMA15_R10C1	120.4616497829233	1613.7467438494934	segmented_cell	cancer_core
TONIC_TMA15_R10C1	368.1908713692946	272.04771784232366	segmented_cell	cancer_core
TONIC_TMA15_R10C1	268.2996575342466	2017.85102739726	segmented_cell	cancer_core
TONIC_TMA15_R10C1	185.84112149532712	675.196261682243	segmented_cell	cancer_core
TONIC_TMA15_R10C1	1675.3851132686084	932.6699029126214	segmented_cell	cancer_core
TONIC_TMA15_R10C1	248.8242424242424	1202.8181818181818	segmented_cell	cancer_core
TONIC_TMA15_R10C1	1130.3345794392524	1451.5514018691588	segmented_cell	cancer_core
TONIC_TMA15_R10C1	100.87564766839378	306.6865284974093	segmented_cell	cancer_core
TONIC_TMA15_R10C1	583.6418181818182	1055.4418181818182	segmented_cell	cancer_border
TONIC_TMA15_R10C1	1017.6359223300972	552.004854368932	segmented_cell	cancer_core
TONIC_TMA15_R10C1	390.4760638297872	522.9507978723404	segmented_cell	cancer_core
TONIC_TMA15_R10C1	308.90835030549897	1710.5560081466394	segmented_cell	cancer_core
TONIC_TMA15_R10C1	1060.4172185430464	21.00662251655629	segmented_cell	cancer_core
TONIC_TMA15_R10C1	1313.0521945432977	502.4068801897984	segmented_cell	cancer_core
TONIC_TMA15_R10C1	480.5217391304348	1666.8580562659847	segmented_cell	cancer_core
TONIC_TMA15_R10C1	728.1984924623116	532.5050251256281	segmented_cell	cancer_core
TONIC_TMA15_R10C1	1355.224852071006	127.95266272189347	segmented_cell	cancer_core
TONIC_TMA15_R10C1	1585.34375	564.4270833333334	segmented_cell	cancer_core
TONIC_TMA15_R10C1	598.3792093704246	359.3528550512445	segmented_cell	cancer_core
TONIC_TMA15_R10C1	1297.150224215247	1261.0627802690583	segmented_cell	cancer_core
TONIC_TMA15_R10C1	610.329853862213	185.5615866388309	segmented_cell	cancer_core
TONIC_TMA15_R10C1	677.9875	596.1828125	segmented_cell	cancer_core
TONIC_TMA15_R10C1	1172.853281853282	76.84942084942085	segmented_cell	cancer_core
TONIC_TMA15_R10C1	891.6131386861314	1505.102189781022	segmented_cell	cancer_core
TONIC_TMA15_R10C1	830.8115577889447	1446.4447236180904	segmented_cell	cancer_core
TONIC_TMA15_R10C1	2010.2935586061249	1996.4223864836329	segmented_cell	cancer_core
TONIC_TMA15_R10C1	1088.6454081632653	1055.09693877551	segmented_cell	cancer_core
TONIC_TMA15_R10C1	277.5952	1532.7664	segmented_cell	cancer_core
TONIC_TMA15_R10C1	1107.3788300835654	676.5849582172702	segmented_cell	cancer_core
TONIC_TMA15_R10C1	670.3048498845266	447.5727482678984	segmented_cell	cancer_core
TONIC_TMA15_R10C1	615.8709175738725	1089.7496111975115	segmented_cell	cancer_core
TONIC_TMA15_R10C1	1786.1902173913045	1228.3641304347825	segmented_cell	cancer_border
TONIC_TMA15_R10C1	1740.8708609271523	1367.6771523178809	segmented_cell	cancer_core
TONIC_TMA15_R10C1	472.8390410958904	1648.3801369863013	segmented_cell	cancer_core
TONIC_TMA15_R10C1	1830.030701754386	166.47149122807016	segmented_cell	cancer_core
TONIC_TMA15_R10C1	344.95022624434387	97.14027149321268	segmented_cell	cancer_core
TONIC_TMA15_R10C1	160.0909090909091	9.019138755980862	segmented_cell	stroma_border
TONIC_TMA15_R10C1	1005.612855007474	68.40657698056802	segmented_cell	cancer_core
TONIC_TMA15_R10C1	723.75	1444.946875	segmented_cell	cancer_core
TONIC_TMA15_R10C1	337.5025641025641	516.2974358974359	segmented_cell	cancer_core
TONIC_TMA15_R10C1	792.3217821782179	1443.0643564356435	segmented_cell	cancer_core
TONIC_TMA15_R10C1	1450.691065662002	1212.778256189451	segmented_cell	cancer_core
TONIC_TMA15_R10C1	648.6686390532544	814.370808678501	segmented_cell	cancer_border
TONIC_TMA15_R10C1	552.5924006908463	1654.8341968911918	segmented_cell	cancer_core
TONIC_TMA15_R10C1	1026.873546511628	719.0857558139535	segmented_cell	cancer_core
TONIC_TMA15_R10C1	263.8228021978022	1424.228021978022	segmented_cell	cancer_core
TONIC_TMA15_R10C1	767.2241379310345	1192.853448275862	segmented_cell	cancer_core
TONIC_TMA15_R10C1	944.0103806228374	2038.8131487889275	segmented_cell	cancer_core
TONIC_TMA15_R10C1	987.3977812995246	1006.1790808240888	segmented_cell	cancer_core
TONIC_TMA15_R10C1	1830.3242542153048	984.4863813229572	segmented_cell	cancer_core
TONIC_TMA15_R10C1	1267.8219895287957	1073.1657940663176	segmented_cell	cancer_core
TONIC_TMA15_R10C1	1930.3655913978491	1784.437275985663	segmented_cell	cancer_core
TONIC_TMA15_R10C1	1127.3940149625937	428.4089775561097	segmented_cell	cancer_core
TONIC_TMA15_R10C1	295.27513227513225	175.03703703703704	segmented_cell	cancer_core
TONIC_TMA15_R10C1	1276.4933774834435	893.7235099337748	segmented_cell	cancer_core
TONIC_TMA15_R10C1	241.05637982195844	348.2344213649852	segmented_cell	cancer_core
TONIC_TMA15_R10C1	859.509375	1756.928125	segmented_cell	cancer_core
TONIC_TMA15_R10C1	1992.0125523012557	225.302649930265	segmented_cell	cancer_core
TONIC_TMA15_R10C1	266.2808219178082	496.3835616438356	segmented_cell	cancer_core
TONIC_TMA15_R10C1	114.64788732394366	257.274647887324	segmented_cell	cancer_core
TONIC_TMA15_R10C1	1781.501567398119	1047.4294670846396	segmented_cell	cancer_core
TONIC_TMA15_R10C1	1485.1447721179625	469.0160857908848	segmented_cell	cancer_core
TONIC_TMA15_R10C1	757.75	866.7038461538461	segmented_cell	cancer_core
TONIC_TMA15_R10C1	716.1814516129032	1758.3729838709678	segmented_cell	cancer_core
TONIC_TMA15_R10C1	758.4433497536946	1005.7733990147784	segmented_cell	cancer_core
TONIC_TMA15_R10C1	746.4969788519637	1877.4954682779453	segmented_cell	cancer_core
TONIC_TMA15_R10C1	160.78772802653398	1365.0497512437812	segmented_cell	cancer_core
TONIC_TMA15_R10C1	483.4498777506112	1206.39608801956	segmented_cell	cancer_core
TONIC_TMA15_R10C1	973.993710691824	1760.3333333333333	segmented_cell	cancer_core
TONIC_TMA15_R10C1	1136.6948051948052	1041.7272727272727	segmented_cell	cancer_core
TONIC_TMA15_R10C1	1072.6495327102805	1366.1261682242991	segmented_cell	cancer_core
TONIC_TMA15_R10C1	181.54494382022472	1317.3539325842696	segmented_cell	cancer_core
TONIC_TMA15_R10C1	1179.899529042386	883.3893249607536	segmented_cell	cancer_core
TONIC_TMA15_R10C1	18.76139817629179	1958.6367781155016	segmented_cell	cancer_core
TONIC_TMA15_R10C1	969.705	1381.4525	segmented_cell	cancer_core
TONIC_TMA15_R10C1	121.776617954071	628.3361169102296	segmented_cell	cancer_core
TONIC_TMA15_R10C1	1571.2454212454213	853.8754578754579	segmented_cell	cancer_core
TONIC_TMA15_R10C1	542.538961038961	351.82142857142856	segmented_cell	cancer_core
TONIC_TMA15_R10C1	482.855403348554	248.54794520547944	segmented_cell	cancer_core
TONIC_TMA15_R10C1	1561.1788491446346	203.67807153965785	segmented_cell	cancer_core
TONIC_TMA15_R10C1	547.5052631578948	776.6649122807017	segmented_cell	cancer_core
TONIC_TMA15_R10C1	1526.691983122363	795.7426160337553	segmented_cell	cancer_core
TONIC_TMA15_R10C1	1579.90099009901	198.8465346534653	segmented_cell	cancer_core
TONIC_TMA15_R10C1	587.4411764705883	1537.7867647058824	segmented_cell	cancer_core
TONIC_TMA15_R10C1	1239.7616099071208	1613.7368421052631	segmented_cell	cancer_core
TONIC_TMA15_R10C1	1469.5951219512194	77.99024390243902	segmented_cell	cancer_core
TONIC_TMA15_R10C1	591.3601789709172	636.572706935123	segmented_cell	cancer_core
TONIC_TMA15_R10C1	1046.870870870871	1824.3303303303303	segmented_cell	cancer_core
TONIC_TMA15_R10C1	1244.6214953271028	584.4976635514018	segmented_cell	cancer_border
TONIC_TMA15_R10C1	1630.5193548387097	1254.874193548387	segmented_cell	cancer_core
TONIC_TMA15_R10C1	1167.6203346203347	154.998712998713	segmented_cell	cancer_core
TONIC_TMA15_R10C1	974.5877551020408	1361.522448979592	segmented_cell	cancer_core
TONIC_TMA15_R10C1	1168.4121212121213	1758.2242424242424	segmented_cell	cancer_core
TONIC_TMA15_R10C1	957.5986622073578	550.6003344481605	segmented_cell	cancer_core
TONIC_TMA15_R10C1	455.02016129032256	1112.1370967741937	segmented_cell	cancer_core
TONIC_TMA15_R10C1	806.9444444444445	1283.382716049383	segmented_cell	cancer_core
TONIC_TMA15_R10C1	51.20262664165103	1050.3264540337711	segmented_cell	cancer_core
TONIC_TMA15_R10C1	1561.1684782608695	11.875	segmented_cell	cancer_core
TONIC_TMA15_R10C1	1550.2	227.1676056338028	segmented_cell	cancer_core
TONIC_TMA15_R10C1	923.3592400690846	875.6148531951641	segmented_cell	cancer_core
TONIC_TMA15_R10C1	2004.3297872340424	1930.908510638298	segmented_cell	cancer_core
TONIC_TMA15_R10C1	102.33333333333331	730.8333333333334	segmented_cell	cancer_core
TONIC_TMA15_R10C1	61.2704280155642	559.2859922178989	segmented_cell	cancer_core
TONIC_TMA15_R10C1	659.5873544093178	882.7520798668885	segmented_cell	cancer_core
TONIC_TMA15_R10C1	512.4260355029586	450.96449704142015	segmented_cell	cancer_core
TONIC_TMA15_R10C1	288.84397163120565	906.3262411347516	segmented_cell	cancer_core
TONIC_TMA15_R10C1	1644.343642611684	1114.2611683848795	segmented_cell	cancer_core
TONIC_TMA15_R10C1	1125.2703962703963	126.01864801864802	segmented_cell	cancer_core
TONIC_TMA15_R10C1	1046.0413694721826	1771.2738944365192	segmented_cell	cancer_core
TONIC_TMA15_R10C1	1821.7293233082708	38.0	segmented_cell	cancer_core
TONIC_TMA15_R10C1	66.51456310679612	50.74757281553398	segmented_cell	cancer_core
TONIC_TMA15_R10C1	1527.121212121212	1225.0661157024792	segmented_cell	cancer_core
TONIC_TMA15_R10C1	1398.1503759398497	1305.360902255639	segmented_cell	cancer_border
TONIC_TMA15_R10C1	540.9958448753463	220.8102493074792	segmented_cell	cancer_core
TONIC_TMA15_R10C1	428.4119601328904	1146.2790697674418	segmented_cell	cancer_core
TONIC_TMA15_R10C1	505.19488817891374	969.9073482428116	segmented_cell	stroma_border
TONIC_TMA15_R10C1	1252.9484126984128	727.0674603174604	segmented_cell	cancer_core
TONIC_TMA15_R10C1	998.407894736842	1697.9736842105262	segmented_cell	cancer_core
TONIC_TMA15_R10C1	1666.279293739968	327.06902086677366	segmented_cell	cancer_core
TONIC_TMA15_R10C1	1597.6167800453516	1088.15873015873	segmented_cell	cancer_core
TONIC_TMA15_R10C1	54.77009646302251	1702.7122186495176	segmented_cell	cancer_core
TONIC_TMA15_R10C1	956.6476683937824	1419.80310880829	segmented_cell	cancer_core
TONIC_TMA15_R10C1	1593.2418772563176	686.9602888086642	segmented_cell	cancer_core
TONIC_TMA15_R10C1	645.7692307692307	1215.923076923077	segmented_cell	cancer_core
TONIC_TMA15_R10C1	1399.5942857142857	1800.58	segmented_cell	cancer_core
TONIC_TMA15_R10C1	1290.065830721003	424.9905956112853	segmented_cell	cancer_core
TONIC_TMA15_R10C1	1819.8455284552845	766.5420054200542	segmented_cell	cancer_core
TONIC_TMA15_R10C1	670.8566037735849	517.6867924528302	segmented_cell	cancer_core
TONIC_TMA15_R10C1	1750.2761506276152	840.7405857740586	segmented_cell	cancer_core
TONIC_TMA15_R10C1	22.42131147540984	1040.709836065574	segmented_cell	cancer_core
TONIC_TMA15_R10C1	2013.0377358490568	1951.2641509433963	segmented_cell	cancer_core
TONIC_TMA15_R10C1	1201.0364741641338	1600.048632218845	segmented_cell	cancer_core
TONIC_TMA15_R10C1	2008.489361702128	661.2659574468086	segmented_cell	cancer_core
TONIC_TMA15_R10C1	1924.7798742138364	1961.0691823899367	segmented_cell	cancer_core
TONIC_TMA15_R10C1	828.0261780104712	2016.5968586387437	segmented_cell	cancer_core
TONIC_TMA15_R10C1	567.3940042826553	471.8843683083512	segmented_cell	cancer_core
TONIC_TMA15_R10C1	1311.452380952381	589.0952380952381	segmented_cell	cancer_core
TONIC_TMA15_R10C1	410.43277310924367	987.7016806722688	segmented_cell	cancer_border
TONIC_TMA15_R10C1	596.9864603481625	485.8723404255319	segmented_cell	cancer_core
TONIC_TMA15_R10C1	205.358407079646	1098.9823008849555	segmented_cell	cancer_core
TONIC_TMA15_R10C1	1126.3592814371257	1653.2015968063872	segmented_cell	cancer_core
TONIC_TMA15_R10C1	208.9435483870968	1494.633064516129	segmented_cell	cancer_core
TONIC_TMA15_R10C1	1386.2178343949045	818.8942675159236	segmented_cell	cancer_core
TONIC_TMA15_R10C1	821.2978723404256	1496.063829787234	segmented_cell	cancer_core
TONIC_TMA15_R10C1	268.1143451143451	1279.3762993762994	segmented_cell	cancer_core
TONIC_TMA15_R10C1	1737.8701923076924	1864.455128205128	segmented_cell	cancer_border
TONIC_TMA15_R10C1	276.62721893491124	1852.1952662721892	segmented_cell	cancer_core
TONIC_TMA15_R10C1	1570.440707964602	353.6725663716814	segmented_cell	cancer_core
TONIC_TMA15_R10C1	1578.3220779220778	27.02857142857143	segmented_cell	cancer_core
TONIC_TMA15_R10C1	520.315369261477	1895.6986027944115	segmented_cell	cancer_core
TONIC_TMA15_R10C1	1600.2184615384615	1364.0953846153843	segmented_cell	cancer_core
TONIC_TMA15_R10C1	1448.600371747212	78.50185873605948	segmented_cell	cancer_core
TONIC_TMA15_R10C1	1536.655870445344	625.831983805668	segmented_cell	cancer_core
TONIC_TMA15_R10C1	344.6488888888889	1665.871111111111	segmented_cell	cancer_core
TONIC_TMA15_R10C1	127.5508607198748	445.4616588419405	segmented_cell	cancer_core
TONIC_TMA15_R10C1	323.8272727272727	1421.9454545454546	segmented_cell	cancer_core
TONIC_TMA15_R10C1	937.5698663426488	1235.681652490887	segmented_cell	cancer_core
TONIC_TMA15_R10C1	972.2666666666668	1930.7939393939396	segmented_cell	cancer_core
TONIC_TMA15_R10C1	754.4831081081081	1125.5641891891892	segmented_cell	cancer_core
TONIC_TMA15_R10C1	185.63203463203465	1672.952380952381	segmented_cell	cancer_core
TONIC_TMA15_R10C1	1519.3908256880734	814.3651376146789	segmented_cell	cancer_core
TONIC_TMA15_R10C1	1019.0771812080536	1711.1006711409395	segmented_cell	cancer_core
TONIC_TMA15_R10C1	10.255988023952096	904.3517964071856	segmented_cell	cancer_core
TONIC_TMA15_R10C1	1623.678529062871	989.1743772241992	segmented_cell	cancer_core
TONIC_TMA15_R10C1	309.7751937984496	569.0806201550388	segmented_cell	cancer_core
TONIC_TMA15_R10C1	405.3457382953181	87.23289315726291	segmented_cell	cancer_core
TONIC_TMA15_R10C1	314.7700534759358	966.5989304812834	segmented_cell	cancer_border
TONIC_TMA15_R10C1	303.4699519230769	1848.6165865384612	segmented_cell	cancer_core
TONIC_TMA15_R10C1	1490.1296296296296	1404.2788671023966	segmented_cell	cancer_core
TONIC_TMA15_R10C1	2030.3126293995856	1221.16149068323	segmented_cell	cancer_core
TONIC_TMA15_R10C1	1153.0275862068966	890.7034482758621	segmented_cell	cancer_core
TONIC_TMA15_R10C1	20.225225225225227	1226.837837837838	segmented_cell	cancer_core
TONIC_TMA15_R10C1	417.06529209621993	1763.8213058419244	segmented_cell	cancer_core
TONIC_TMA15_R10C1	1072.0096153846157	801.6682692307693	segmented_cell	cancer_core
TONIC_TMA15_R10C1	864.5044722719141	1546.6618962432915	segmented_cell	cancer_core
TONIC_TMA15_R10C1	281.657848324515	1223.5202821869489	segmented_cell	cancer_core
TONIC_TMA15_R10C1	1181.1515151515152	1483.5	segmented_cell	cancer_core
TONIC_TMA15_R10C1	1110.9355992844364	487.3220035778176	segmented_cell	cancer_core
TONIC_TMA15_R10C1	1934.4809688581315	1171.128892733564	segmented_cell	cancer_core
TONIC_TMA15_R10C1	248.3320235756385	748.3104125736738	segmented_cell	cancer_core
TONIC_TMA15_R10C1	1673.748	44.46	segmented_cell	cancer_core
TONIC_TMA15_R10C1	1276.7382075471698	1356.6367924528302	segmented_cell	cancer_core
TONIC_TMA15_R10C1	1758.5104364326376	345.91650853889945	segmented_cell	cancer_core
TONIC_TMA15_R10C1	845.1261467889908	1864.8876146788991	segmented_cell	cancer_core
TONIC_TMA15_R10C1	2001.6979166666667	1305.9416666666666	segmented_cell	cancer_core
TONIC_TMA15_R10C1	648.7896103896104	570.5142857142857	segmented_cell	cancer_core
TONIC_TMA15_R10C1	1623.4537275064267	899.9254498714653	segmented_cell	cancer_core
TONIC_TMA15_R10C1	1816.737226277372	468.5729927007299	segmented_cell	cancer_core
TONIC_TMA15_R10C1	773.2264397905759	631.2748691099476	segmented_cell	cancer_core
TONIC_TMA15_R10C1	795.6993464052288	130.44444444444446	segmented_cell	cancer_border
TONIC_TMA15_R10C1	1419.9526627218936	629.6804733727811	segmented_cell	cancer_core
TONIC_TMA15_R10C1	1813.926406926407	1071.7301587301588	segmented_cell	cancer_core
TONIC_TMA15_R10C1	1186.1947115384614	1770.1658653846157	segmented_cell	cancer_core
TONIC_TMA15_R10C1	493.1518987341772	2035.1962025316457	segmented_cell	cancer_core
TONIC_TMA15_R10C1	576.2102102102102	627.9399399399399	segmented_cell	cancer_core
TONIC_TMA15_R10C1	50.26049515608181	1926.1539289558664	segmented_cell	cancer_core
TONIC_TMA15_R10C1	1724.7153558052437	676.5205992509364	segmented_cell	cancer_core
TONIC_TMA15_R10C1	656.3466666666667	1913.8733333333328	segmented_cell	cancer_core
TONIC_TMA15_R10C1	959.8111380145278	1668.2542372881355	segmented_cell	cancer_core
TONIC_TMA15_R10C1	551.3817381738173	851.8778877887788	segmented_cell	cancer_border
TONIC_TMA15_R10C1	1463.025723472669	1103.2250803858522	segmented_cell	cancer_core
TONIC_TMA15_R10C1	517.8706624605678	1311.6246056782334	segmented_cell	cancer_core
TONIC_TMA15_R10C1	1389.4833333333331	1662.25	segmented_cell	cancer_core
TONIC_TMA15_R10C1	1431.425	153.76388888888889	segmented_cell	cancer_core
TONIC_TMA15_R10C1	512.0861423220974	1925.2696629213483	segmented_cell	cancer_core
TONIC_TMA15_R10C1	1526.87786259542	432.40458015267177	segmented_cell	cancer_core
TONIC_TMA15_R10C1	475.04035087719296	556.6736842105263	segmented_cell	cancer_core
TONIC_TMA15_R10C1	41.84593023255814	283.63953488372096	segmented_cell	cancer_core
TONIC_TMA15_R10C1	121.43055555555556	810.8015873015873	segmented_cell	cancer_core
TONIC_TMA15_R10C1	1507.076129032258	1010.7432258064516	segmented_cell	cancer_core
TONIC_TMA15_R10C1	452.6223241590214	461.8180428134556	segmented_cell	cancer_core
TONIC_TMA15_R10C1	1544.3804878048782	802.3463414634147	segmented_cell	cancer_core
TONIC_TMA15_R10C1	50.58252427184466	49.75606796116505	segmented_cell	cancer_core
TONIC_TMA15_R10C1	103.73905723905725	1542.1195286195286	segmented_cell	cancer_core
TONIC_TMA15_R10C1	1526.0842105263157	118.02105263157895	segmented_cell	cancer_core
TONIC_TMA15_R10C1	699.1361607142857	1705.1450892857142	segmented_cell	cancer_core
TONIC_TMA15_R10C1	55.74	1725.54	segmented_cell	cancer_core
TONIC_TMA15_R10C1	1747.219512195122	1892.1341463414635	segmented_cell	cancer_border
TONIC_TMA15_R10C1	107.3774834437086	1773.7549668874171	segmented_cell	cancer_core
TONIC_TMA15_R10C1	1464.684887459807	948.8906752411576	segmented_cell	cancer_core
TONIC_TMA15_R10C1	1179.4375	758.171875	segmented_cell	cancer_core
TONIC_TMA15_R10C1	1334.6470588235295	6.691176470588236	segmented_cell	cancer_core
TONIC_TMA15_R10C1	1791.880085653105	1383.323340471092	segmented_cell	cancer_border
TONIC_TMA15_R10C1	1699.6735537190082	342.73829201101927	segmented_cell	cancer_core
TONIC_TMA15_R10C1	2014.267857142857	568.9702380952381	segmented_cell	cancer_core
TONIC_TMA15_R10C1	788.300539083558	339.5080862533693	segmented_cell	cancer_core
TONIC_TMA15_R10C1	131.9630541871921	369.8768472906404	segmented_cell	cancer_core
TONIC_TMA15_R10C1	655.7935034802784	1226.8329466357309	segmented_cell	cancer_core
TONIC_TMA15_R10C1	66.1951951951952	406.990990990991	segmented_cell	cancer_core
TONIC_TMA15_R10C1	1907.79284164859	1368.8058568329718	segmented_cell	cancer_core
TONIC_TMA15_R10C1	278.76109215017067	520.1706484641638	segmented_cell	cancer_core
TONIC_TMA15_R10C1	781.1567877629063	1429.5258126195029	segmented_cell	cancer_core
TONIC_TMA15_R10C1	923.290909090909	1625.7818181818182	segmented_cell	cancer_core
TONIC_TMA15_R10C1	1373.374485596708	459.8641975308642	segmented_cell	cancer_core
TONIC_TMA15_R10C1	1087.047619047619	1592.4095238095238	segmented_cell	cancer_core
TONIC_TMA15_R10C1	712.7953216374269	921.9278752436647	segmented_cell	cancer_core
TONIC_TMA15_R10C1	531.2476744186047	1036.8511627906976	segmented_cell	stroma_border
TONIC_TMA15_R10C1	1382.215932914046	427.2955974842768	segmented_cell	cancer_core
TONIC_TMA15_R10C1	1087.4311926605506	407.548623853211	segmented_cell	cancer_border
TONIC_TMA15_R10C1	412.4023831347388	149.70302474793766	segmented_cell	cancer_core
TONIC_TMA15_R10C1	784.4884615384616	1064.426923076923	segmented_cell	cancer_core
TONIC_TMA15_R10C1	532.7309027777778	1174.4791666666667	segmented_cell	cancer_core
TONIC_TMA15_R10C1	301.3720930232558	647.9813953488372	segmented_cell	cancer_core
TONIC_TMA15_R10C1	637.6341463414634	99.59891598915988	segmented_cell	cancer_core
TONIC_TMA15_R10C1	1451.8053097345132	396.646017699115	segmented_cell	cancer_core
TONIC_TMA15_R10C1	711.9373493975903	743.0795180722891	segmented_cell	cancer_core
TONIC_TMA15_R10C1	1858.914407988588	838.9928673323823	segmented_cell	cancer_core
TONIC_TMA15_R10C1	682.2244897959183	1593.0379008746356	segmented_cell	cancer_core
TONIC_TMA15_R10C1	793.3369565217391	1391.4673913043478	segmented_cell	cancer_core
TONIC_TMA15_R10C1	1816.4473684210527	1579.9429824561405	segmented_cell	cancer_core
TONIC_TMA15_R10C1	1839.5959849435385	1521.887076537014	segmented_cell	cancer_core
TONIC_TMA15_R10C1	2039.5677570093455	543.4602803738318	segmented_cell	cancer_core
TONIC_TMA15_R10C1	1810.8739884393065	372.8161849710983	segmented_cell	cancer_core
TONIC_TMA15_R10C1	1862.198113207547	363.8301886792453	segmented_cell	cancer_core
TONIC_TMA15_R10C1	1414.4422110552764	1980.8391959798996	segmented_cell	cancer_core
TONIC_TMA15_R10C1	577.3414634146342	1803.405487804878	segmented_cell	cancer_core
TONIC_TMA15_R10C1	1296.2636054421769	1786.9880952380952	segmented_cell	cancer_core
TONIC_TMA15_R10C1	2034.8703071672355	119.31740614334473	segmented_cell	cancer_core
TONIC_TMA15_R10C1	521.1531914893617	991.8	segmented_cell	stroma_border
TONIC_TMA15_R10C1	761.0210772833724	587.7845433255269	segmented_cell	cancer_core
TONIC_TMA15_R10C1	998.521472392638	879.2024539877301	segmented_cell	cancer_core
TONIC_TMA15_R10C1	552.0391304347826	711.7391304347826	segmented_cell	cancer_core
TONIC_TMA15_R10C1	1489.5513078470824	966.20523138833	segmented_cell	cancer_core
TONIC_TMA15_R10C1	604.1868512110726	126.5916955017301	segmented_cell	cancer_border
TONIC_TMA15_R10C1	852.9060773480663	1995.6132596685084	segmented_cell	cancer_core
TONIC_TMA15_R10C1	685.113425925926	123.20601851851852	segmented_cell	cancer_core
TONIC_TMA15_R10C1	383.4250764525994	1031.0856269113149	segmented_cell	cancer_core
TONIC_TMA15_R10C1	357.0777202072539	1126.3471502590671	segmented_cell	cancer_core
TONIC_TMA15_R10C1	1883.2053274139844	1207.4273029966705	segmented_cell	cancer_core
TONIC_TMA15_R10C1	467.485564304462	1692.8503937007874	segmented_cell	cancer_core
TONIC_TMA15_R10C1	1347.8544061302682	765.147509578544	segmented_cell	cancer_core
TONIC_TMA15_R10C1	1404.680701754386	226.3684210526316	segmented_cell	cancer_core
TONIC_TMA15_R10C1	186.87959866220737	1031.7257525083612	segmented_cell	cancer_core
TONIC_TMA15_R10C1	1404.2222222222222	2002.5954415954416	segmented_cell	cancer_core
TONIC_TMA15_R10C1	2021.8390557939915	531.5751072961374	segmented_cell	cancer_core
TONIC_TMA15_R10C1	1096.443820224719	778.0056179775281	segmented_cell	cancer_core
TONIC_TMA15_R10C1	892.2397260273973	320.7933789954338	segmented_cell	cancer_core
TONIC_TMA15_R10C1	621.7530612244898	446.5877551020408	segmented_cell	cancer_core
TONIC_TMA15_R10C1	1603.2709677419357	272.50967741935483	segmented_cell	cancer_core
TONIC_TMA15_R10C1	283.2998352553542	1003.003294892916	segmented_cell	cancer_core
TONIC_TMA15_R10C1	1023.1836734693876	1474.8163265306123	segmented_cell	cancer_core
TONIC_TMA15_R10C1	402.1065573770492	1290.4180327868853	segmented_cell	cancer_core
TONIC_TMA15_R10C1	1298.2434607645876	620.9698189134809	segmented_cell	cancer_core
TONIC_TMA15_R10C1	513.5223880597015	614.5124378109452	segmented_cell	cancer_core
TONIC_TMA15_R10C1	1104.6475195822454	34.10443864229765	segmented_cell	cancer_core
TONIC_TMA15_R10C1	1598.5589005235602	108.68193717277488	segmented_cell	cancer_core
TONIC_TMA15_R10C1	861.5495626822158	981.457725947522	segmented_cell	cancer_core
TONIC_TMA15_R10C1	277.8138528138528	1838.896103896104	segmented_cell	cancer_core
TONIC_TMA15_R10C1	1878.3462962962965	701.1925925925926	segmented_cell	stroma_border
TONIC_TMA15_R10C1	1085.328712871287	1630.6316831683168	segmented_cell	cancer_core
TONIC_TMA15_R10C1	1926.226158038147	1651.6852861035422	segmented_cell	cancer_core
TONIC_TMA15_R10C1	1155.0140023337224	1428.708284714119	segmented_cell	cancer_core
TONIC_TMA15_R10C1	1404.3599320882852	320.4312393887945	segmented_cell	cancer_core
TONIC_TMA15_R10C1	743.2739018087856	634.4289405684755	segmented_cell	cancer_core
TONIC_TMA15_R10C1	145.60699588477365	942.7880658436214	segmented_cell	cancer_core
TONIC_TMA15_R10C1	1363.5362903225807	480.633064516129	segmented_cell	cancer_core
TONIC_TMA15_R10C1	487.54375	1094.9875	segmented_cell	cancer_core
TONIC_TMA15_R10C1	526.9236760124611	595.4750778816199	segmented_cell	cancer_core
TONIC_TMA15_R10C1	786.4721189591078	1483.8847583643123	segmented_cell	cancer_core
TONIC_TMA15_R10C1	202.0927672955975	1385.7908805031448	segmented_cell	cancer_core
TONIC_TMA15_R10C1	1282.207446808511	1694.728723404255	segmented_cell	cancer_core
TONIC_TMA15_R10C1	1566.8823529411766	1589.9346405228755	segmented_cell	cancer_core
TONIC_TMA15_R10C1	7.935922330097087	810.0524271844661	segmented_cell	cancer_core
TONIC_TMA15_R10C1	623.1801801801802	1131.1711711711712	segmented_cell	cancer_core
TONIC_TMA15_R10C1	1986.0332850940663	1912.0072358900145	segmented_cell	cancer_core
TONIC_TMA15_R10C1	1682.795100222717	438.3853006681514	segmented_cell	cancer_core
TONIC_TMA15_R10C1	1198.0977443609022	1475.6766917293232	segmented_cell	cancer_core
TONIC_TMA15_R10C1	542.7982832618026	9.630901287553648	segmented_cell	cancer_core
TONIC_TMA15_R10C1	1381.9830985915494	1164.6338028169014	segmented_cell	cancer_core
TONIC_TMA15_R10C1	1228.9164265129682	361.5792507204611	segmented_cell	cancer_core
TONIC_TMA15_R10C1	266.7050438596491	634.0142543859649	segmented_cell	cancer_core
TONIC_TMA15_R10C1	489.2342857142857	1807.0742857142857	segmented_cell	cancer_core
TONIC_TMA15_R10C1	515.8524096385543	1579.9186746987953	segmented_cell	cancer_core
TONIC_TMA15_R10C1	341.0530303030303	1164.939393939394	segmented_cell	cancer_core
TONIC_TMA15_R10C1	1226.2649572649573	565.3062678062678	segmented_cell	cancer_border
TONIC_TMA15_R10C1	1209.4894366197184	292.0645539906103	segmented_cell	cancer_core
TONIC_TMA15_R10C1	26.085685483870968	830.516129032258	segmented_cell	cancer_core
TONIC_TMA15_R10C1	1901.2859712230213	535.0881294964029	segmented_cell	cancer_core
TONIC_TMA15_R10C1	1113.3127962085307	235.6445497630332	segmented_cell	cancer_border
TONIC_TMA15_R10C1	1618.5482815057285	1157.2602291325695	segmented_cell	cancer_core
TONIC_TMA15_R10C1	599.7307692307693	252.3846153846154	segmented_cell	cancer_core
TONIC_TMA15_R10C1	484.35341365461846	1418.2650602409635	segmented_cell	cancer_core
TONIC_TMA15_R10C1	100.50552486187846	1888.780386740332	segmented_cell	cancer_core
TONIC_TMA15_R10C1	601.4843462246777	1577.6427255985268	segmented_cell	cancer_core
TONIC_TMA15_R10C1	281.0094339622641	1763.37106918239	segmented_cell	cancer_core
TONIC_TMA15_R10C1	89.55822550831793	1837.62292051756	segmented_cell	cancer_core
TONIC_TMA15_R10C1	803.7539267015707	950.3298429319372	segmented_cell	cancer_core
TONIC_TMA15_R10C1	1118.0681265206813	1821.939172749392	segmented_cell	cancer_core
TONIC_TMA15_R10C1	2040.340476190476	641.8452380952381	segmented_cell	cancer_core
TONIC_TMA15_R10C1	562.4007352941177	275.2904411764706	segmented_cell	cancer_core
TONIC_TMA15_R10C1	966.5429497568882	690.3128038897893	segmented_cell	cancer_core
TONIC_TMA15_R10C1	932.8490566037736	414.6383647798742	segmented_cell	cancer_border
TONIC_TMA15_R10C1	1702.749710312862	525.2734646581691	segmented_cell	cancer_core
TONIC_TMA15_R10C1	1071.0787401574803	1543.291338582677	segmented_cell	cancer_core
TONIC_TMA15_R10C1	1532.139705882353	259.5257352941176	segmented_cell	cancer_core
TONIC_TMA15_R10C1	1750.1713483146068	941.3932584269664	segmented_cell	cancer_core
TONIC_TMA15_R10C1	715.12	1558.6757894736843	segmented_cell	cancer_core
TONIC_TMA15_R10C1	1780.6679790026246	994.2283464566927	segmented_cell	cancer_core
TONIC_TMA15_R10C1	824.9824945295405	303.72210065645515	segmented_cell	cancer_core
TONIC_TMA15_R10C1	1703.593085106383	1445.8696808510638	segmented_cell	cancer_core
TONIC_TMA15_R10C1	976.1378476420798	1216.7412333736395	segmented_cell	cancer_core
TONIC_TMA15_R10C1	211.98230088495572	602.0176991150443	segmented_cell	cancer_core
TONIC_TMA15_R10C1	1176.0	505.2324561403509	segmented_cell	cancer_border
TONIC_TMA15_R10C1	1918.8385922330096	1528.753640776699	segmented_cell	cancer_core
TONIC_TMA15_R10C1	1392.2254335260116	208.0	segmented_cell	cancer_core
TONIC_TMA15_R10C1	17.57107843137255	661.2450980392157	segmented_cell	cancer_core
TONIC_TMA15_R10C1	423.1294642857143	1196.821428571429	segmented_cell	cancer_core
TONIC_TMA15_R10C1	490.133072407045	1732.0	segmented_cell	cancer_core
TONIC_TMA15_R10C1	1609.816091954023	1011.8275862068964	segmented_cell	cancer_core
TONIC_TMA15_R10C1	1048.5429553264603	1794.3917525773195	segmented_cell	cancer_core
TONIC_TMA15_R10C1	284.8047619047619	984.904761904762	segmented_cell	cancer_core
TONIC_TMA15_R10C1	1308.326359832636	1750.5355648535565	segmented_cell	cancer_core
TONIC_TMA15_R10C1	405.3782894736842	1071.391447368421	segmented_cell	cancer_core
TONIC_TMA15_R10C1	329.0536398467433	1734.9655172413793	segmented_cell	cancer_core
TONIC_TMA15_R10C1	1140.6353135313532	915.046204620462	segmented_cell	cancer_core
TONIC_TMA15_R10C1	1617.1477045908184	773.748502994012	segmented_cell	cancer_core
TONIC_TMA15_R10C1	1139.48087431694	74.69945355191257	segmented_cell	cancer_core
TONIC_TMA15_R10C1	398.02718006795016	1820.2797281993203	segmented_cell	cancer_core
TONIC_TMA15_R10C1	1225.0785340314137	1449.2513089005236	segmented_cell	cancer_core
TONIC_TMA15_R10C1	1482.1803278688524	525.4098360655738	segmented_cell	cancer_core
TONIC_TMA15_R10C1	612.5358361774744	579.5039817974972	segmented_cell	cancer_core
TONIC_TMA15_R10C1	1223.5272727272727	1558.3545454545454	segmented_cell	cancer_core
TONIC_TMA15_R10C1	1308.4685646500593	1371.6761565836298	segmented_cell	cancer_core
TONIC_TMA15_R10C1	324.12345679012344	786.0699588477366	segmented_cell	cancer_core
TONIC_TMA15_R10C1	1950.3157290470724	1134.7623421354765	segmented_cell	cancer_core
TONIC_TMA15_R10C1	1062.2696629213483	934.3220973782772	segmented_cell	cancer_core
TONIC_TMA15_R10C1	562.7197802197802	1999.8186813186808	segmented_cell	cancer_core
TONIC_TMA15_R10C1	314.0261324041812	1909.761324041812	segmented_cell	cancer_core
TONIC_TMA15_R10C1	1303.354586129754	991.5178970917226	segmented_cell	cancer_core
TONIC_TMA15_R10C1	1643.2535211267605	964.3080985915492	segmented_cell	cancer_core
TONIC_TMA15_R10C1	1877.4514563106795	1115.2961165048544	segmented_cell	cancer_core
TONIC_TMA15_R10C1	1964.2586666666664	6.266666666666667	segmented_cell	cancer_core
TONIC_TMA15_R10C1	294.48201438848923	839.863309352518	segmented_cell	cancer_core
TONIC_TMA15_R10C1	472.421768707483	1590.5034013605443	segmented_cell	cancer_core
TONIC_TMA15_R10C1	32.16317365269461	1718.252994011976	segmented_cell	cancer_core
TONIC_TMA15_R10C1	1141.8623188405795	1270.792270531401	segmented_cell	cancer_core
TONIC_TMA15_R10C1	779.4096109839817	1578.867276887872	segmented_cell	cancer_core
TONIC_TMA15_R10C1	1239.8296296296296	1736.888888888889	segmented_cell	cancer_core
TONIC_TMA15_R10C1	1964.6643550624133	624.9902912621359	segmented_cell	cancer_core
TONIC_TMA15_R10C1	1276.625287356322	1973.9954022988504	segmented_cell	cancer_core
TONIC_TMA15_R10C1	1661.3507462686566	1206.7356076759063	segmented_cell	cancer_core
TONIC_TMA15_R10C1	930.2638888888888	1389.9614197530864	segmented_cell	cancer_core
TONIC_TMA15_R10C1	1074.1351351351352	1049.3027027027026	segmented_cell	cancer_core
TONIC_TMA15_R10C1	378.63253012048193	55.01204819277108	segmented_cell	cancer_core
TONIC_TMA15_R10C1	619.9070735090153	883.8418862690708	segmented_cell	cancer_core
TONIC_TMA15_R10C1	1050.1333333333334	1538.5555555555557	segmented_cell	cancer_core
TONIC_TMA15_R10C1	367.8034682080925	1911.6531791907516	segmented_cell	cancer_core
TONIC_TMA15_R10C1	1158.9912663755458	1703.0305676855896	segmented_cell	cancer_core
TONIC_TMA15_R10C1	1661.1565217391303	518.2521739130435	segmented_cell	cancer_core
TONIC_TMA15_R10C1	1432.532041728763	316.9016393442623	segmented_cell	cancer_core
TONIC_TMA15_R10C1	1511.54039497307	432.294434470377	segmented_cell	cancer_core
TONIC_TMA15_R10C1	430.3786816269285	686.2678821879383	segmented_cell	cancer_core
TONIC_TMA15_R10C1	1769.3955555555556	910.64	segmented_cell	cancer_core
TONIC_TMA15_R10C1	78.23429951690821	594.7898550724638	segmented_cell	cancer_core
TONIC_TMA15_R10C1	1996.6444444444444	523.789898989899	segmented_cell	cancer_core
TONIC_TMA15_R10C1	1117.7099494097808	1293.77065767285	segmented_cell	cancer_core
TONIC_TMA15_R10C1	1167.1335504885994	1664.7328990228011	segmented_cell	cancer_core
TONIC_TMA15_R10C1	1265.1174568965516	1436.0452586206898	segmented_cell	cancer_core
TONIC_TMA15_R10C1	687.6641221374045	1766.0458015267177	segmented_cell	cancer_core
TONIC_TMA15_R10C1	1688.2758186397984	742.9899244332494	segmented_cell	cancer_core
TONIC_TMA15_R10C1	1358.425641025641	259.46666666666664	segmented_cell	cancer_core
TONIC_TMA15_R10C1	1928.160377358491	242.85471698113207	segmented_cell	cancer_core
TONIC_TMA15_R10C1	761.3205128205128	806.5457875457876	segmented_cell	cancer_core
TONIC_TMA15_R10C1	1381.659137577002	377.1273100616016	segmented_cell	cancer_core
TONIC_TMA15_R10C1	1376.824712643678	1857.721264367816	segmented_cell	cancer_core
TONIC_TMA15_R10C1	281.3575920934412	664.5220125786163	segmented_cell	cancer_core
TONIC_TMA15_R10C1	1268.21484375	2015.66015625	segmented_cell	cancer_core
TONIC_TMA15_R10C1	587.9518413597734	1784.2889518413597	segmented_cell	cancer_core
TONIC_TMA15_R10C1	1630.3302752293578	1010.577981651376	segmented_cell	cancer_core
TONIC_TMA15_R10C1	1009.1534653465346	1687.7277227722773	segmented_cell	cancer_core
TONIC_TMA15_R10C1	1190.1986863711002	970.9162561576354	segmented_cell	cancer_core
TONIC_TMA15_R10C1	812.3639575971731	1443.4063604240282	segmented_cell	cancer_core
TONIC_TMA15_R10C1	1425.9831932773109	2040.9915966386557	segmented_cell	cancer_core
TONIC_TMA15_R10C1	486.857433808554	1614.600814663951	segmented_cell	cancer_core
TONIC_TMA15_R10C1	202.45897079276773	649.1265646731572	segmented_cell	cancer_core
TONIC_TMA15_R10C1	357.4548944337812	478.8291746641075	segmented_cell	cancer_core
TONIC_TMA15_R10C1	598.3838254172016	1388.2528883183568	segmented_cell	cancer_core
TONIC_TMA15_R10C1	1705.2663265306123	559.804081632653	segmented_cell	cancer_core
TONIC_TMA15_R10C1	1811.0579710144928	61.20048309178744	segmented_cell	cancer_core
TONIC_TMA15_R10C1	954.4589947089949	597.7870370370371	segmented_cell	cancer_core
TONIC_TMA15_R10C1	822.1790633608815	1597.7341597796144	segmented_cell	cancer_core
TONIC_TMA15_R10C1	769.1746031746031	698.9232804232804	segmented_cell	cancer_core
TONIC_TMA15_R10C1	415.480701754386	1132.878947368421	segmented_cell	cancer_core
TONIC_TMA15_R10C1	1891.454081632653	1250.3520408163265	segmented_cell	cancer_core
TONIC_TMA15_R10C1	1344.813953488372	123.04651162790698	segmented_cell	cancer_core
TONIC_TMA15_R10C1	522.9601518026566	410.32827324478177	segmented_cell	cancer_core
TONIC_TMA15_R10C1	1206.874296435272	133.62476547842402	segmented_cell	cancer_core
TONIC_TMA15_R10C1	1820.8486842105265	1600.671052631579	segmented_cell	cancer_core
TONIC_TMA15_R10C1	1855.6191588785048	905.6705607476636	segmented_cell	cancer_core
TONIC_TMA15_R10C1	155.66447368421052	1382.8552631578948	segmented_cell	cancer_core
TONIC_TMA15_R10C1	302.45915492957744	68.85070422535212	segmented_cell	cancer_core
TONIC_TMA15_R10C1	1989.1328671328672	1472.3863636363635	segmented_cell	cancer_core
TONIC_TMA15_R10C1	211.24921135646687	1068.2618296529968	segmented_cell	cancer_core
TONIC_TMA15_R10C1	921.2201257861636	1853.4654088050315	segmented_cell	cancer_core
TONIC_TMA15_R10C1	575.7785714285715	1482.8482142857142	segmented_cell	cancer_core
TONIC_TMA15_R10C1	1987.7074829931971	1108.424036281179	segmented_cell	cancer_core
TONIC_TMA15_R10C1	712.9511002444988	1060.6185819070904	segmented_cell	cancer_core
TONIC_TMA15_R10C1	1678.1901763224182	849.9974811083123	segmented_cell	cancer_core
TONIC_TMA15_R10C1	1544.4922279792745	22.70984455958549	segmented_cell	cancer_core
TONIC_TMA15_R10C1	267.44736842105266	7.1798245614035086	segmented_cell	cancer_core
TONIC_TMA15_R10C1	30.172549019607843	1514.652941176471	segmented_cell	cancer_core
TONIC_TMA15_R10C1	498.0842191332789	538.1177432542927	segmented_cell	cancer_core
TONIC_TMA15_R10C1	783.144694533762	1538.4083601286177	segmented_cell	cancer_core
TONIC_TMA15_R10C1	1144.8963414634147	1874.5487804878048	segmented_cell	cancer_core
TONIC_TMA15_R10C1	213.69100623330365	1722.792520035619	segmented_cell	cancer_core
TONIC_TMA15_R10C1	1401.80276816609	911.1038062283736	segmented_cell	cancer_core
TONIC_TMA15_R10C1	1649.9934210526317	1756.7302631578948	segmented_cell	cancer_border
TONIC_TMA15_R10C1	1218.5148148148148	1160.9666666666667	segmented_cell	cancer_core
TONIC_TMA15_R10C1	1703.3898305084747	68.14971751412429	segmented_cell	cancer_core
TONIC_TMA15_R10C1	158.02981029810297	848.1761517615176	segmented_cell	cancer_core
TONIC_TMA15_R10C1	2019.6992481203008	415.6315789473685	segmented_cell	cancer_core
TONIC_TMA15_R10C1	612.6422893481717	423.83942766295706	segmented_cell	cancer_core
TONIC_TMA15_R10C1	8.995305164319248	705.2183098591549	segmented_cell	cancer_core
TONIC_TMA15_R10C1	197.49927431059507	551.6981132075472	segmented_cell	cancer_core
TONIC_TMA15_R10C1	1734.5280665280666	384.4324324324325	segmented_cell	cancer_core
TONIC_TMA15_R10C1	601.2602545968882	1828.4879773691653	segmented_cell	cancer_core
TONIC_TMA15_R10C1	421.09740840035744	1601.4218051831992	segmented_cell	cancer_core
TONIC_TMA15_R10C1	1051.113805970149	381.2817164179105	segmented_cell	cancer_border
TONIC_TMA15_R10C1	580.5142857142857	67.83333333333333	segmented_cell	cancer_border
TONIC_TMA15_R10C1	819.5675675675676	854.1152204836416	segmented_cell	cancer_core
TONIC_TMA15_R10C1	1155.8909090909092	329.41818181818184	segmented_cell	cancer_core
TONIC_TMA15_R10C1	360.3681818181818	1877.084090909091	segmented_cell	cancer_core
TONIC_TMA15_R10C1	178.29449838187702	1270.177993527508	segmented_cell	cancer_core
TONIC_TMA15_R10C1	1018.8657534246576	123.9068493150685	segmented_cell	cancer_core
TONIC_TMA15_R10C1	1367.3709677419354	1808.8290322580644	segmented_cell	cancer_core
TONIC_TMA15_R10C1	1978.135632183908	299.9402298850575	segmented_cell	cancer_core
TONIC_TMA15_R10C1	1612.5807453416148	292.4254658385093	segmented_cell	cancer_core
TONIC_TMA15_R10C1	1041.5707070707072	1603.8131313131314	segmented_cell	cancer_core
TONIC_TMA15_R10C1	999.9210779595766	1942.1761308950915	segmented_cell	cancer_core
TONIC_TMA15_R10C1	1720.8632478632478	118.46153846153848	segmented_cell	cancer_core
TONIC_TMA15_R10C1	1126.91985428051	1363.4699453551912	segmented_cell	cancer_core
TONIC_TMA15_R10C1	1737.6858974358977	1078.0961538461538	segmented_cell	cancer_core
TONIC_TMA15_R10C1	1107.6963470319636	1662.0068493150684	segmented_cell	cancer_core
TONIC_TMA15_R10C1	1295.1233766233763	161.30194805194805	segmented_cell	cancer_core
TONIC_TMA15_R10C1	1735.2740879326473	1278.8391019644528	segmented_cell	cancer_core
TONIC_TMA15_R10C1	759.0985576923077	1085.3052884615386	segmented_cell	cancer_core
TONIC_TMA15_R10C1	1243.3092783505156	688.0412371134021	segmented_cell	cancer_core
TONIC_TMA15_R10C1	141.46927374301677	264.3296089385475	segmented_cell	cancer_core
TONIC_TMA15_R10C1	1982.3412256267409	986.966573816156	segmented_cell	cancer_core
TONIC_TMA15_R10C1	794.6042553191489	715.3234042553191	segmented_cell	cancer_core
TONIC_TMA15_R10C1	72.73064516129033	793.5193548387097	segmented_cell	cancer_core
TONIC_TMA15_R10C1	807.4192546583851	2000.658385093168	segmented_cell	cancer_core
TONIC_TMA15_R10C1	1362.7734375	778.90625	segmented_cell	cancer_core
TONIC_TMA15_R10C1	2038.662477558348	1408.8294434470376	segmented_cell	cancer_core
TONIC_TMA15_R10C1	141.85352112676057	317.09014084507044	segmented_cell	cancer_core
TONIC_TMA15_R10C1	477.4305084745762	2030.7661016949155	segmented_cell	cancer_core
TONIC_TMA15_R10C1	1622.0541871921182	1228.8226600985222	segmented_cell	cancer_core
TONIC_TMA15_R10C1	1693.5504885993485	144.82410423452768	segmented_cell	cancer_core
TONIC_TMA15_R10C1	1198.5172413793102	822.0689655172414	segmented_cell	cancer_core
TONIC_TMA15_R10C1	416.48997772828506	1103.3875278396436	segmented_cell	cancer_core
TONIC_TMA15_R10C1	850.4386206896552	1791.623448275862	segmented_cell	cancer_core
TONIC_TMA15_R10C1	469.73269230769233	1735.5961538461538	segmented_cell	cancer_core
TONIC_TMA15_R10C1	1928.2526315789476	664.3052631578947	segmented_cell	cancer_border
TONIC_TMA15_R10C1	1025.765726681128	832.1323210412147	segmented_cell	cancer_core
TONIC_TMA15_R10C1	1123.353065539112	1430.8372093023256	segmented_cell	cancer_core
TONIC_TMA15_R10C1	2005.2738853503183	45.44904458598726	segmented_cell	cancer_core
TONIC_TMA15_R10C1	1619.6176470588234	491.1372549019608	segmented_cell	cancer_core
TONIC_TMA15_R10C1	1668.8233890214797	1666.670644391408	segmented_cell	cancer_core
TONIC_TMA15_R10C1	914.2624113475176	173.6950354609929	segmented_cell	cancer_core
TONIC_TMA15_R10C1	1436.7840290381123	1764.9165154264972	segmented_cell	cancer_border
TONIC_TMA15_R10C1	1030.1969365426696	789.562363238512	segmented_cell	cancer_core
TONIC_TMA15_R10C1	881.0805902383655	814.7491486946651	segmented_cell	cancer_core
TONIC_TMA15_R10C1	860.6549165120593	794.9517625231911	segmented_cell	cancer_core
TONIC_TMA15_R10C1	1222.6192468619247	937.6192468619248	segmented_cell	cancer_core
TONIC_TMA15_R10C1	589.5783132530121	1596.3855421686746	segmented_cell	cancer_core
TONIC_TMA15_R10C1	651.1501976284585	984.144927536232	segmented_cell	cancer_core
TONIC_TMA15_R10C1	334.0045977011494	711.8712643678161	segmented_cell	cancer_core
TONIC_TMA15_R10C1	911.7472527472528	1448.9175824175825	segmented_cell	cancer_core
TONIC_TMA15_R10C1	1492.7049504950496	86.78415841584159	segmented_cell	cancer_core
TONIC_TMA15_R10C1	1245.6870503597122	1982.093525179856	segmented_cell	cancer_core
TONIC_TMA15_R10C1	998.354938271605	1246.7067901234568	segmented_cell	cancer_core
TONIC_TMA15_R10C1	1055.5734664764625	85.56062767475035	segmented_cell	cancer_core
TONIC_TMA15_R10C1	224.5108359133127	1184.297213622291	segmented_cell	cancer_core
TONIC_TMA15_R10C1	275.9338103756708	779.5635062611807	segmented_cell	cancer_core
TONIC_TMA15_R10C1	1414.4196689386563	1878.7945472249269	segmented_cell	cancer_core
TONIC_TMA15_R10C1	1285.7374631268435	1459.5162241887906	segmented_cell	cancer_core
TONIC_TMA15_R10C1	1126.3097643097642	472.4006734006734	segmented_cell	cancer_core
TONIC_TMA15_R10C1	152.68041237113405	738.160824742268	segmented_cell	cancer_core
TONIC_TMA15_R10C1	1626.7832369942196	959.0606936416184	segmented_cell	cancer_core
TONIC_TMA15_R10C1	61.03222918531782	1575.230975828111	segmented_cell	cancer_core
TONIC_TMA15_R10C1	301.5595238095238	1405.797619047619	segmented_cell	cancer_core
TONIC_TMA15_R10C1	1994.642857142857	458.45454545454544	segmented_cell	cancer_core
TONIC_TMA15_R10C1	925.3863247863248	1492.468376068376	segmented_cell	cancer_core
TONIC_TMA15_R10C1	746.9241379310345	517.0344827586207	segmented_cell	cancer_border
TONIC_TMA15_R10C1	366.39130434782606	1746.2995169082126	segmented_cell	cancer_core
TONIC_TMA15_R10C1	452.05	1079.9	segmented_cell	cancer_core
TONIC_TMA15_R10C1	405.775	1410.315	segmented_cell	cancer_core
TONIC_TMA15_R10C1	232.1904761904762	1067.1650793650797	segmented_cell	cancer_core
TONIC_TMA15_R10C1	1159.1273885350315	60.72929936305732	segmented_cell	cancer_core
TONIC_TMA15_R10C1	247.10919540229884	1032.2911877394636	segmented_cell	cancer_core
TONIC_TMA15_R10C1	1333.4328358208954	1760.7929104477612	segmented_cell	cancer_core
TONIC_TMA15_R10C1	331.84326424870466	886.2603626943005	segmented_cell	cancer_border
TONIC_TMA15_R10C1	599.1282051282051	101.12820512820512	segmented_cell	cancer_border
TONIC_TMA15_R10C1	354.24271844660194	1475.6043689320388	segmented_cell	cancer_core
TONIC_TMA15_R10C1	1634.5241779497098	728.4912959381045	segmented_cell	cancer_core
TONIC_TMA15_R10C1	921.9572368421052	2035.8815789473683	segmented_cell	cancer_core
TONIC_TMA15_R10C1	663.8612099644129	430.6227758007117	segmented_cell	cancer_core
TONIC_TMA15_R10C1	1116.0597014925372	1915.8328358208955	segmented_cell	cancer_core
TONIC_TMA15_R10C1	382.3415841584159	1398.0	segmented_cell	cancer_core
TONIC_TMA15_R10C1	758.9291338582677	1432.0564304461943	segmented_cell	cancer_core
TONIC_TMA15_R10C1	243.68449197860963	1769.427807486631	segmented_cell	cancer_core
TONIC_TMA15_R10C1	1268.236559139785	1717.247311827957	segmented_cell	cancer_core
TONIC_TMA15_R10C1	1302.845486111111	1719.1649305555557	segmented_cell	cancer_core
TONIC_TMA15_R10C1	1550.9913606911448	2037.645788336933	segmented_cell	cancer_core
TONIC_TMA15_R10C1	912.645739910314	830.1674140508221	segmented_cell	cancer_core
TONIC_TMA15_R10C1	1289.0697674418604	1732.6558139534884	segmented_cell	cancer_core
TONIC_TMA15_R10C1	1343.8181818181818	1335.1433566433566	segmented_cell	cancer_border
TONIC_TMA15_R10C1	770.0900900900901	1548.7567567567569	segmented_cell	cancer_core
TONIC_TMA15_R10C1	1462.7215411558668	615.5429071803853	segmented_cell	cancer_core
TONIC_TMA15_R10C1	722.7896551724137	1626.3172413793104	segmented_cell	cancer_core
TONIC_TMA15_R10C1	1236.0944881889764	1268.9448818897638	segmented_cell	cancer_core
TONIC_TMA15_R10C1	712.4232209737828	658.5842696629213	segmented_cell	cancer_core
TONIC_TMA15_R10C1	1490.2018072289156	1641.4518072289156	segmented_cell	cancer_core
TONIC_TMA15_R10C1	939.2066666666668	1891.52	segmented_cell	cancer_core
TONIC_TMA15_R10C1	2005.0242424242424	1757.8626262626262	segmented_cell	cancer_core
TONIC_TMA15_R10C1	730.2208436724566	1295.5409429280396	segmented_cell	cancer_core
TONIC_TMA15_R10C1	161.55763688760806	297.8847262247839	segmented_cell	cancer_core
TONIC_TMA15_R10C1	587.5968992248062	1555.5090439276487	segmented_cell	cancer_core
TONIC_TMA15_R10C1	1107.1176470588234	2013.4117647058824	segmented_cell	cancer_core
TONIC_TMA15_R10C1	1831.7166666666667	513.9277777777778	segmented_cell	cancer_core
TONIC_TMA15_R10C1	2024.8842832469772	1099.782383419689	segmented_cell	cancer_core
TONIC_TMA15_R10C1	1349.8710865561695	807.147329650092	segmented_cell	cancer_core
TONIC_TMA15_R10C1	574.695652173913	1306.6347826086956	segmented_cell	cancer_core
TONIC_TMA15_R10C1	1046.018691588785	1361.6214953271028	segmented_cell	cancer_core
TONIC_TMA15_R10C1	109.125	1145.5441176470588	segmented_cell	cancer_core
TONIC_TMA15_R10C1	1172.758354755784	1037.1568123393315	segmented_cell	cancer_core
TONIC_TMA15_R10C1	616.3693009118541	1559.6382978723404	segmented_cell	cancer_core
TONIC_TMA15_R10C1	1348.1898734177216	1178.387658227848	segmented_cell	cancer_core
TONIC_TMA15_R10C1	1190.700325732899	1723.2833876221498	segmented_cell	cancer_core
TONIC_TMA15_R10C1	1894.3622704507516	1826.9732888146912	segmented_cell	cancer_core
TONIC_TMA15_R10C1	622.9853181076672	959.663947797716	segmented_cell	cancer_border
TONIC_TMA15_R10C1	336.88955223880595	1557.910447761194	segmented_cell	cancer_core
TONIC_TMA15_R10C1	1432.0403225806451	458.258064516129	segmented_cell	cancer_core
TONIC_TMA15_R10C1	586.3270142180095	1365.0876777251185	segmented_cell	cancer_core
TONIC_TMA15_R10C1	1914.159779614325	44.37465564738292	segmented_cell	cancer_core
TONIC_TMA15_R10C1	974.7530864197532	1792.218106995885	segmented_cell	cancer_core
TONIC_TMA15_R10C1	601.9193548387096	1540.1082949308757	segmented_cell	cancer_core
TONIC_TMA15_R10C1	494.4295154185022	606.9812775330397	segmented_cell	cancer_core
TONIC_TMA15_R10C1	2004.857512953368	1668.3445595854923	segmented_cell	cancer_core
TONIC_TMA15_R10C1	975.3277108433734	808.3566265060241	segmented_cell	cancer_core
TONIC_TMA15_R10C1	1383.5034965034963	1751.222027972028	segmented_cell	cancer_core
TONIC_TMA15_R10C1	1761.8106666666667	1882.0093333333332	segmented_cell	cancer_border
TONIC_TMA15_R10C1	449.17454858125535	1630.3688736027516	segmented_cell	cancer_core
TONIC_TMA15_R10C1	1330.1703296703297	1181.5494505494505	segmented_cell	cancer_core
TONIC_TMA15_R10C1	1396.5719844357975	135.8599221789883	segmented_cell	cancer_core
TONIC_TMA15_R10C1	1799.1646153846154	107.2523076923077	segmented_cell	cancer_core
TONIC_TMA15_R10C1	1783.1775956284152	707.5300546448087	segmented_cell	cancer_core
TONIC_TMA15_R10C1	1672.7799564270151	1591.5381263616557	segmented_cell	cancer_core
TONIC_TMA15_R10C1	1585.168115942029	130.35072463768117	segmented_cell	cancer_core
TONIC_TMA15_R10C1	1431.342372881356	1719.162711864407	segmented_cell	cancer_core
TONIC_TMA15_R10C1	840.0046012269938	830.4647239263803	segmented_cell	cancer_core
TONIC_TMA15_R10C1	1013.086776859504	1642.1611570247933	segmented_cell	cancer_core
TONIC_TMA15_R10C1	960.963963963964	1458.891891891892	segmented_cell	cancer_core
TONIC_TMA15_R10C1	1002.525198938992	364.4323607427056	segmented_cell	stroma_border
TONIC_TMA15_R10C1	1209.8081264108353	1140.7584650112867	segmented_cell	cancer_core
TONIC_TMA15_R10C1	752.5153153153153	1781.5783783783784	segmented_cell	cancer_core
TONIC_TMA15_R10C1	728.1184336198663	1012.662846227316	segmented_cell	cancer_core
TONIC_TMA15_R10C1	1802.699115044248	1532.6873156342183	segmented_cell	cancer_core
TONIC_TMA15_R10C1	1447.166172106825	1743.937685459941	segmented_cell	cancer_border
TONIC_TMA15_R10C1	551.8196721311475	1939.6838407494145	segmented_cell	cancer_core
TONIC_TMA15_R10C1	396.6815642458101	1119.2383612662943	segmented_cell	cancer_core
TONIC_TMA15_R10C1	1019.672131147541	1913.9535519125684	segmented_cell	cancer_core
TONIC_TMA15_R10C1	477.63793103448273	1993.1206896551723	segmented_cell	cancer_core
TONIC_TMA15_R10C1	1946.507716049383	758.2083333333334	segmented_cell	cancer_border
TONIC_TMA15_R10C1	18.706976744186047	1067.2790697674418	segmented_cell	cancer_core
TONIC_TMA15_R10C1	1137.768233387358	819.2479740680714	segmented_cell	cancer_core
TONIC_TMA15_R10C1	1923.7305194805197	264.1948051948052	segmented_cell	cancer_core
TONIC_TMA15_R10C1	563.2269326683291	2030.581047381546	segmented_cell	cancer_core
TONIC_TMA15_R10C1	843.0332749562172	484.5359019264448	segmented_cell	cancer_core
TONIC_TMA15_R10C1	1245.1126331811265	16.756468797564686	segmented_cell	cancer_core
TONIC_TMA15_R10C1	1026.4196547144754	996.402390438247	segmented_cell	cancer_core
TONIC_TMA15_R10C1	1526.0558069381598	353.0346907993967	segmented_cell	cancer_core
TONIC_TMA15_R10C1	328.5057915057915	858.3166023166024	segmented_cell	cancer_border
TONIC_TMA15_R10C1	178.58392434988178	1562.6808510638298	segmented_cell	cancer_core
TONIC_TMA15_R10C1	1284.0395256916995	1505.0316205533595	segmented_cell	cancer_core
TONIC_TMA15_R10C1	1139.017804154303	1832.8427299703264	segmented_cell	cancer_core
TONIC_TMA15_R10C1	1373.5645161290322	1263.7903225806451	segmented_cell	cancer_border
TONIC_TMA15_R10C1	748.8846153846154	1325.3557692307693	segmented_cell	cancer_core
TONIC_TMA15_R10C1	594.78	1253.0666666666666	segmented_cell	cancer_core
TONIC_TMA15_R10C1	614.0318906605922	778.1981776765376	segmented_cell	stroma_border
TONIC_TMA15_R10C1	1801.1751824817518	1685.153284671533	segmented_cell	cancer_core
TONIC_TMA15_R10C1	1941.636363636364	974.0454545454544	segmented_cell	cancer_core
TONIC_TMA15_R10C1	1471.431906614786	1042.5330739299611	segmented_cell	cancer_core
TONIC_TMA15_R10C1	1843.3410301953816	281.1207815275311	segmented_cell	cancer_core
TONIC_TMA15_R10C1	812.7917847025495	553.4447592067988	segmented_cell	cancer_core
TONIC_TMA15_R10C1	143.66959064327486	1102.6198830409355	segmented_cell	cancer_core
TONIC_TMA15_R10C1	1955.602609727165	1347.4223013048636	segmented_cell	cancer_core
TONIC_TMA15_R10C1	1075.7581775700935	1232.661214953271	segmented_cell	cancer_core
TONIC_TMA15_R10C1	1565.4848484848485	837.9057239057239	segmented_cell	cancer_core
TONIC_TMA15_R10C1	1844.985013623978	501.4264305177112	segmented_cell	cancer_core
TONIC_TMA15_R10C1	215.71546961325967	1311.9834254143643	segmented_cell	cancer_core
TONIC_TMA15_R10C1	1879.168618266979	752.5503512880562	segmented_cell	cancer_border
TONIC_TMA15_R10C1	605.106936416185	1441.2023121387283	segmented_cell	cancer_core
TONIC_TMA15_R10C1	1017.5946398659968	1087.2311557788944	segmented_cell	cancer_core
TONIC_TMA15_R10C1	1715.956989247312	460.6749379652605	segmented_cell	cancer_core
TONIC_TMA15_R10C1	1932.6814516129032	2008.766129032258	segmented_cell	cancer_core
TONIC_TMA15_R10C1	1103.6977687626777	203.67951318458415	segmented_cell	cancer_core
TONIC_TMA15_R10C1	806.6229508196722	1330.5901639344263	segmented_cell	cancer_core
TONIC_TMA15_R10C1	1384.7464788732395	329.59154929577466	segmented_cell	cancer_core
TONIC_TMA15_R10C1	852.7083333333334	1408.1527777777778	segmented_cell	cancer_core
TONIC_TMA15_R10C1	1529.1985915492958	1617.850704225352	segmented_cell	cancer_core
TONIC_TMA15_R10C1	1674.7953410981695	399.7204658901831	segmented_cell	cancer_core
TONIC_TMA15_R10C1	1834.9795221843003	1298.2662116040956	segmented_cell	stroma_border
TONIC_TMA15_R10C1	811.3962703962704	155.6130536130536	segmented_cell	cancer_border
TONIC_TMA15_R10C1	1460.9420849420849	870.6872586872587	segmented_cell	cancer_core
TONIC_TMA15_R10C1	82.03053435114504	1432.618320610687	segmented_cell	cancer_core
TONIC_TMA15_R10C1	1986.8376963350784	51.75916230366492	segmented_cell	cancer_core
TONIC_TMA15_R10C1	1291.204379562044	1055.8649635036495	segmented_cell	cancer_core
TONIC_TMA15_R10C1	1135.763440860215	1620.1182795698924	segmented_cell	cancer_core
TONIC_TMA15_R10C1	731.7789291882556	983.93609671848	segmented_cell	cancer_core
TONIC_TMA15_R10C1	882.531007751938	1843.3992248062016	segmented_cell	cancer_core
TONIC_TMA15_R10C1	735.914191419142	1563.957095709571	segmented_cell	cancer_core
TONIC_TMA15_R10C1	1145.5245327102805	471.1670560747664	segmented_cell	cancer_core
TONIC_TMA15_R10C1	1513.94578313253	90.56626506024097	segmented_cell	cancer_core
TONIC_TMA15_R10C1	2034.8828671328672	1288.972027972028	segmented_cell	cancer_core
TONIC_TMA15_R10C1	1149.3226890756305	1088.8201680672269	segmented_cell	cancer_core
TONIC_TMA15_R10C1	1556.718894009217	256.852534562212	segmented_cell	cancer_core
TONIC_TMA15_R10C1	1363.1688596491229	394.2171052631579	segmented_cell	cancer_core
TONIC_TMA15_R10C1	1203.2101910828026	1641.3821656050957	segmented_cell	cancer_core
TONIC_TMA15_R10C1	1567.5613850996851	277.61070304302206	segmented_cell	cancer_core
TONIC_TMA15_R10C1	427.62450592885375	37.89723320158103	segmented_cell	cancer_core
TONIC_TMA15_R10C1	1625.5993208828522	449.3616298811545	segmented_cell	cancer_core
TONIC_TMA15_R10C1	1242.9107981220657	285.5164319248826	segmented_cell	cancer_core
TONIC_TMA15_R10C1	402.3045871559633	640.4128440366973	segmented_cell	cancer_core
TONIC_TMA15_R10C1	1111.6889632107022	1481.408026755853	segmented_cell	cancer_core
TONIC_TMA15_R10C1	1396.0524109014675	647.0461215932914	segmented_cell	cancer_core
TONIC_TMA15_R10C1	861.6875	1276.9940476190477	segmented_cell	cancer_core
TONIC_TMA15_R10C1	1329.698795180723	360.66506024096384	segmented_cell	cancer_core
TONIC_TMA15_R10C1	1594.4527559055118	772.988188976378	segmented_cell	cancer_core
TONIC_TMA15_R10C1	1239.5853658536585	542.6544715447154	segmented_cell	stroma_border
TONIC_TMA15_R10C1	1787.718072289157	364.455421686747	segmented_cell	cancer_core
TONIC_TMA15_R10C1	806.7627627627628	295.03903903903904	segmented_cell	cancer_core
TONIC_TMA15_R10C1	1427.625	1737.7954545454545	segmented_cell	cancer_border
TONIC_TMA15_R10C1	1577.043918918919	1567.75	segmented_cell	cancer_core
TONIC_TMA15_R10C1	274.1117705242334	1739.3847675568743	segmented_cell	cancer_core
TONIC_TMA15_R10C1	809.1891891891892	1482.7837837837835	segmented_cell	cancer_core
TONIC_TMA15_R10C1	87.63733905579399	1096.9678111587982	segmented_cell	cancer_core
TONIC_TMA15_R10C1	392.0629722921914	1090.2670025188918	segmented_cell	cancer_core
TONIC_TMA15_R10C1	461.6943089430894	276.5772357723577	segmented_cell	cancer_core
TONIC_TMA15_R10C1	1872.1668185961717	552.077484047402	segmented_cell	cancer_core
TONIC_TMA15_R10C1	1065.887399463807	392.4182305630027	segmented_cell	cancer_border
TONIC_TMA15_R10C1	1330.5194174757282	234.51941747572812	segmented_cell	cancer_core
TONIC_TMA15_R10C1	193.81057268722464	1650.3436123348015	segmented_cell	cancer_core
TONIC_TMA15_R10C1	1351.993710691824	1127.553459119497	segmented_cell	cancer_core
TONIC_TMA15_R10C1	1198.153409090909	426.1382575757576	segmented_cell	cancer_core
TONIC_TMA15_R10C1	663.9102112676056	547.3380281690141	segmented_cell	cancer_core
TONIC_TMA15_R10C1	1473.0654911838792	1912.7027707808563	segmented_cell	cancer_core
TONIC_TMA15_R10C1	1428.1319444444443	1145.3564814814815	segmented_cell	cancer_core
TONIC_TMA15_R10C1	2007.8852040816328	372.34183673469386	segmented_cell	cancer_core
TONIC_TMA15_R10C1	1943.3905511811024	1317.532283464567	segmented_cell	cancer_core
TONIC_TMA15_R10C1	26.614928909952607	730.2298578199052	segmented_cell	cancer_core
TONIC_TMA15_R10C1	719.6104218362283	716.3821339950372	segmented_cell	cancer_core
TONIC_TMA15_R10C1	1606.7415384615383	1042.446153846154	segmented_cell	cancer_core
TONIC_TMA15_R10C1	1233.2415458937198	716.2101449275362	segmented_cell	cancer_core
TONIC_TMA15_R10C1	1214.7037484885127	328.9697702539299	segmented_cell	cancer_core
TONIC_TMA15_R10C1	695.2234726688102	1943.2491961414792	segmented_cell	cancer_core
TONIC_TMA15_R10C1	421.9803921568628	7.078431372549019	segmented_cell	cancer_core
TONIC_TMA15_R10C1	911.553217821782	608.0037128712871	segmented_cell	cancer_core
TONIC_TMA15_R10C1	1514.1969111969113	522.8532818532818	segmented_cell	cancer_core
TONIC_TMA15_R10C1	807.7526395173454	822.3107088989442	segmented_cell	cancer_core
TONIC_TMA15_R10C1	1205.4979919678717	1548.710843373494	segmented_cell	cancer_core
TONIC_TMA15_R10C1	539.4163090128756	1542.7038626609442	segmented_cell	cancer_core
TONIC_TMA15_R10C1	1806.1522633744853	451.238683127572	segmented_cell	cancer_core
TONIC_TMA15_R10C1	440.0903790087464	291.31486880466474	segmented_cell	cancer_core
TONIC_TMA15_R10C1	330.62704918032784	233.54644808743168	segmented_cell	cancer_core
TONIC_TMA15_R10C1	1041.6725925925923	17.32296296296296	segmented_cell	cancer_core
TONIC_TMA15_R10C1	106.41111111111113	1987.0382716049385	segmented_cell	cancer_core
TONIC_TMA15_R10C1	1491.5709219858156	157.64893617021278	segmented_cell	cancer_core
TONIC_TMA15_R10C1	1447.9302325581396	339.9186046511628	segmented_cell	cancer_core
TONIC_TMA15_R10C1	1504.0449438202247	1851.9213483146068	segmented_cell	cancer_border
TONIC_TMA15_R10C1	709.5616438356165	1547.4246575342463	segmented_cell	cancer_core
TONIC_TMA15_R10C1	1120.874125874126	1272.4428904428903	segmented_cell	cancer_core
TONIC_TMA15_R10C1	716.9866220735786	1173.8260869565215	segmented_cell	cancer_core
TONIC_TMA15_R10C1	1335.083870967742	134.16129032258064	segmented_cell	cancer_core
TONIC_TMA15_R10C1	1288.6798941798943	696.8544973544973	segmented_cell	cancer_core
TONIC_TMA15_R10C1	1652.570570570571	590.2042042042042	segmented_cell	cancer_core
TONIC_TMA15_R10C1	389.2474226804124	1209.0567010309278	segmented_cell	cancer_core
TONIC_TMA15_R10C1	1327.264705882353	1493.400871459695	segmented_cell	cancer_core
TONIC_TMA15_R10C1	2010.2080123266564	1354.2696456086287	segmented_cell	cancer_core
TONIC_TMA15_R10C1	1494.241071428571	11.044642857142858	segmented_cell	cancer_core
TONIC_TMA15_R10C1	923.625	1450.2391304347825	segmented_cell	cancer_core
TONIC_TMA15_R10C1	30.014492753623188	789.5330112721417	segmented_cell	cancer_core
TONIC_TMA15_R10C1	795.665	1584.815	segmented_cell	cancer_core
TONIC_TMA15_R10C1	1349.5913757700205	68.16632443531827	segmented_cell	cancer_core
TONIC_TMA15_R10C1	148.85901639344263	1744.3311475409837	segmented_cell	cancer_core
TONIC_TMA15_R10C1	599.9116766467066	610.2395209580839	segmented_cell	cancer_core
TONIC_TMA15_R10C1	1774.0779014308423	1155.241653418124	segmented_cell	cancer_border
TONIC_TMA15_R10C1	870.0614973262032	1775.7005347593583	segmented_cell	cancer_core
TONIC_TMA15_R10C1	1162.0758122743682	1066.326714801444	segmented_cell	cancer_core
TONIC_TMA15_R10C1	986.2763157894736	365.42105263157896	segmented_cell	stroma_border
TONIC_TMA15_R10C1	1247.8	1888.8387096774195	segmented_cell	cancer_core
TONIC_TMA15_R10C1	1958.9303797468356	796.3924050632911	segmented_cell	cancer_core
TONIC_TMA15_R10C1	1160.5171849427168	909.2504091653028	segmented_cell	cancer_core
TONIC_TMA15_R10C1	282.1666666666667	1403.450980392157	segmented_cell	cancer_core
TONIC_TMA15_R10C1	278.93364928909955	1789.824644549763	segmented_cell	cancer_core
TONIC_TMA15_R10C1	1184.808056872038	834.5473933649289	segmented_cell	cancer_core
TONIC_TMA15_R10C1	1540.9905838041432	819.7005649717514	segmented_cell	cancer_core
TONIC_TMA15_R10C1	1680.9701492537313	1004.8	segmented_cell	cancer_core
TONIC_TMA15_R10C1	1804.5450236966824	243.02369668246445	segmented_cell	cancer_core
TONIC_TMA15_R10C1	1809.5487603305785	670.0314049586777	segmented_cell	cancer_core
TONIC_TMA15_R10C1	1526.2818181818182	174.17727272727274	segmented_cell	cancer_core
TONIC_TMA15_R10C1	876.4269662921348	4.235955056179775	segmented_cell	cancer_core
TONIC_TMA15_R10C1	362.8	1375.7708333333333	segmented_cell	cancer_core
TONIC_TMA15_R10C1	837.9349593495934	1492.0894308943089	segmented_cell	cancer_core
TONIC_TMA15_R10C1	28.647783251231527	1295.3620689655172	segmented_cell	cancer_core
TONIC_TMA15_R10C1	318.41316526610643	1256.2983193277312	segmented_cell	cancer_core
TONIC_TMA15_R10C1	434.6440957886044	1876.8274153592072	segmented_cell	cancer_core
TONIC_TMA15_R10C1	1883.0939393939395	1231.290909090909	segmented_cell	cancer_core
TONIC_TMA15_R10C1	1776.2245989304813	333.64973262032083	segmented_cell	cancer_core
TONIC_TMA15_R10C1	320.3176470588235	1508.9364705882354	segmented_cell	cancer_core
TONIC_TMA15_R10C1	1878.3014256619144	679.4643584521385	segmented_cell	stroma_border
TONIC_TMA15_R10C1	185.83947939262472	1584.6681127982647	segmented_cell	cancer_core
TONIC_TMA15_R10C1	1723.1107142857145	1397.482142857143	segmented_cell	cancer_core
TONIC_TMA15_R10C1	1105.5438356164384	151.71917808219175	segmented_cell	cancer_core
TONIC_TMA15_R10C1	79.90625	1265.0104166666667	segmented_cell	cancer_core
TONIC_TMA15_R10C1	309.0282485875706	1327.683615819209	segmented_cell	cancer_core
TONIC_TMA15_R10C1	802.688524590164	784.655737704918	segmented_cell	cancer_core
TONIC_TMA15_R10C1	1037.1978798586572	614.2844522968198	segmented_cell	cancer_core
TONIC_TMA15_R10C1	368.9664268585132	1786.2434052757794	segmented_cell	cancer_core
TONIC_TMA15_R10C1	1633.9668246445497	52.127962085308056	segmented_cell	cancer_core
TONIC_TMA15_R10C1	1770.3076923076924	234.4008097165992	segmented_cell	cancer_core
TONIC_TMA15_R10C1	1403.433356594557	1419.2826238660157	segmented_cell	cancer_border
TONIC_TMA15_R10C1	1065.4902597402595	2001.5292207792209	segmented_cell	cancer_core
TONIC_TMA15_R10C1	1538.521978021978	1720.5824175824175	segmented_cell	cancer_core
TONIC_TMA15_R10C1	306.2566371681416	1639.8849557522124	segmented_cell	cancer_core
TONIC_TMA15_R10C1	1261.758741258741	644.6923076923077	segmented_cell	cancer_core
TONIC_TMA15_R10C1	1951.0949367088608	289.73164556962024	segmented_cell	cancer_core
TONIC_TMA15_R10C1	1467.3130434782609	1310.5304347826086	segmented_cell	cancer_core
TONIC_TMA15_R10C1	672.7906137184116	995.9530685920578	segmented_cell	cancer_core
TONIC_TMA15_R10C1	676.7712609970674	253.16715542521996	segmented_cell	cancer_core
TONIC_TMA15_R10C1	394.9219512195122	253.5040650406504	segmented_cell	cancer_core
TONIC_TMA15_R10C1	433.2934131736527	1471.1676646706587	segmented_cell	cancer_core
TONIC_TMA15_R10C1	39.8732747804266	328.7515683814304	segmented_cell	cancer_core
TONIC_TMA15_R10C1	92.73444976076556	1595.0777511961724	segmented_cell	cancer_core
TONIC_TMA15_R10C1	1391.1412429378531	997.1355932203388	segmented_cell	cancer_core
TONIC_TMA15_R10C1	650.4831460674158	1450.887640449438	segmented_cell	cancer_core
TONIC_TMA15_R10C1	1484.7691415313225	821.2853828306264	segmented_cell	cancer_core
TONIC_TMA15_R10C1	111.0	1934.368421052632	segmented_cell	cancer_core
TONIC_TMA15_R10C1	974.6608391608391	1887.241258741259	segmented_cell	cancer_core
TONIC_TMA15_R10C1	897.0338983050848	1289.5830508474576	segmented_cell	cancer_core
TONIC_TMA15_R10C1	1398.481012658228	1062.8544303797469	segmented_cell	cancer_core
TONIC_TMA15_R10C1	1631.9389312977098	1735.0229007633588	segmented_cell	cancer_border
TONIC_TMA15_R10C1	1772.5396825396826	1496.1253968253968	segmented_cell	cancer_core
TONIC_TMA15_R10C1	2034.5861244019136	1619.549043062201	segmented_cell	cancer_core
TONIC_TMA15_R10C1	107.4737532808399	588.7401574803149	segmented_cell	cancer_core
TONIC_TMA15_R10C1	1933.962722852512	1393.8573743922204	segmented_cell	cancer_core
TONIC_TMA15_R10C1	909.0592105263158	1202.1118421052631	segmented_cell	cancer_core
TONIC_TMA15_R10C1	947.8107416879795	1366.8657289002558	segmented_cell	cancer_core
TONIC_TMA15_R10C1	1935.250925925926	356.8435185185185	segmented_cell	cancer_core
TONIC_TMA15_R10C1	979.762219286658	74.45706737120211	segmented_cell	cancer_core
TONIC_TMA15_R10C1	1995.446469248292	1069.7198177676537	segmented_cell	cancer_core
TONIC_TMA15_R10C1	1809.341059602649	1408.953642384106	segmented_cell	cancer_border
TONIC_TMA15_R10C1	1139.6022514071294	633.812382739212	segmented_cell	cancer_core
TONIC_TMA15_R10C1	844.2035087719298	1922.2421052631576	segmented_cell	cancer_core
TONIC_TMA15_R10C1	256.32544378698225	972.198224852071	segmented_cell	cancer_core
TONIC_TMA15_R10C1	704.0257575757576	1099.5924242424242	segmented_cell	cancer_core
TONIC_TMA15_R10C1	885.3592715231788	1154.0794701986756	segmented_cell	cancer_core
TONIC_TMA15_R10C1	316.7523510971787	25.25078369905956	segmented_cell	cancer_core
TONIC_TMA15_R10C1	726.8466981132076	68.4127358490566	segmented_cell	cancer_core
TONIC_TMA15_R10C1	269.7142857142857	906.5091575091576	segmented_cell	cancer_core
TONIC_TMA15_R10C1	518.5067437379577	256.728323699422	segmented_cell	cancer_core
TONIC_TMA15_R10C1	2004.6426116838488	199.34707903780068	segmented_cell	cancer_core
TONIC_TMA15_R10C1	477.4297658862876	460.6471571906354	segmented_cell	cancer_core
TONIC_TMA15_R10C1	1766.4227272727271	459.26969696969695	segmented_cell	cancer_core
TONIC_TMA15_R10C1	1192.877192982456	1905.5538847117796	segmented_cell	cancer_core
TONIC_TMA15_R10C1	445.2380952380952	636.5742296918768	segmented_cell	cancer_core
TONIC_TMA15_R10C1	209.41871921182263	1366.1699507389162	segmented_cell	cancer_core
TONIC_TMA15_R10C1	1005.7413793103448	742.8891625615763	segmented_cell	cancer_core
TONIC_TMA15_R10C1	1554.816091954023	1772.728448275862	segmented_cell	cancer_border
TONIC_TMA15_R10C1	133.75655430711612	1733.0	segmented_cell	cancer_core
TONIC_TMA15_R10C1	18.64761904761905	923.1028571428571	segmented_cell	cancer_core
TONIC_TMA15_R10C1	951.6267281105992	1436.447004608295	segmented_cell	cancer_core
TONIC_TMA15_R10C1	389.3338788870704	1935.729950900164	segmented_cell	cancer_core
TONIC_TMA15_R10C1	90.36132315521628	941.9465648854962	segmented_cell	cancer_core
TONIC_TMA15_R10C1	466.2795275590551	1279.4724409448818	segmented_cell	cancer_core
TONIC_TMA15_R10C1	891.2621951219512	1695.8963414634147	segmented_cell	cancer_core
TONIC_TMA15_R10C1	944.7178217821782	768.519801980198	segmented_cell	cancer_core
TONIC_TMA15_R10C1	488.3212341197822	685.8039927404718	segmented_cell	cancer_core
TONIC_TMA15_R10C1	461.7890625	1998.982421875	segmented_cell	cancer_core
TONIC_TMA15_R10C1	1507.9771784232364	793.3174273858921	segmented_cell	cancer_core
TONIC_TMA15_R10C1	508.6233611442193	760.5554231227652	segmented_cell	cancer_border
TONIC_TMA15_R10C1	730.9979166666667	1907.9958333333332	segmented_cell	cancer_core
TONIC_TMA15_R10C1	175.08111888111887	937.1902097902098	segmented_cell	cancer_core
TONIC_TMA15_R10C1	2006.4135702746364	272.2358642972536	segmented_cell	cancer_core
TONIC_TMA15_R10C1	349.9290322580645	1805.467741935484	segmented_cell	cancer_core
TONIC_TMA15_R10C1	826.4877384196185	1802.9468664850133	segmented_cell	cancer_core
TONIC_TMA15_R10C1	948.9866518353726	1950.5372636262516	segmented_cell	cancer_core
TONIC_TMA15_R10C1	826.2567567567568	527.2635135135135	segmented_cell	cancer_core
TONIC_TMA15_R10C1	1910.0696324951643	438.2050290135397	segmented_cell	cancer_core
TONIC_TMA15_R10C1	826.2893772893773	1930.736263736264	segmented_cell	cancer_core
TONIC_TMA15_R10C1	954.9780564263324	1065.0783699059562	segmented_cell	cancer_core
TONIC_TMA15_R10C1	1957.284753363229	22.109865470852014	segmented_cell	cancer_core
TONIC_TMA15_R10C1	722.7661141804788	1193.3867403314916	segmented_cell	cancer_core
TONIC_TMA15_R10C1	167.6172638436482	497.4413680781759	segmented_cell	cancer_core
TONIC_TMA15_R10C1	141.615	1237.63	segmented_cell	cancer_core
TONIC_TMA15_R10C1	737.8965517241379	924.103448275862	segmented_cell	cancer_core
TONIC_TMA15_R10C1	38.94838709677419	681.016129032258	segmented_cell	cancer_core
TONIC_TMA15_R10C1	846.5916114790286	596.4812362030905	segmented_cell	cancer_core
TONIC_TMA15_R10C1	739.8704663212435	1168.082901554404	segmented_cell	cancer_core
TONIC_TMA15_R10C1	363.0154639175258	1103.4819587628865	segmented_cell	cancer_core
TONIC_TMA15_R10C1	1952.0071942446043	780.1007194244604	segmented_cell	cancer_border
TONIC_TMA15_R10C1	1532.4185733512786	37.54508748317631	segmented_cell	cancer_core
TONIC_TMA15_R10C1	1964.1655172413796	1968.3724137931035	segmented_cell	cancer_core
TONIC_TMA15_R10C1	1284.9452736318408	511.0696517412935	segmented_cell	cancer_border
TONIC_TMA15_R10C1	1244.75	1087.6733193277312	segmented_cell	cancer_core
TONIC_TMA15_R10C1	2005.8399390243903	1858.1753048780488	segmented_cell	cancer_core
TONIC_TMA15_R10C1	1725.829906542056	1620.992523364486	segmented_cell	cancer_core
TONIC_TMA15_R10C1	1340.5139784946236	899.9268817204301	segmented_cell	cancer_core
TONIC_TMA15_R10C1	1374.6735668789809	16.97452229299363	segmented_cell	cancer_core
TONIC_TMA15_R10C1	384.3423913043478	1896.8369565217392	segmented_cell	cancer_core
TONIC_TMA15_R10C1	1714.378698224852	588.4733727810651	segmented_cell	cancer_core
TONIC_TMA15_R10C1	303.4491315136476	1499.2555831265508	segmented_cell	cancer_core
TONIC_TMA15_R10C1	773.3779264214047	1252.9732441471572	segmented_cell	cancer_core
TONIC_TMA15_R10C1	1690.5054945054944	1585.124542124542	segmented_cell	cancer_core
TONIC_TMA15_R10C1	1049.6726618705036	65.56115107913669	segmented_cell	cancer_core
TONIC_TMA15_R10C1	357.9858490566038	78.2122641509434	segmented_cell	cancer_core
TONIC_TMA15_R10C1	1360.7350157728706	1921.192429022082	segmented_cell	cancer_core
TONIC_TMA15_R10C1	666.7633824670287	23.14041892940264	segmented_cell	cancer_core
TONIC_TMA15_R10C1	1988.497695852535	1206.7281105990785	segmented_cell	cancer_core
TONIC_TMA15_R10C1	1364.4561403508771	825.8997493734336	segmented_cell	cancer_core
TONIC_TMA15_R10C1	554.4145077720207	1111.875647668394	segmented_cell	cancer_core
TONIC_TMA15_R10C1	272.77092511013217	480.1740088105727	segmented_cell	cancer_core
TONIC_TMA15_R10C1	56.21617293835068	1538.6957566052845	segmented_cell	cancer_core
TONIC_TMA15_R10C1	719.3387096774194	1714.8279569892472	segmented_cell	cancer_core
TONIC_TMA15_R10C1	1463.7331606217615	380.78756476683935	segmented_cell	cancer_core
TONIC_TMA15_R10C1	856.8639240506329	1846.5569620253164	segmented_cell	cancer_core
TONIC_TMA15_R10C1	593.989847715736	532.1472081218274	segmented_cell	cancer_core
TONIC_TMA15_R10C1	2041.064516129032	707.6451612903226	segmented_cell	cancer_core
TONIC_TMA15_R10C1	448.7587786259542	1151.4625954198473	segmented_cell	cancer_core
TONIC_TMA15_R10C1	720.0790884718499	302.01876675603216	segmented_cell	cancer_core
TONIC_TMA15_R10C1	1924.1969504447268	1207.2782719186785	segmented_cell	cancer_core
TONIC_TMA15_R10C1	1210.1671232876713	457.5150684931507	segmented_cell	cancer_core
TONIC_TMA15_R10C1	96.2189349112426	53.976331360946745	segmented_cell	cancer_core
TONIC_TMA15_R10C1	1729.61396011396	1561.5470085470083	segmented_cell	cancer_core
TONIC_TMA15_R10C1	455.1441717791411	1852.9539877300613	segmented_cell	cancer_core
TONIC_TMA15_R10C1	1109.355106888361	996.937054631829	segmented_cell	cancer_core
TONIC_TMA15_R10C1	615.364953886693	1634.7878787878788	segmented_cell	cancer_core
TONIC_TMA15_R10C1	65.73195876288659	155.72164948453607	segmented_cell	cancer_core
TONIC_TMA15_R10C1	696.6647058823529	747.8882352941176	segmented_cell	cancer_core
TONIC_TMA15_R10C1	829.6415584415585	945.2415584415584	segmented_cell	cancer_core
TONIC_TMA15_R10C1	1621.485903814262	67.4759535655058	segmented_cell	cancer_core
TONIC_TMA15_R10C1	642.525	375.3041666666667	segmented_cell	cancer_border
TONIC_TMA15_R10C1	9.026717557251908	2040.8740458015268	segmented_cell	cancer_core
TONIC_TMA15_R10C1	1069.8666666666666	1845.009523809524	segmented_cell	cancer_core
TONIC_TMA15_R10C1	1928.5052316890883	497.1255605381166	segmented_cell	cancer_core
TONIC_TMA15_R10C1	818.8565121412804	1648.273730684327	segmented_cell	cancer_core
TONIC_TMA15_R10C1	1088.8058551617871	1824.4375963020032	segmented_cell	cancer_core
TONIC_TMA15_R10C1	1854.2184971098263	341.4173410404624	segmented_cell	cancer_core
TONIC_TMA15_R10C1	1861.4017857142856	4.75	segmented_cell	cancer_core
TONIC_TMA15_R10C1	717.1735241502683	139.86940966010732	segmented_cell	cancer_core
TONIC_TMA15_R10C1	812.4861660079051	402.27009222661394	segmented_cell	cancer_core
TONIC_TMA15_R10C1	1241.8930817610062	1461.248427672956	segmented_cell	cancer_core
TONIC_TMA15_R10C1	1693.9160419790103	660.2488755622189	segmented_cell	cancer_core
TONIC_TMA15_R10C1	766.2018140589569	1802.555555555556	segmented_cell	cancer_core
TONIC_TMA15_R10C1	1455.9893617021276	684.8936170212766	segmented_cell	cancer_core
TONIC_TMA15_R10C1	1038.146694214876	919.5785123966942	segmented_cell	cancer_core
TONIC_TMA15_R10C1	1606.9863636363636	698.8045454545454	segmented_cell	cancer_core
TONIC_TMA15_R10C1	1930.768715083799	1827.1597765363128	segmented_cell	cancer_core
TONIC_TMA15_R10C1	398.03903903903904	1700.4124124124123	segmented_cell	cancer_core
TONIC_TMA15_R10C1	1508.75	978.8285714285714	segmented_cell	cancer_core
TONIC_TMA15_R10C1	1084.0560975609756	789.0317073170731	segmented_cell	cancer_core
TONIC_TMA15_R10C1	1630.5214285714285	870.2339285714286	segmented_cell	cancer_core
TONIC_TMA15_R10C1	1238.7148148148149	1498.4296296296295	segmented_cell	cancer_core
TONIC_TMA15_R10C1	1482.573463935886	403.5084594835263	segmented_cell	cancer_core
TONIC_TMA15_R10C1	1412.0731707317073	1762.2213883677298	segmented_cell	cancer_border
TONIC_TMA15_R10C1	982.4814814814816	103.49382716049382	segmented_cell	cancer_core
TONIC_TMA15_R10C1	853.6283422459893	1582.3395721925133	segmented_cell	cancer_core
TONIC_TMA15_R10C1	1618.022824536377	125.8074179743224	segmented_cell	cancer_core
TONIC_TMA15_R10C1	558.3506787330317	448.6447963800905	segmented_cell	cancer_core
TONIC_TMA15_R10C1	1981.25	1842.464488636364	segmented_cell	cancer_core
TONIC_TMA15_R10C1	1598.856427378965	523.1969949916528	segmented_cell	cancer_core
TONIC_TMA15_R10C1	1964.765663140765	1589.1619202603742	segmented_cell	cancer_core
TONIC_TMA15_R10C1	975.9054054054054	350.5518018018018	segmented_cell	stroma_border
TONIC_TMA15_R10C1	637.0108695652174	1111.3260869565215	segmented_cell	cancer_core
TONIC_TMA15_R10C1	1626.9027027027028	424.3243243243243	segmented_cell	cancer_core
TONIC_TMA15_R10C1	1245.1548295454545	1661.8068181818182	segmented_cell	cancer_core
TONIC_TMA15_R10C1	876.7242990654206	784.0280373831775	segmented_cell	cancer_core
TONIC_TMA15_R10C1	551.8306306306306	242.42162162162165	segmented_cell	cancer_core
TONIC_TMA15_R10C1	758.6621621621622	774.0212355212356	segmented_cell	cancer_core
TONIC_TMA15_R10C1	597.2352941176471	31.14027149321267	segmented_cell	cancer_core
TONIC_TMA15_R10C1	805.6116071428571	972.2098214285714	segmented_cell	cancer_core
TONIC_TMA15_R10C1	1759.7033976124883	1414.5987144168962	segmented_cell	cancer_core
TONIC_TMA15_R10C1	1195.9488847583643	1334.8345724907065	segmented_cell	cancer_core
TONIC_TMA15_R10C1	26.76622039134913	1454.3192584963954	segmented_cell	cancer_core
TONIC_TMA15_R10C1	588.4527687296417	1990.14332247557	segmented_cell	cancer_core
TONIC_TMA15_R10C1	1621.433962264151	1136.3207547169811	segmented_cell	cancer_core
TONIC_TMA15_R10C1	1161.2115384615386	1983.5817307692307	segmented_cell	cancer_core
TONIC_TMA15_R10C1	1471.1197604790418	1794.0179640718563	segmented_cell	cancer_border
TONIC_TMA15_R10C1	666.6541218637993	1864.7240143369177	segmented_cell	cancer_core
TONIC_TMA15_R10C1	704.4395973154362	1665.0570469798658	segmented_cell	cancer_core
TONIC_TMA15_R10C1	1956.941860465116	575.0764119601329	segmented_cell	cancer_core
TONIC_TMA15_R10C1	1555.7199017199018	377.5724815724816	segmented_cell	cancer_core
TONIC_TMA15_R10C1	517.4846625766871	70.90184049079754	segmented_cell	cancer_core
TONIC_TMA15_R10C1	1236.5083459787556	1312.3034901365706	segmented_cell	cancer_core
TONIC_TMA15_R10C1	1543.42671009772	1926.8501628664492	segmented_cell	cancer_border
TONIC_TMA15_R10C1	784.0568181818181	812.4147727272727	segmented_cell	cancer_core
TONIC_TMA15_R10C1	1032.5957066189624	1654.6046511627908	segmented_cell	cancer_core
TONIC_TMA15_R10C1	1945.219895287958	647.933682373473	segmented_cell	cancer_core
TONIC_TMA15_R10C1	1863.442675159236	1131.5445859872611	segmented_cell	cancer_core
TONIC_TMA15_R10C1	578.69918699187	195.59349593495932	segmented_cell	cancer_core
TONIC_TMA15_R10C1	772.0763723150358	2013.241050119332	segmented_cell	cancer_core
TONIC_TMA15_R10C1	959.1403762662808	451.5918958031838	segmented_cell	stroma_border
TONIC_TMA15_R10C1	800.5527950310559	1651.7287784679088	segmented_cell	cancer_core
TONIC_TMA15_R10C1	1555.8155080213903	433.8618538324421	segmented_cell	cancer_core
TONIC_TMA15_R10C1	2044.425	1272.5	segmented_cell	cancer_core
TONIC_TMA15_R10C1	1059.341911764706	531.9669117647059	segmented_cell	cancer_core
TONIC_TMA15_R10C1	400.7352941176471	804.5450980392156	segmented_cell	cancer_border
TONIC_TMA15_R10C1	886.264116575592	1182.375227686703	segmented_cell	cancer_core
TONIC_TMA15_R10C1	373.364434687157	1352.8726673984631	segmented_cell	cancer_core
TONIC_TMA15_R10C1	993.3636363636364	1824.2727272727277	segmented_cell	cancer_core
TONIC_TMA15_R10C1	541.3496932515337	809.4386503067485	segmented_cell	cancer_border
TONIC_TMA15_R10C1	1907.5202156334235	2041.4690026954177	segmented_cell	cancer_core
TONIC_TMA15_R10C1	659.4324324324324	160.73423423423424	segmented_cell	cancer_core
TONIC_TMA15_R10C1	1894.1405835543767	27.907161803713528	segmented_cell	cancer_core
TONIC_TMA15_R10C1	1915.5388059701493	1417.5223880597016	segmented_cell	cancer_core
TONIC_TMA15_R10C1	944.9084745762711	1130.6983050847457	segmented_cell	cancer_core
TONIC_TMA15_R10C1	1225.080808080808	993.0505050505052	segmented_cell	cancer_core
TONIC_TMA15_R10C1	1266.6514745308311	361.0348525469169	segmented_cell	cancer_core
TONIC_TMA15_R10C1	1223.0615384615385	453.18461538461537	segmented_cell	cancer_core
TONIC_TMA15_R10C1	1586.1735537190082	62.97107438016529	segmented_cell	cancer_core
TONIC_TMA15_R10C1	609.5518134715026	284.9740932642487	segmented_cell	cancer_core
TONIC_TMA15_R10C1	1724.3306451612902	753.8870967741935	segmented_cell	cancer_core
TONIC_TMA15_R10C1	1697.2692307692307	312.9173076923077	segmented_cell	cancer_core
TONIC_TMA15_R10C1	121.94307561597282	700.3135089209856	segmented_cell	cancer_core
TONIC_TMA15_R10C1	86.70120898100173	818.4507772020726	segmented_cell	cancer_core
TONIC_TMA15_R10C1	1342.0666666666666	223.95111111111112	segmented_cell	cancer_core
TONIC_TMA15_R10C1	8.467455621301776	1650.4260355029585	segmented_cell	cancer_core
TONIC_TMA15_R10C1	1248.25	209.0185185185185	segmented_cell	cancer_core
TONIC_TMA15_R10C1	396.07608695652175	1486.840579710145	segmented_cell	cancer_core
TONIC_TMA15_R10C1	539.731441048035	1524.2227074235807	segmented_cell	cancer_core
TONIC_TMA15_R10C1	428.0827922077922	1380.4431818181818	segmented_cell	cancer_core
